"unitid","institution name","year","HD2023.State abbreviation","HD2023.Bureau of Economic Analysis (BEA) regions"
"100654","Alabama A & M University","2023","Alabama","Southeast (AL, AR, FL, GA, KY, LA, MS, NC, SC, TN, VA, WV)"
"100663","University of Alabama at Birmingham","2023","Alabama","Southeast (AL, AR, FL, GA, KY, LA, MS, NC, SC, TN, VA, WV)"
"100690","Amridge University","2023","Alabama","Southeast (AL, AR, FL, GA, KY, LA, MS, NC, SC, TN, VA, WV)"
"100706","University of Alabama in Huntsville","2023","Alabama","Southeast (AL, AR, FL, GA, KY, LA, MS, NC, SC, TN, VA, WV)"
"100724","Alabama State University","2023","Alabama","Southeast (AL, AR, FL, GA, KY, LA, MS, NC, SC, TN, VA, WV)"
"100733","University of Alabama System Office","2023","Alabama","Southeast (AL, AR, FL, GA, KY, LA, MS, NC, SC, TN, VA, WV)"
"100751","The University of Alabama","2023","Alabama","Southeast (AL, AR, FL, GA, KY, LA, MS, NC, SC, TN, VA, WV)"
"100760","Central Alabama Community College","2023","Alabama","Southeast (AL, AR, FL, GA, KY, LA, MS, NC, SC, TN, VA, WV)"
"100812","Athens State University","2023","Alabama","Southeast (AL, AR, FL, GA, KY, LA, MS, NC, SC, TN, VA, WV)"
"100830","Auburn University at Montgomery","2023","Alabama","Southeast (AL, AR, FL, GA, KY, LA, MS, NC, SC, TN, VA, WV)"
"100858","Auburn University","2023","Alabama","Southeast (AL, AR, FL, GA, KY, LA, MS, NC, SC, TN, VA, WV)"
"100937","Birmingham-Southern College","2023","Alabama","Southeast (AL, AR, FL, GA, KY, LA, MS, NC, SC, TN, VA, WV)"
"101028","Chattahoochee Valley Community College","2023","Alabama","Southeast (AL, AR, FL, GA, KY, LA, MS, NC, SC, TN, VA, WV)"
"101116","South University-Montgomery","2023","Alabama","Southeast (AL, AR, FL, GA, KY, LA, MS, NC, SC, TN, VA, WV)"
"101143","Enterprise State Community College","2023","Alabama","Southeast (AL, AR, FL, GA, KY, LA, MS, NC, SC, TN, VA, WV)"
"101161","Coastal Alabama Community College","2023","Alabama","Southeast (AL, AR, FL, GA, KY, LA, MS, NC, SC, TN, VA, WV)"
"101189","Faulkner University","2023","Alabama","Southeast (AL, AR, FL, GA, KY, LA, MS, NC, SC, TN, VA, WV)"
"101240","Gadsden State Community College","2023","Alabama","Southeast (AL, AR, FL, GA, KY, LA, MS, NC, SC, TN, VA, WV)"
"101277","New Beginning College of Cosmetology","2023","Alabama","Southeast (AL, AR, FL, GA, KY, LA, MS, NC, SC, TN, VA, WV)"
"101286","George C Wallace Community College-Dothan","2023","Alabama","Southeast (AL, AR, FL, GA, KY, LA, MS, NC, SC, TN, VA, WV)"
"101295","George C Wallace State Community College-Hanceville","2023","Alabama","Southeast (AL, AR, FL, GA, KY, LA, MS, NC, SC, TN, VA, WV)"
"101301","George C Wallace State Community College-Selma","2023","Alabama","Southeast (AL, AR, FL, GA, KY, LA, MS, NC, SC, TN, VA, WV)"
"101365","Herzing University-Birmingham","2023","Alabama","Southeast (AL, AR, FL, GA, KY, LA, MS, NC, SC, TN, VA, WV)"
"101435","Huntingdon College","2023","Alabama","Southeast (AL, AR, FL, GA, KY, LA, MS, NC, SC, TN, VA, WV)"
"101453","Heritage Christian University","2023","Alabama","Southeast (AL, AR, FL, GA, KY, LA, MS, NC, SC, TN, VA, WV)"
"101462","J. F. Drake State Community and Technical College","2023","Alabama","Southeast (AL, AR, FL, GA, KY, LA, MS, NC, SC, TN, VA, WV)"
"101471","J F Ingram State Technical College","2023","Alabama","Southeast (AL, AR, FL, GA, KY, LA, MS, NC, SC, TN, VA, WV)"
"101480","Jacksonville State University","2023","Alabama","Southeast (AL, AR, FL, GA, KY, LA, MS, NC, SC, TN, VA, WV)"
"101505","Jefferson State Community College","2023","Alabama","Southeast (AL, AR, FL, GA, KY, LA, MS, NC, SC, TN, VA, WV)"
"101514","John C Calhoun State Community College","2023","Alabama","Southeast (AL, AR, FL, GA, KY, LA, MS, NC, SC, TN, VA, WV)"
"101569","Lawson State Community College","2023","Alabama","Southeast (AL, AR, FL, GA, KY, LA, MS, NC, SC, TN, VA, WV)"
"101587","University of West Alabama","2023","Alabama","Southeast (AL, AR, FL, GA, KY, LA, MS, NC, SC, TN, VA, WV)"
"101602","Lurleen B Wallace Community College","2023","Alabama","Southeast (AL, AR, FL, GA, KY, LA, MS, NC, SC, TN, VA, WV)"
"101648","Marion Military Institute","2023","Alabama","Southeast (AL, AR, FL, GA, KY, LA, MS, NC, SC, TN, VA, WV)"
"101675","Miles College","2023","Alabama","Southeast (AL, AR, FL, GA, KY, LA, MS, NC, SC, TN, VA, WV)"
"101693","University of Mobile","2023","Alabama","Southeast (AL, AR, FL, GA, KY, LA, MS, NC, SC, TN, VA, WV)"
"101709","University of Montevallo","2023","Alabama","Southeast (AL, AR, FL, GA, KY, LA, MS, NC, SC, TN, VA, WV)"
"101736","Northwest Shoals Community College","2023","Alabama","Southeast (AL, AR, FL, GA, KY, LA, MS, NC, SC, TN, VA, WV)"
"101879","University of North Alabama","2023","Alabama","Southeast (AL, AR, FL, GA, KY, LA, MS, NC, SC, TN, VA, WV)"
"101897","Northeast Alabama Community College","2023","Alabama","Southeast (AL, AR, FL, GA, KY, LA, MS, NC, SC, TN, VA, WV)"
"101912","Oakwood University","2023","Alabama","Southeast (AL, AR, FL, GA, KY, LA, MS, NC, SC, TN, VA, WV)"
"101994","Reid State Technical College","2023","Alabama","Southeast (AL, AR, FL, GA, KY, LA, MS, NC, SC, TN, VA, WV)"
"102030","Bishop State Community College","2023","Alabama","Southeast (AL, AR, FL, GA, KY, LA, MS, NC, SC, TN, VA, WV)"
"102049","Samford University","2023","Alabama","Southeast (AL, AR, FL, GA, KY, LA, MS, NC, SC, TN, VA, WV)"
"102058","Selma University","2023","Alabama","Southeast (AL, AR, FL, GA, KY, LA, MS, NC, SC, TN, VA, WV)"
"102067","Shelton State Community College","2023","Alabama","Southeast (AL, AR, FL, GA, KY, LA, MS, NC, SC, TN, VA, WV)"
"102076","Snead State Community College","2023","Alabama","Southeast (AL, AR, FL, GA, KY, LA, MS, NC, SC, TN, VA, WV)"
"102094","University of South Alabama","2023","Alabama","Southeast (AL, AR, FL, GA, KY, LA, MS, NC, SC, TN, VA, WV)"
"102234","Spring Hill College","2023","Alabama","Southeast (AL, AR, FL, GA, KY, LA, MS, NC, SC, TN, VA, WV)"
"102270","Stillman College","2023","Alabama","Southeast (AL, AR, FL, GA, KY, LA, MS, NC, SC, TN, VA, WV)"
"102298","Talladega College","2023","Alabama","Southeast (AL, AR, FL, GA, KY, LA, MS, NC, SC, TN, VA, WV)"
"102313","H Councill Trenholm State Community College","2023","Alabama","Southeast (AL, AR, FL, GA, KY, LA, MS, NC, SC, TN, VA, WV)"
"102368","Troy University","2023","Alabama","Southeast (AL, AR, FL, GA, KY, LA, MS, NC, SC, TN, VA, WV)"
"102377","Tuskegee University","2023","Alabama","Southeast (AL, AR, FL, GA, KY, LA, MS, NC, SC, TN, VA, WV)"
"102395","United States Sports Academy","2023","Alabama","Southeast (AL, AR, FL, GA, KY, LA, MS, NC, SC, TN, VA, WV)"
"102429","Bevill State Community College","2023","Alabama","Southeast (AL, AR, FL, GA, KY, LA, MS, NC, SC, TN, VA, WV)"
"102553","University of Alaska Anchorage","2023","Alaska","Far West (AK, CA, HI, NV, OR, WA)"
"102580","Alaska Bible College","2023","Alaska","Far West (AK, CA, HI, NV, OR, WA)"
"102614","University of Alaska Fairbanks","2023","Alaska","Far West (AK, CA, HI, NV, OR, WA)"
"102632","University of Alaska Southeast","2023","Alaska","Far West (AK, CA, HI, NV, OR, WA)"
"102669","Alaska Pacific University","2023","Alaska","Far West (AK, CA, HI, NV, OR, WA)"
"102711","Alaska Vocational Technical Center","2023","Alaska","Far West (AK, CA, HI, NV, OR, WA)"
"102845","Charter College","2023","Alaska","Far West (AK, CA, HI, NV, OR, WA)"
"103501","Alaska Career College","2023","Alaska","Far West (AK, CA, HI, NV, OR, WA)"
"103529","University of Alaska System of Higher Education","2023","Alaska","Far West (AK, CA, HI, NV, OR, WA)"
"103741","Empire Beauty School-Tucson","2023","Arizona","Southwest (AZ, NM, OK, TX)"
"103893","Carrington College-Phoenix North","2023","Arizona","Southwest (AZ, NM, OK, TX)"
"103909","Carrington College-Mesa","2023","Arizona","Southwest (AZ, NM, OK, TX)"
"103927","Carrington College-Tucson","2023","Arizona","Southwest (AZ, NM, OK, TX)"
"103954","Arizona Academy of Beauty","2023","Arizona","Southwest (AZ, NM, OK, TX)"
"103963","Miller-Motte College-Arizona Automotive Institute","2023","Arizona","Southwest (AZ, NM, OK, TX)"
"104090","Brookline College-Phoenix","2023","Arizona","Southwest (AZ, NM, OK, TX)"
"104151","Arizona State University Campus Immersion","2023","Arizona","Southwest (AZ, NM, OK, TX)"
"104160","Arizona Western College","2023","Arizona","Southwest (AZ, NM, OK, TX)"
"104179","University of Arizona","2023","Arizona","Southwest (AZ, NM, OK, TX)"
"104346","Central Arizona College","2023","Arizona","Southwest (AZ, NM, OK, TX)"
"104391","Charles of Italy Beauty College","2023","Arizona","Southwest (AZ, NM, OK, TX)"
"104425","Cochise County Community College District","2023","Arizona","Southwest (AZ, NM, OK, TX)"
"104443","Empire Beauty School-Chandler","2023","Arizona","Southwest (AZ, NM, OK, TX)"
"104568","Avalon Institute-Mesa","2023","Arizona","Southwest (AZ, NM, OK, TX)"
"104577","Eastern Arizona College","2023","Arizona","Southwest (AZ, NM, OK, TX)"
"104586","Embry-Riddle Aeronautical University-Prescott","2023","Arizona","Southwest (AZ, NM, OK, TX)"
"104665","The School of Architecture","2023","Arizona","Southwest (AZ, NM, OK, TX)"
"104708","Glendale Community College","2023","Arizona","Southwest (AZ, NM, OK, TX)"
"104717","Grand Canyon University","2023","Arizona","Southwest (AZ, NM, OK, TX)"
"105136","Maricopa Community College System Office","2023","Arizona","Southwest (AZ, NM, OK, TX)"
"105145","GateWay Community College","2023","Arizona","Southwest (AZ, NM, OK, TX)"
"105154","Mesa Community College","2023","Arizona","Southwest (AZ, NM, OK, TX)"
"105206","Mohave Community College","2023","Arizona","Southwest (AZ, NM, OK, TX)"
"105215","Universal Technical Institute of Arizona Inc-Motorcycle Mechanics Institute Division","2023","Arizona","Southwest (AZ, NM, OK, TX)"
"105297","Dine College","2023","Arizona","Southwest (AZ, NM, OK, TX)"
"105330","Northern Arizona University","2023","Arizona","Southwest (AZ, NM, OK, TX)"
"105349","Northland Pioneer College","2023","Arizona","Southwest (AZ, NM, OK, TX)"
"105428","Phoenix College","2023","Arizona","Southwest (AZ, NM, OK, TX)"
"105525","Pima Community College","2023","Arizona","Southwest (AZ, NM, OK, TX)"
"105534","Pima Medical Institute-Tucson","2023","Arizona","Southwest (AZ, NM, OK, TX)"
"105543","Pima Medical Institute-Albuquerque","2023","New Mexico","Southwest (AZ, NM, OK, TX)"
"105589","Prescott College","2023","Arizona","Southwest (AZ, NM, OK, TX)"
"105659","Refrigeration School Inc","2023","Arizona","Southwest (AZ, NM, OK, TX)"
"105668","Rio Salado College","2023","Arizona","Southwest (AZ, NM, OK, TX)"
"105677","Roberto-Venn School of Luthiery","2023","Arizona","Southwest (AZ, NM, OK, TX)"
"105747","Scottsdale Community College","2023","Arizona","Southwest (AZ, NM, OK, TX)"
"105792","South Mountain Community College","2023","Arizona","Southwest (AZ, NM, OK, TX)"
"105899","Arizona Christian University","2023","Arizona","Southwest (AZ, NM, OK, TX)"
"106041","Universal Technical Institute of Arizona Inc","2023","Arizona","Southwest (AZ, NM, OK, TX)"
"106148","Yavapai College","2023","Arizona","Southwest (AZ, NM, OK, TX)"
"106245","University of Arkansas at Little Rock","2023","Arkansas","Southeast (AL, AR, FL, GA, KY, LA, MS, NC, SC, TN, VA, WV)"
"106263","University of Arkansas for Medical Sciences","2023","Arkansas","Southeast (AL, AR, FL, GA, KY, LA, MS, NC, SC, TN, VA, WV)"
"106306","Arkansas Baptist College","2023","Arkansas","Southeast (AL, AR, FL, GA, KY, LA, MS, NC, SC, TN, VA, WV)"
"106315","Arkansas Beauty School-Little Rock","2023","Arkansas","Southeast (AL, AR, FL, GA, KY, LA, MS, NC, SC, TN, VA, WV)"
"106324","Arkansas Beauty College","2023","Arkansas","Southeast (AL, AR, FL, GA, KY, LA, MS, NC, SC, TN, VA, WV)"
"106342","Lyon College","2023","Arkansas","Southeast (AL, AR, FL, GA, KY, LA, MS, NC, SC, TN, VA, WV)"
"106351","Arkansas Technical School","2023","Arkansas","Southeast (AL, AR, FL, GA, KY, LA, MS, NC, SC, TN, VA, WV)"
"106360","Arthur's Beauty College","2023","Arkansas","Southeast (AL, AR, FL, GA, KY, LA, MS, NC, SC, TN, VA, WV)"
"106397","University of Arkansas","2023","Arkansas","Southeast (AL, AR, FL, GA, KY, LA, MS, NC, SC, TN, VA, WV)"
"106412","University of Arkansas at Pine Bluff","2023","Arkansas","Southeast (AL, AR, FL, GA, KY, LA, MS, NC, SC, TN, VA, WV)"
"106449","Arkansas State University-Beebe","2023","Arkansas","Southeast (AL, AR, FL, GA, KY, LA, MS, NC, SC, TN, VA, WV)"
"106458","Arkansas State University","2023","Arkansas","Southeast (AL, AR, FL, GA, KY, LA, MS, NC, SC, TN, VA, WV)"
"106467","Arkansas Tech University","2023","Arkansas","Southeast (AL, AR, FL, GA, KY, LA, MS, NC, SC, TN, VA, WV)"
"106485","University of Arkansas at Monticello","2023","Arkansas","Southeast (AL, AR, FL, GA, KY, LA, MS, NC, SC, TN, VA, WV)"
"106494","Arthur's Beauty College","2023","Arkansas","Southeast (AL, AR, FL, GA, KY, LA, MS, NC, SC, TN, VA, WV)"
"106546","Baptist Health College Little Rock","2023","Arkansas","Southeast (AL, AR, FL, GA, KY, LA, MS, NC, SC, TN, VA, WV)"
"106625","Black River Technical College","2023","Arkansas","Southeast (AL, AR, FL, GA, KY, LA, MS, NC, SC, TN, VA, WV)"
"106704","University of Central Arkansas","2023","Arkansas","Southeast (AL, AR, FL, GA, KY, LA, MS, NC, SC, TN, VA, WV)"
"106713","Central Baptist College","2023","Arkansas","Southeast (AL, AR, FL, GA, KY, LA, MS, NC, SC, TN, VA, WV)"
"106795","Cossatot Community College of the University of Arkansas","2023","Arkansas","Southeast (AL, AR, FL, GA, KY, LA, MS, NC, SC, TN, VA, WV)"
"106810","Crowley's Ridge College","2023","Arkansas","Southeast (AL, AR, FL, GA, KY, LA, MS, NC, SC, TN, VA, WV)"
"106883","East Arkansas Community College","2023","Arkansas","Southeast (AL, AR, FL, GA, KY, LA, MS, NC, SC, TN, VA, WV)"
"106908","Paul Mitchell the School-Little Rock","2023","Arkansas","Southeast (AL, AR, FL, GA, KY, LA, MS, NC, SC, TN, VA, WV)"
"106980","National Park College","2023","Arkansas","Southeast (AL, AR, FL, GA, KY, LA, MS, NC, SC, TN, VA, WV)"
"106999","University of Arkansas Community College-Batesville","2023","Arkansas","Southeast (AL, AR, FL, GA, KY, LA, MS, NC, SC, TN, VA, WV)"
"107044","Harding University","2023","Arkansas","Southeast (AL, AR, FL, GA, KY, LA, MS, NC, SC, TN, VA, WV)"
"107071","Henderson State University","2023","Arkansas","Southeast (AL, AR, FL, GA, KY, LA, MS, NC, SC, TN, VA, WV)"
"107080","Hendrix College","2023","Arkansas","Southeast (AL, AR, FL, GA, KY, LA, MS, NC, SC, TN, VA, WV)"
"107099","Hot Springs Beauty College","2023","Arkansas","Southeast (AL, AR, FL, GA, KY, LA, MS, NC, SC, TN, VA, WV)"
"107123","Jefferson Regional School of Nursing","2023","Arkansas","Southeast (AL, AR, FL, GA, KY, LA, MS, NC, SC, TN, VA, WV)"
"107141","John Brown University","2023","Arkansas","Southeast (AL, AR, FL, GA, KY, LA, MS, NC, SC, TN, VA, WV)"
"107220","Career Academy of Hair Design","2023","Arkansas","Southeast (AL, AR, FL, GA, KY, LA, MS, NC, SC, TN, VA, WV)"
"107293","Academy of Salon and Spa","2023","Arkansas","Southeast (AL, AR, FL, GA, KY, LA, MS, NC, SC, TN, VA, WV)"
"107318","Arkansas State University Mid-South","2023","Arkansas","Southeast (AL, AR, FL, GA, KY, LA, MS, NC, SC, TN, VA, WV)"
"107327","Arkansas Northeastern College","2023","Arkansas","Southeast (AL, AR, FL, GA, KY, LA, MS, NC, SC, TN, VA, WV)"
"107442","New Tyler Barber College Inc","2023","Arkansas","Southeast (AL, AR, FL, GA, KY, LA, MS, NC, SC, TN, VA, WV)"
"107460","North Arkansas College","2023","Arkansas","Southeast (AL, AR, FL, GA, KY, LA, MS, NC, SC, TN, VA, WV)"
"107488","Northwest Technical Institute","2023","Arkansas","Southeast (AL, AR, FL, GA, KY, LA, MS, NC, SC, TN, VA, WV)"
"107512","Ouachita Baptist University","2023","Arkansas","Southeast (AL, AR, FL, GA, KY, LA, MS, NC, SC, TN, VA, WV)"
"107521","Arkansas State University Three Rivers","2023","Arkansas","Southeast (AL, AR, FL, GA, KY, LA, MS, NC, SC, TN, VA, WV)"
"107549","Ozarka College","2023","Arkansas","Southeast (AL, AR, FL, GA, KY, LA, MS, NC, SC, TN, VA, WV)"
"107558","University of the Ozarks","2023","Arkansas","Southeast (AL, AR, FL, GA, KY, LA, MS, NC, SC, TN, VA, WV)"
"107585","University of Arkansas Community College-Morrilton","2023","Arkansas","Southeast (AL, AR, FL, GA, KY, LA, MS, NC, SC, TN, VA, WV)"
"107600","Philander Smith University","2023","Arkansas","Southeast (AL, AR, FL, GA, KY, LA, MS, NC, SC, TN, VA, WV)"
"107619","Phillips Community College of the University of Arkansas","2023","Arkansas","Southeast (AL, AR, FL, GA, KY, LA, MS, NC, SC, TN, VA, WV)"
"107637","Southeast Arkansas College","2023","Arkansas","Southeast (AL, AR, FL, GA, KY, LA, MS, NC, SC, TN, VA, WV)"
"107655","University of Aesthetics & Cosmetology","2023","Arkansas","Southeast (AL, AR, FL, GA, KY, LA, MS, NC, SC, TN, VA, WV)"
"107664","University of Arkansas-Pulaski Technical College","2023","Arkansas","Southeast (AL, AR, FL, GA, KY, LA, MS, NC, SC, TN, VA, WV)"
"107725","University of Arkansas Hope-Texarkana","2023","Arkansas","Southeast (AL, AR, FL, GA, KY, LA, MS, NC, SC, TN, VA, WV)"
"107743","University of Arkansas Community College Rich Mountain","2023","Arkansas","Southeast (AL, AR, FL, GA, KY, LA, MS, NC, SC, TN, VA, WV)"
"107789","Paul Mitchell the School-Arkansas","2023","Arkansas","Southeast (AL, AR, FL, GA, KY, LA, MS, NC, SC, TN, VA, WV)"
"107831","Searcy Beauty College","2023","Arkansas","Southeast (AL, AR, FL, GA, KY, LA, MS, NC, SC, TN, VA, WV)"
"107840","Shorter College","2023","Arkansas","Southeast (AL, AR, FL, GA, KY, LA, MS, NC, SC, TN, VA, WV)"
"107877","Williams Baptist University","2023","Arkansas","Southeast (AL, AR, FL, GA, KY, LA, MS, NC, SC, TN, VA, WV)"
"107974","South Arkansas College","2023","Arkansas","Southeast (AL, AR, FL, GA, KY, LA, MS, NC, SC, TN, VA, WV)"
"107983","Southern Arkansas University Main Campus","2023","Arkansas","Southeast (AL, AR, FL, GA, KY, LA, MS, NC, SC, TN, VA, WV)"
"107992","Southern Arkansas University Tech","2023","Arkansas","Southeast (AL, AR, FL, GA, KY, LA, MS, NC, SC, TN, VA, WV)"
"108056","University of Arkansas System Office","2023","Arkansas","Southeast (AL, AR, FL, GA, KY, LA, MS, NC, SC, TN, VA, WV)"
"108065","Velvatex College of Beauty Culture","2023","Arkansas","Southeast (AL, AR, FL, GA, KY, LA, MS, NC, SC, TN, VA, WV)"
"108092","University of Arkansas-Fort Smith","2023","Arkansas","Southeast (AL, AR, FL, GA, KY, LA, MS, NC, SC, TN, VA, WV)"
"108232","Academy of Art University","2023","California","Far West (AK, CA, HI, NV, OR, WA)"
"108269","Academy of Chinese Culture and Health Sciences","2023","California","Far West (AK, CA, HI, NV, OR, WA)"
"108667","College of Alameda","2023","California","Far West (AK, CA, HI, NV, OR, WA)"
"108807","Allan Hancock College","2023","California","Far West (AK, CA, HI, NV, OR, WA)"
"108852","American Academy of Dramatic Arts-Los Angeles","2023","California","Far West (AK, CA, HI, NV, OR, WA)"
"108861","Berkeley School of Theology","2023","California","Far West (AK, CA, HI, NV, OR, WA)"
"108870","American Film Institute Conservatory","2023","California","Far West (AK, CA, HI, NV, OR, WA)"
"108977","American Beauty College","2023","California","Far West (AK, CA, HI, NV, OR, WA)"
"109040","American Career College-Los Angeles","2023","California","Far West (AK, CA, HI, NV, OR, WA)"
"109208","American River College","2023","California","Far West (AK, CA, HI, NV, OR, WA)"
"109350","Antelope Valley Community College District","2023","California","Far West (AK, CA, HI, NV, OR, WA)"
"109651","Art Center College of Design","2023","California","Far West (AK, CA, HI, NV, OR, WA)"
"109721","Associated Technical College-Los Angeles","2023","California","Far West (AK, CA, HI, NV, OR, WA)"
"109730","Associated Technical College-San Diego","2023","California","Far West (AK, CA, HI, NV, OR, WA)"
"109785","Azusa Pacific University","2023","California","Far West (AK, CA, HI, NV, OR, WA)"
"109819","Bakersfield College","2023","California","Far West (AK, CA, HI, NV, OR, WA)"
"109907","Barstow Community College","2023","California","Far West (AK, CA, HI, NV, OR, WA)"
"109934","Bellus Academy-Chula Vista","2023","California","Far West (AK, CA, HI, NV, OR, WA)"
"110060","Bethesda University","2023","California","Far West (AK, CA, HI, NV, OR, WA)"
"110097","Biola University","2023","California","Far West (AK, CA, HI, NV, OR, WA)"
"110194","Brownson Technical School","2023","California","Far West (AK, CA, HI, NV, OR, WA)"
"110219","Bryan University","2023","Arizona","Southwest (AZ, NM, OK, TX)"
"110246","Butte College","2023","California","Far West (AK, CA, HI, NV, OR, WA)"
"110316","California Institute of Integral Studies","2023","California","Far West (AK, CA, HI, NV, OR, WA)"
"110334","Cabrillo College","2023","California","Far West (AK, CA, HI, NV, OR, WA)"
"110361","California Baptist University","2023","California","Far West (AK, CA, HI, NV, OR, WA)"
"110370","California College of the Arts","2023","California","Far West (AK, CA, HI, NV, OR, WA)"
"110398","University of California College of the Law-San Francisco","2023","California","Far West (AK, CA, HI, NV, OR, WA)"
"110404","California Institute of Technology","2023","California","Far West (AK, CA, HI, NV, OR, WA)"
"110413","California Lutheran University","2023","California","Far West (AK, CA, HI, NV, OR, WA)"
"110422","California Polytechnic State University-San Luis Obispo","2023","California","Far West (AK, CA, HI, NV, OR, WA)"
"110468","Alliant International University-San Diego","2023","California","Far West (AK, CA, HI, NV, OR, WA)"
"110486","California State University-Bakersfield","2023","California","Far West (AK, CA, HI, NV, OR, WA)"
"110495","California State University-Stanislaus","2023","California","Far West (AK, CA, HI, NV, OR, WA)"
"110501","California State University-Chancellors Office","2023","California","Far West (AK, CA, HI, NV, OR, WA)"
"110510","California State University-San Bernardino","2023","California","Far West (AK, CA, HI, NV, OR, WA)"
"110529","California State Polytechnic University-Pomona","2023","California","Far West (AK, CA, HI, NV, OR, WA)"
"110538","California State University-Chico","2023","California","Far West (AK, CA, HI, NV, OR, WA)"
"110547","California State University-Dominguez Hills","2023","California","Far West (AK, CA, HI, NV, OR, WA)"
"110556","California State University-Fresno","2023","California","Far West (AK, CA, HI, NV, OR, WA)"
"110565","California State University-Fullerton","2023","California","Far West (AK, CA, HI, NV, OR, WA)"
"110574","California State University-East Bay","2023","California","Far West (AK, CA, HI, NV, OR, WA)"
"110583","California State University-Long Beach","2023","California","Far West (AK, CA, HI, NV, OR, WA)"
"110592","California State University-Los Angeles","2023","California","Far West (AK, CA, HI, NV, OR, WA)"
"110608","California State University-Northridge","2023","California","Far West (AK, CA, HI, NV, OR, WA)"
"110617","California State University-Sacramento","2023","California","Far West (AK, CA, HI, NV, OR, WA)"
"110635","University of California-Berkeley","2023","California","Far West (AK, CA, HI, NV, OR, WA)"
"110644","University of California-Davis","2023","California","Far West (AK, CA, HI, NV, OR, WA)"
"110653","University of California-Irvine","2023","California","Far West (AK, CA, HI, NV, OR, WA)"
"110662","University of California-Los Angeles","2023","California","Far West (AK, CA, HI, NV, OR, WA)"
"110671","University of California-Riverside","2023","California","Far West (AK, CA, HI, NV, OR, WA)"
"110680","University of California-San Diego","2023","California","Far West (AK, CA, HI, NV, OR, WA)"
"110699","University of California-San Francisco","2023","California","Far West (AK, CA, HI, NV, OR, WA)"
"110705","University of California-Santa Barbara","2023","California","Far West (AK, CA, HI, NV, OR, WA)"
"110714","University of California-Santa Cruz","2023","California","Far West (AK, CA, HI, NV, OR, WA)"
"110778","Sofia University","2023","California","Far West (AK, CA, HI, NV, OR, WA)"
"110875","California Beauty School","2023","California","Far West (AK, CA, HI, NV, OR, WA)"
"110918","California Christian College","2023","California","Far West (AK, CA, HI, NV, OR, WA)"
"111045","Haven University","2023","California","Far West (AK, CA, HI, NV, OR, WA)"
"111054","California Hair Design Academy","2023","California","Far West (AK, CA, HI, NV, OR, WA)"
"111081","California Institute of the Arts","2023","California","Far West (AK, CA, HI, NV, OR, WA)"
"111188","California State University Maritime Academy","2023","California","Far West (AK, CA, HI, NV, OR, WA)"
"111391","California Western School of Law","2023","California","Far West (AK, CA, HI, NV, OR, WA)"
"111434","Canada College","2023","California","Far West (AK, CA, HI, NV, OR, WA)"
"111461","College of the Canyons","2023","California","Far West (AK, CA, HI, NV, OR, WA)"
"111513","Career Academy of Beauty","2023","California","Far West (AK, CA, HI, NV, OR, WA)"
"111638","Casa Loma College-Los Angeles","2023","California","Far West (AK, CA, HI, NV, OR, WA)"
"111708","CET-San Diego","2023","California","Far West (AK, CA, HI, NV, OR, WA)"
"111717","CET-San Jose","2023","California","Far West (AK, CA, HI, NV, OR, WA)"
"111726","CET-El Centro","2023","California","Far West (AK, CA, HI, NV, OR, WA)"
"111744","CET-Colton","2023","California","Far West (AK, CA, HI, NV, OR, WA)"
"111762","CET-Watsonville","2023","California","Far West (AK, CA, HI, NV, OR, WA)"
"111799","CET-Salinas","2023","California","Far West (AK, CA, HI, NV, OR, WA)"
"111887","Cerritos College","2023","California","Far West (AK, CA, HI, NV, OR, WA)"
"111896","Cerro Coso Community College","2023","California","Far West (AK, CA, HI, NV, OR, WA)"
"111920","Chabot College","2023","California","Far West (AK, CA, HI, NV, OR, WA)"
"111939","Chaffey College","2023","California","Far West (AK, CA, HI, NV, OR, WA)"
"111948","Chapman University","2023","California","Far West (AK, CA, HI, NV, OR, WA)"
"111966","Charles R Drew University of Medicine and Science","2023","California","Far West (AK, CA, HI, NV, OR, WA)"
"112075","Concordia University-Irvine","2023","California","Far West (AK, CA, HI, NV, OR, WA)"
"112084","San Diego Christian College","2023","California","Far West (AK, CA, HI, NV, OR, WA)"
"112127","Church Divinity School of the Pacific","2023","California","Far West (AK, CA, HI, NV, OR, WA)"
"112172","Citrus College","2023","California","Far West (AK, CA, HI, NV, OR, WA)"
"112181","Citrus Heights Beauty College","2023","California","Far West (AK, CA, HI, NV, OR, WA)"
"112190","City College of San Francisco","2023","California","Far West (AK, CA, HI, NV, OR, WA)"
"112251","Claremont Graduate University","2023","California","Far West (AK, CA, HI, NV, OR, WA)"
"112260","Claremont McKenna College","2023","California","Far West (AK, CA, HI, NV, OR, WA)"
"112288","Milan Institute-Visalia","2023","California","Far West (AK, CA, HI, NV, OR, WA)"
"112367","Clovis Adult Education","2023","California","Far West (AK, CA, HI, NV, OR, WA)"
"112376","Coast Community College District Office","2023","California","Far West (AK, CA, HI, NV, OR, WA)"
"112385","Coastline Community College","2023","California","Far West (AK, CA, HI, NV, OR, WA)"
"112394","University of Silicon Valley","2023","California","Far West (AK, CA, HI, NV, OR, WA)"
"112455","Coba Academy","2023","California","Far West (AK, CA, HI, NV, OR, WA)"
"112525","Western University of Health Sciences","2023","California","Far West (AK, CA, HI, NV, OR, WA)"
"112561","Columbia College","2023","California","Far West (AK, CA, HI, NV, OR, WA)"
"112570","California College of ASU","2023","California","Far West (AK, CA, HI, NV, OR, WA)"
"112686","Compton College","2023","California","Far West (AK, CA, HI, NV, OR, WA)"
"112817","Contra Costa Community College District Office","2023","California","Far West (AK, CA, HI, NV, OR, WA)"
"112826","Contra Costa College","2023","California","Far West (AK, CA, HI, NV, OR, WA)"
"113096","Cosumnes River College","2023","California","Far West (AK, CA, HI, NV, OR, WA)"
"113111","Crafton Hills College","2023","California","Far West (AK, CA, HI, NV, OR, WA)"
"113193","Cuesta College","2023","California","Far West (AK, CA, HI, NV, OR, WA)"
"113218","Cuyamaca College","2023","California","Far West (AK, CA, HI, NV, OR, WA)"
"113236","Cypress College","2023","California","Far West (AK, CA, HI, NV, OR, WA)"
"113333","De Anza College","2023","California","Far West (AK, CA, HI, NV, OR, WA)"
"113449","International School of Beauty Inc","2023","California","Far West (AK, CA, HI, NV, OR, WA)"
"113537","Dell'Arte International School of Physical Theatre","2023","California","Far West (AK, CA, HI, NV, OR, WA)"
"113573","College of the Desert","2023","California","Far West (AK, CA, HI, NV, OR, WA)"
"113582","Design Institute of San Diego","2023","California","Far West (AK, CA, HI, NV, OR, WA)"
"113634","Diablo Valley College","2023","California","Far West (AK, CA, HI, NV, OR, WA)"
"113698","Dominican University of California","2023","California","Far West (AK, CA, HI, NV, OR, WA)"
"113704","Dominican School of Philosophy & Theology","2023","California","Far West (AK, CA, HI, NV, OR, WA)"
"113856","East Los Angeles College","2023","California","Far West (AK, CA, HI, NV, OR, WA)"
"113980","El Camino Community College District","2023","California","Far West (AK, CA, HI, NV, OR, WA)"
"114114","Emperor's College of Traditional Oriental Medicine","2023","California","Far West (AK, CA, HI, NV, OR, WA)"
"114123","Empire College","2023","California","Far West (AK, CA, HI, NV, OR, WA)"
"114266","Evergreen Valley College","2023","California","Far West (AK, CA, HI, NV, OR, WA)"
"114354","FIDM-Fashion Institute of Design & Merchandising","2023","California","Far West (AK, CA, HI, NV, OR, WA)"
"114433","Feather River Community College District","2023","California","Far West (AK, CA, HI, NV, OR, WA)"
"114460","Federico Beauty Institute","2023","California","Far West (AK, CA, HI, NV, OR, WA)"
"114549","Fielding Graduate University","2023","California","Far West (AK, CA, HI, NV, OR, WA)"
"114585","Five Branches University","2023","California","Far West (AK, CA, HI, NV, OR, WA)"
"114637","Redondo Beach Beauty College","2023","California","Far West (AK, CA, HI, NV, OR, WA)"
"114716","Foothill College","2023","California","Far West (AK, CA, HI, NV, OR, WA)"
"114734","Franciscan School of Theology","2023","California","Far West (AK, CA, HI, NV, OR, WA)"
"114761","Fredrick and Charles Beauty College","2023","California","Far West (AK, CA, HI, NV, OR, WA)"
"114789","Fresno City College","2023","California","Far West (AK, CA, HI, NV, OR, WA)"
"114813","Fresno Pacific University","2023","California","Far West (AK, CA, HI, NV, OR, WA)"
"114831","Foothill-De Anza Community College District","2023","California","Far West (AK, CA, HI, NV, OR, WA)"
"114840","Fuller Theological Seminary","2023","California","Far West (AK, CA, HI, NV, OR, WA)"
"114859","Fullerton College","2023","California","Far West (AK, CA, HI, NV, OR, WA)"
"114938","Gavilan College","2023","California","Far West (AK, CA, HI, NV, OR, WA)"
"114947","Gemological Institute of America-Carlsbad","2023","California","Far West (AK, CA, HI, NV, OR, WA)"
"115001","Glendale Community College","2023","California","Far West (AK, CA, HI, NV, OR, WA)"
"115010","Glendale Career College","2023","California","Far West (AK, CA, HI, NV, OR, WA)"
"115083","Golden Gate University","2023","California","Far West (AK, CA, HI, NV, OR, WA)"
"115126","Golden West College","2023","California","Far West (AK, CA, HI, NV, OR, WA)"
"115214","Graduate Theological Union","2023","California","Far West (AK, CA, HI, NV, OR, WA)"
"115287","Grossmont-Cuyamaca Community College District","2023","California","Far West (AK, CA, HI, NV, OR, WA)"
"115296","Grossmont College","2023","California","Far West (AK, CA, HI, NV, OR, WA)"
"115357","Salon Success Academy-Riverside","2023","California","Far West (AK, CA, HI, NV, OR, WA)"
"115393","Hartnell College","2023","California","Far West (AK, CA, HI, NV, OR, WA)"
"115409","Harvey Mudd College","2023","California","Far West (AK, CA, HI, NV, OR, WA)"
"115658","Hilltop Beauty School","2023","California","Far West (AK, CA, HI, NV, OR, WA)"
"115728","Holy Names University","2023","California","Far West (AK, CA, HI, NV, OR, WA)"
"115746","Pacifica Graduate Institute","2023","California","Far West (AK, CA, HI, NV, OR, WA)"
"115755","California State Polytechnic University-Humboldt","2023","California","Far West (AK, CA, HI, NV, OR, WA)"
"115773","Humphreys University-Stockton and Modesto Campuses","2023","California","Far West (AK, CA, HI, NV, OR, WA)"
"115861","Imperial Valley College","2023","California","Far West (AK, CA, HI, NV, OR, WA)"
"115931","Institute for Business and Technology","2023","California","Far West (AK, CA, HI, NV, OR, WA)"
"116226","Interior Designers Institute","2023","California","Far West (AK, CA, HI, NV, OR, WA)"
"116350","International School of Cosmetology","2023","California","Far West (AK, CA, HI, NV, OR, WA)"
"116439","Irvine Valley College","2023","California","Far West (AK, CA, HI, NV, OR, WA)"
"116563","Bellus Academy-El Cajon","2023","California","Far West (AK, CA, HI, NV, OR, WA)"
"116846","American Jewish University","2023","California","Far West (AK, CA, HI, NV, OR, WA)"
"117052","Reedley College","2023","California","Far West (AK, CA, HI, NV, OR, WA)"
"117104","Life Pacific University","2023","California","Far West (AK, CA, HI, NV, OR, WA)"
"117140","University of La Verne","2023","California","Far West (AK, CA, HI, NV, OR, WA)"
"117168","Laguna College of Art and Design","2023","California","Far West (AK, CA, HI, NV, OR, WA)"
"117195","Lake Tahoe Community College","2023","California","Far West (AK, CA, HI, NV, OR, WA)"
"117238","Lancaster Beauty School","2023","California","Far West (AK, CA, HI, NV, OR, WA)"
"117247","Laney College","2023","California","Far West (AK, CA, HI, NV, OR, WA)"
"117274","Lassen Community College","2023","California","Far West (AK, CA, HI, NV, OR, WA)"
"117283","Latin American Bible Institute","2023","California","Far West (AK, CA, HI, NV, OR, WA)"
"117520","Life Chiropractic College West","2023","California","Far West (AK, CA, HI, NV, OR, WA)"
"117557","Lincoln University","2023","California","Far West (AK, CA, HI, NV, OR, WA)"
"117575","Southern California Seminary","2023","California","Far West (AK, CA, HI, NV, OR, WA)"
"117627","La Sierra University","2023","California","Far West (AK, CA, HI, NV, OR, WA)"
"117636","Loma Linda University","2023","California","Far West (AK, CA, HI, NV, OR, WA)"
"117645","Long Beach City College","2023","California","Far West (AK, CA, HI, NV, OR, WA)"
"117672","Southern California University of Health Sciences","2023","California","Far West (AK, CA, HI, NV, OR, WA)"
"117681","Los Angeles Community College District Office","2023","California","Far West (AK, CA, HI, NV, OR, WA)"
"117690","Los Angeles Harbor College","2023","California","Far West (AK, CA, HI, NV, OR, WA)"
"117706","Los Angeles Pierce College","2023","California","Far West (AK, CA, HI, NV, OR, WA)"
"117715","Los Angeles Southwest College","2023","California","Far West (AK, CA, HI, NV, OR, WA)"
"117724","Los Angeles Trade Technical College","2023","California","Far West (AK, CA, HI, NV, OR, WA)"
"117733","Los Angeles Valley College","2023","California","Far West (AK, CA, HI, NV, OR, WA)"
"117751","The Master's University and Seminary","2023","California","Far West (AK, CA, HI, NV, OR, WA)"
"117788","Los Angeles City College","2023","California","Far West (AK, CA, HI, NV, OR, WA)"
"117803","Los Angeles County College of Nursing and Allied Health","2023","California","Far West (AK, CA, HI, NV, OR, WA)"
"117867","Los Angeles Mission College","2023","California","Far West (AK, CA, HI, NV, OR, WA)"
"117894","Los Medanos College","2023","California","Far West (AK, CA, HI, NV, OR, WA)"
"117900","Los Rios Community College District Office","2023","California","Far West (AK, CA, HI, NV, OR, WA)"
"117946","Loyola Marymount University","2023","California","Far West (AK, CA, HI, NV, OR, WA)"
"117955","Lu Ross Academy","2023","California","Far West (AK, CA, HI, NV, OR, WA)"
"118134","Lyle's College of Beauty","2023","California","Far West (AK, CA, HI, NV, OR, WA)"
"118143","Lyle's College of  Beauty","2023","California","Far West (AK, CA, HI, NV, OR, WA)"
"118161","Lytles Redwood Empire Beauty College","2023","California","Far West (AK, CA, HI, NV, OR, WA)"
"118198","MTI College","2023","California","Far West (AK, CA, HI, NV, OR, WA)"
"118347","College of Marin","2023","California","Far West (AK, CA, HI, NV, OR, WA)"
"118684","Mendocino College","2023","California","Far West (AK, CA, HI, NV, OR, WA)"
"118693","Menlo College","2023","California","Far West (AK, CA, HI, NV, OR, WA)"
"118718","Merced College","2023","California","Far West (AK, CA, HI, NV, OR, WA)"
"118772","Merritt College","2023","California","Far West (AK, CA, HI, NV, OR, WA)"
"118888","Northeastern University Oakland","2023","California","Far West (AK, CA, HI, NV, OR, WA)"
"118912","MiraCosta College","2023","California","Far West (AK, CA, HI, NV, OR, WA)"
"118930","Mission College","2023","California","Far West (AK, CA, HI, NV, OR, WA)"
"118958","Modern Beauty Academy","2023","California","Far West (AK, CA, HI, NV, OR, WA)"
"118976","Modesto Junior College","2023","California","Far West (AK, CA, HI, NV, OR, WA)"
"118994","Moler Barber College","2023","California","Far West (AK, CA, HI, NV, OR, WA)"
"119058","Middlebury Institute of International Studies at Monterey","2023","California","Far West (AK, CA, HI, NV, OR, WA)"
"119067","Monterey Peninsula College","2023","California","Far West (AK, CA, HI, NV, OR, WA)"
"119137","Moorpark College","2023","California","Far West (AK, CA, HI, NV, OR, WA)"
"119164","Mt San Antonio College","2023","California","Far West (AK, CA, HI, NV, OR, WA)"
"119173","Mount Saint Mary's University","2023","California","Far West (AK, CA, HI, NV, OR, WA)"
"119216","Mt San Jacinto Community College District","2023","California","Far West (AK, CA, HI, NV, OR, WA)"
"119270","Musicians Institute","2023","California","Far West (AK, CA, HI, NV, OR, WA)"
"119331","Napa Valley College","2023","California","Far West (AK, CA, HI, NV, OR, WA)"
"119553","National Holistic Institute","2023","California","Far West (AK, CA, HI, NV, OR, WA)"
"119605","National University","2023","California","Far West (AK, CA, HI, NV, OR, WA)"
"119678","Naval Postgraduate School","2023","California","U.S. Service schools"
"119775","Newschool of Architecture and Design","2023","California","Far West (AK, CA, HI, NV, OR, WA)"
"119951","North Adrian's College of Beauty Inc","2023","California","Far West (AK, CA, HI, NV, OR, WA)"
"120023","North Orange County Community College District","2023","California","Far West (AK, CA, HI, NV, OR, WA)"
"120069","North-West College-Pomona","2023","California","Far West (AK, CA, HI, NV, OR, WA)"
"120078","North-West College-West Covina","2023","California","Far West (AK, CA, HI, NV, OR, WA)"
"120087","North-West College-Van Nuys","2023","California","Far West (AK, CA, HI, NV, OR, WA)"
"120166","San Francisco Bay University","2023","California","Far West (AK, CA, HI, NV, OR, WA)"
"120184","Notre Dame de Namur University","2023","California","Far West (AK, CA, HI, NV, OR, WA)"
"120254","Occidental College","2023","California","Far West (AK, CA, HI, NV, OR, WA)"
"120290","Ohlone College","2023","California","Far West (AK, CA, HI, NV, OR, WA)"
"120342","Orange Coast College","2023","California","Far West (AK, CA, HI, NV, OR, WA)"
"120403","Otis College of Art and Design","2023","California","Far West (AK, CA, HI, NV, OR, WA)"
"120421","Oxnard College","2023","California","Far West (AK, CA, HI, NV, OR, WA)"
"120537","Hope International University","2023","California","Far West (AK, CA, HI, NV, OR, WA)"
"120661","Concorde Career College-San Diego","2023","California","Far West (AK, CA, HI, NV, OR, WA)"
"120698","Palo Alto University","2023","California","Far West (AK, CA, HI, NV, OR, WA)"
"120768","Pacific Oaks College","2023","California","Far West (AK, CA, HI, NV, OR, WA)"
"120795","Pacific School of Religion","2023","California","Far West (AK, CA, HI, NV, OR, WA)"
"120838","Pacific States University","2023","California","Far West (AK, CA, HI, NV, OR, WA)"
"120865","Pacific Union College","2023","California","Far West (AK, CA, HI, NV, OR, WA)"
"120883","University of the Pacific","2023","California","Far West (AK, CA, HI, NV, OR, WA)"
"120953","Palo Verde College","2023","California","Far West (AK, CA, HI, NV, OR, WA)"
"120971","Palomar College","2023","California","Far West (AK, CA, HI, NV, OR, WA)"
"121044","Pasadena City College","2023","California","Far West (AK, CA, HI, NV, OR, WA)"
"121150","Pepperdine University","2023","California","Far West (AK, CA, HI, NV, OR, WA)"
"121178","Peralta Community College System Office","2023","California","Far West (AK, CA, HI, NV, OR, WA)"
"121257","Pitzer College","2023","California","Far West (AK, CA, HI, NV, OR, WA)"
"121275","Platt College-San Diego","2023","California","Far West (AK, CA, HI, NV, OR, WA)"
"121309","Point Loma Nazarene University","2023","California","Far West (AK, CA, HI, NV, OR, WA)"
"121345","Pomona College","2023","California","Far West (AK, CA, HI, NV, OR, WA)"
"121363","Porterville College","2023","California","Far West (AK, CA, HI, NV, OR, WA)"
"121433","Professional Institute of Beauty","2023","California","Far West (AK, CA, HI, NV, OR, WA)"
"121619","Santa Ana College","2023","California","Far West (AK, CA, HI, NV, OR, WA)"
"121628","Pardee RAND Graduate School","2023","California","Far West (AK, CA, HI, NV, OR, WA)"
"121637","Shasta School of Cosmetology","2023","California","Far West (AK, CA, HI, NV, OR, WA)"
"121691","University of Redlands","2023","California","Far West (AK, CA, HI, NV, OR, WA)"
"121707","College of the Redwoods","2023","California","Far West (AK, CA, HI, NV, OR, WA)"
"121859","Salon Success Academy-Upland","2023","California","Far West (AK, CA, HI, NV, OR, WA)"
"121868","Salon Success Academy-Corona","2023","California","Far West (AK, CA, HI, NV, OR, WA)"
"121886","Rio Hondo College","2023","California","Far West (AK, CA, HI, NV, OR, WA)"
"121901","Riverside City College","2023","California","Far West (AK, CA, HI, NV, OR, WA)"
"122117","Dongguk University Los Angeles","2023","California","Far West (AK, CA, HI, NV, OR, WA)"
"122180","Sacramento City College","2023","California","Far West (AK, CA, HI, NV, OR, WA)"
"122205","Saddleback College","2023","California","Far West (AK, CA, HI, NV, OR, WA)"
"122296","Samuel Merritt University","2023","California","Far West (AK, CA, HI, NV, OR, WA)"
"122320","San Diego Community College District-District Office","2023","California","Far West (AK, CA, HI, NV, OR, WA)"
"122339","San Diego City College","2023","California","Far West (AK, CA, HI, NV, OR, WA)"
"122375","San Diego Mesa College","2023","California","Far West (AK, CA, HI, NV, OR, WA)"
"122384","San Diego Miramar College","2023","California","Far West (AK, CA, HI, NV, OR, WA)"
"122409","San Diego State University","2023","California","Far West (AK, CA, HI, NV, OR, WA)"
"122436","University of San Diego","2023","California","Far West (AK, CA, HI, NV, OR, WA)"
"122506","San Francisco Conservatory of Music","2023","California","Far West (AK, CA, HI, NV, OR, WA)"
"122597","San Francisco State University","2023","California","Far West (AK, CA, HI, NV, OR, WA)"
"122612","University of San Francisco","2023","California","Far West (AK, CA, HI, NV, OR, WA)"
"122649","San Joaquin College of Law","2023","California","Far West (AK, CA, HI, NV, OR, WA)"
"122658","San Joaquin Delta College","2023","California","Far West (AK, CA, HI, NV, OR, WA)"
"122685","San Joaquin Valley College-Visalia","2023","California","Far West (AK, CA, HI, NV, OR, WA)"
"122694","San Joaquin Valley College-Bakersfield","2023","California","Far West (AK, CA, HI, NV, OR, WA)"
"122728","William Jessup University","2023","California","Far West (AK, CA, HI, NV, OR, WA)"
"122737","San Jose-Evergreen Community College District","2023","California","Far West (AK, CA, HI, NV, OR, WA)"
"122746","San Jose City College","2023","California","Far West (AK, CA, HI, NV, OR, WA)"
"122755","San Jose State University","2023","California","Far West (AK, CA, HI, NV, OR, WA)"
"122782","San Mateo County Community College District Office","2023","California","Far West (AK, CA, HI, NV, OR, WA)"
"122791","College of San Mateo","2023","California","Far West (AK, CA, HI, NV, OR, WA)"
"122889","Santa Barbara City College","2023","California","Far West (AK, CA, HI, NV, OR, WA)"
"122931","Santa Clara University","2023","California","Far West (AK, CA, HI, NV, OR, WA)"
"122977","Santa Monica College","2023","California","Far West (AK, CA, HI, NV, OR, WA)"
"123013","Santa Rosa Junior College","2023","California","Far West (AK, CA, HI, NV, OR, WA)"
"123095","Saybrook University","2023","California","Far West (AK, CA, HI, NV, OR, WA)"
"123165","Scripps College","2023","California","Far West (AK, CA, HI, NV, OR, WA)"
"123217","College of the Sequoias","2023","California","Far West (AK, CA, HI, NV, OR, WA)"
"123280","Shasta Bible College and Graduate School","2023","California","Far West (AK, CA, HI, NV, OR, WA)"
"123299","Shasta College","2023","California","Far West (AK, CA, HI, NV, OR, WA)"
"123341","Sierra College","2023","California","Far West (AK, CA, HI, NV, OR, WA)"
"123350","Sierra College of Beauty","2023","California","Far West (AK, CA, HI, NV, OR, WA)"
"123448","Trinity Law School","2023","California","Far West (AK, CA, HI, NV, OR, WA)"
"123457","Simpson University","2023","California","Far West (AK, CA, HI, NV, OR, WA)"
"123484","College of the Siskiyous","2023","California","Far West (AK, CA, HI, NV, OR, WA)"
"123493","Charles A Jones Career and Education Center","2023","California","Far West (AK, CA, HI, NV, OR, WA)"
"123509","Skyline College","2023","California","Far West (AK, CA, HI, NV, OR, WA)"
"123527","San Bernardino Valley College","2023","California","Far West (AK, CA, HI, NV, OR, WA)"
"123554","Saint Mary's College of California","2023","California","Far West (AK, CA, HI, NV, OR, WA)"
"123563","Solano Community College","2023","California","Far West (AK, CA, HI, NV, OR, WA)"
"123572","Sonoma State University","2023","California","Far West (AK, CA, HI, NV, OR, WA)"
"123633","South Baylo University","2023","California","Far West (AK, CA, HI, NV, OR, WA)"
"123642","South Coast College","2023","California","Far West (AK, CA, HI, NV, OR, WA)"
"123651","Vanguard University of Southern California","2023","California","Far West (AK, CA, HI, NV, OR, WA)"
"123679","Concorde Career College-Garden Grove","2023","California","Far West (AK, CA, HI, NV, OR, WA)"
"123800","Southwestern College","2023","California","Far West (AK, CA, HI, NV, OR, WA)"
"123916","Starr King School for the Ministry","2023","California","Far West (AK, CA, HI, NV, OR, WA)"
"123925","State Center Community College District","2023","California","Far West (AK, CA, HI, NV, OR, WA)"
"123943","Marshall B Ketchum University","2023","California","Far West (AK, CA, HI, NV, OR, WA)"
"123952","Southern California Institute of Architecture","2023","California","Far West (AK, CA, HI, NV, OR, WA)"
"123961","University of Southern California","2023","California","Far West (AK, CA, HI, NV, OR, WA)"
"123970","Southwestern Law School","2023","California","Far West (AK, CA, HI, NV, OR, WA)"
"124113","Taft College","2023","California","Far West (AK, CA, HI, NV, OR, WA)"
"124283","Claremont School of Theology","2023","California","Far West (AK, CA, HI, NV, OR, WA)"
"124292","Thomas Aquinas College","2023","California","Far West (AK, CA, HI, NV, OR, WA)"
"124487","Epic Bible College & Graduate School","2023","California","Far West (AK, CA, HI, NV, OR, WA)"
"124557","University of California-System Administration Central Office","2023","California","Far West (AK, CA, HI, NV, OR, WA)"
"124681","UEI College-Huntington Park","2023","California","Far West (AK, CA, HI, NV, OR, WA)"
"124706","Concorde Career College-San Bernardino","2023","California","Far West (AK, CA, HI, NV, OR, WA)"
"124937","Concorde Career College-North Hollywood","2023","California","Far West (AK, CA, HI, NV, OR, WA)"
"125019","Ventura County Community College System Office","2023","California","Far West (AK, CA, HI, NV, OR, WA)"
"125028","Ventura College","2023","California","Far West (AK, CA, HI, NV, OR, WA)"
"125037","The Colleges of Law at Ventura","2023","California","Far West (AK, CA, HI, NV, OR, WA)"
"125082","Bridges Beauty College","2023","California","Far West (AK, CA, HI, NV, OR, WA)"
"125091","Victor Valley College","2023","California","Far West (AK, CA, HI, NV, OR, WA)"
"125170","Berkeley City College","2023","California","Far West (AK, CA, HI, NV, OR, WA)"
"125222","West Valley Mission Community College District Office","2023","California","Far West (AK, CA, HI, NV, OR, WA)"
"125231","Walden University","2023","Minnesota","Plains (IA, KS, MN, MO, NE, ND, SD)"
"125310","Waynes College of Beauty","2023","California","Far West (AK, CA, HI, NV, OR, WA)"
"125462","Coalinga College","2023","California","Far West (AK, CA, HI, NV, OR, WA)"
"125471","West Los Angeles College","2023","California","Far West (AK, CA, HI, NV, OR, WA)"
"125499","West Valley College","2023","California","Far West (AK, CA, HI, NV, OR, WA)"
"125532","Carrington College-Sacramento","2023","California","Far West (AK, CA, HI, NV, OR, WA)"
"125718","Westminster Theological Seminary in California","2023","California","Far West (AK, CA, HI, NV, OR, WA)"
"125727","Westmont College","2023","California","Far West (AK, CA, HI, NV, OR, WA)"
"125763","Whittier College","2023","California","Far West (AK, CA, HI, NV, OR, WA)"
"125897","Woodbury University","2023","California","Far West (AK, CA, HI, NV, OR, WA)"
"126012","The Wright Institute","2023","California","Far West (AK, CA, HI, NV, OR, WA)"
"126049","Thomas Jefferson School of Law","2023","California","Far West (AK, CA, HI, NV, OR, WA)"
"126076","Yeshiva Ohr Elchonon Chabad West Coast Talmudical Seminary","2023","California","Far West (AK, CA, HI, NV, OR, WA)"
"126100","Yosemite Community College District Office","2023","California","Far West (AK, CA, HI, NV, OR, WA)"
"126119","Yuba College","2023","California","Far West (AK, CA, HI, NV, OR, WA)"
"126182","Adams State University","2023","Colorado","Rocky Mountains (CO, ID, MT, UT, WY)"
"126207","Aims Community College","2023","Colorado","Rocky Mountains (CO, ID, MT, UT, WY)"
"126289","Arapahoe Community College","2023","Colorado","Rocky Mountains (CO, ID, MT, UT, WY)"
"126359","Bel-Rea Institute of Animal Technology","2023","Colorado","Rocky Mountains (CO, ID, MT, UT, WY)"
"126562","University of Colorado Denver/Anschutz Medical Campus","2023","Colorado","Rocky Mountains (CO, ID, MT, UT, WY)"
"126580","University of Colorado Colorado Springs","2023","Colorado","Rocky Mountains (CO, ID, MT, UT, WY)"
"126605","Spartan College of Aeronautics and Technology","2023","Colorado","Rocky Mountains (CO, ID, MT, UT, WY)"
"126614","University of Colorado Boulder","2023","Colorado","Rocky Mountains (CO, ID, MT, UT, WY)"
"126669","Colorado Christian University","2023","Colorado","Rocky Mountains (CO, ID, MT, UT, WY)"
"126678","Colorado College","2023","Colorado","Rocky Mountains (CO, ID, MT, UT, WY)"
"126687","Concorde Career College-Aurora","2023","Colorado","Rocky Mountains (CO, ID, MT, UT, WY)"
"126711","Colorado Mountain College","2023","Colorado","Rocky Mountains (CO, ID, MT, UT, WY)"
"126748","Colorado Northwestern Community College","2023","Colorado","Rocky Mountains (CO, ID, MT, UT, WY)"
"126775","Colorado School of Mines","2023","Colorado","Rocky Mountains (CO, ID, MT, UT, WY)"
"126784","Colorado School of Trades","2023","Colorado","Rocky Mountains (CO, ID, MT, UT, WY)"
"126818","Colorado State University-Fort Collins","2023","Colorado","Rocky Mountains (CO, ID, MT, UT, WY)"
"126827","Colorado Technical University-Colorado Springs","2023","Colorado","Rocky Mountains (CO, ID, MT, UT, WY)"
"126863","Community College of Aurora","2023","Colorado","Rocky Mountains (CO, ID, MT, UT, WY)"
"126915","Technical College of the Rockies","2023","Colorado","Rocky Mountains (CO, ID, MT, UT, WY)"
"126942","Community College of Denver","2023","Colorado","Rocky Mountains (CO, ID, MT, UT, WY)"
"126951","Lincoln College of Technology-Denver","2023","Colorado","Rocky Mountains (CO, ID, MT, UT, WY)"
"126979","Denver Seminary","2023","Colorado","Rocky Mountains (CO, ID, MT, UT, WY)"
"127060","University of Denver","2023","Colorado","Rocky Mountains (CO, ID, MT, UT, WY)"
"127158","Emily Griffith Technical College","2023","Colorado","Rocky Mountains (CO, ID, MT, UT, WY)"
"127185","Fort Lewis College","2023","Colorado","Rocky Mountains (CO, ID, MT, UT, WY)"
"127200","Front Range Community College","2023","Colorado","Rocky Mountains (CO, ID, MT, UT, WY)"
"127273","Iliff School of Theology","2023","Colorado","Rocky Mountains (CO, ID, MT, UT, WY)"
"127316","International Salon and Spa Academy","2023","Colorado","Rocky Mountains (CO, ID, MT, UT, WY)"
"127389","Lamar Community College","2023","Colorado","Rocky Mountains (CO, ID, MT, UT, WY)"
"127556","Colorado Mesa University","2023","Colorado","Rocky Mountains (CO, ID, MT, UT, WY)"
"127565","Metropolitan State University of Denver","2023","Colorado","Rocky Mountains (CO, ID, MT, UT, WY)"
"127617","Morgan Community College","2023","Colorado","Rocky Mountains (CO, ID, MT, UT, WY)"
"127653","Naropa University","2023","Colorado","Rocky Mountains (CO, ID, MT, UT, WY)"
"127714","Nazarene Bible College","2023","Colorado","Rocky Mountains (CO, ID, MT, UT, WY)"
"127732","Northeastern Junior College","2023","Colorado","Rocky Mountains (CO, ID, MT, UT, WY)"
"127741","University of Northern Colorado","2023","Colorado","Rocky Mountains (CO, ID, MT, UT, WY)"
"127778","Otero College","2023","Colorado","Rocky Mountains (CO, ID, MT, UT, WY)"
"127820","Pikes Peak State College","2023","Colorado","Rocky Mountains (CO, ID, MT, UT, WY)"
"127884","Pueblo Community College","2023","Colorado","Rocky Mountains (CO, ID, MT, UT, WY)"
"127909","Red Rocks Community College","2023","Colorado","Rocky Mountains (CO, ID, MT, UT, WY)"
"127918","Regis University","2023","Colorado","Rocky Mountains (CO, ID, MT, UT, WY)"
"127945","Rocky Mountain College of Art and Design","2023","Colorado","Rocky Mountains (CO, ID, MT, UT, WY)"
"127954","Montessori Education Center of the Rockies","2023","Colorado","Rocky Mountains (CO, ID, MT, UT, WY)"
"128106","Colorado State University Pueblo","2023","Colorado","Rocky Mountains (CO, ID, MT, UT, WY)"
"128151","Pickens Technical College","2023","Colorado","Rocky Mountains (CO, ID, MT, UT, WY)"
"128179","Intellitec College-Colorado Springs","2023","Colorado","Rocky Mountains (CO, ID, MT, UT, WY)"
"128188","Intellitec College-Grand Junction","2023","Colorado","Rocky Mountains (CO, ID, MT, UT, WY)"
"128258","Trinidad State College","2023","Colorado","Rocky Mountains (CO, ID, MT, UT, WY)"
"128300","University of Colorado System Office","2023","Colorado","Rocky Mountains (CO, ID, MT, UT, WY)"
"128328","United States Air Force Academy","2023","Colorado","U.S. Service schools"
"128337","Empire Beauty School-Thornton","2023","Colorado","Rocky Mountains (CO, ID, MT, UT, WY)"
"128391","Western Colorado University","2023","Colorado","Rocky Mountains (CO, ID, MT, UT, WY)"
"128498","Albertus Magnus College","2023","Connecticut","New England (CT, ME, MA, NH, RI, VT)"
"128577","Asnuntuck Community College","2023","Connecticut","New England (CT, ME, MA, NH, RI, VT)"
"128586","Bais Binyomin Academy","2023","New York","Mid East (DE, DC, MD, NJ, NY, PA)"
"128744","University of Bridgeport","2023","Connecticut","New England (CT, ME, MA, NH, RI, VT)"
"128771","Central Connecticut State University","2023","Connecticut","New England (CT, ME, MA, NH, RI, VT)"
"128780","Charter Oak State College","2023","Connecticut","New England (CT, ME, MA, NH, RI, VT)"
"128896","Cortiva Institute","2023","Connecticut","New England (CT, ME, MA, NH, RI, VT)"
"128902","Connecticut College","2023","Connecticut","New England (CT, ME, MA, NH, RI, VT)"
"129002","Porter & Chester Institute of Hamden","2023","Connecticut","New England (CT, ME, MA, NH, RI, VT)"
"129020","University of Connecticut","2023","Connecticut","New England (CT, ME, MA, NH, RI, VT)"
"129154","Goodwin University","2023","Connecticut","New England (CT, ME, MA, NH, RI, VT)"
"129181","Lincoln Technical Institute-East Windsor","2023","Connecticut","New England (CT, ME, MA, NH, RI, VT)"
"129215","Eastern Connecticut State University","2023","Connecticut","New England (CT, ME, MA, NH, RI, VT)"
"129242","Fairfield University","2023","Connecticut","New England (CT, ME, MA, NH, RI, VT)"
"129349","Paul Mitchell the School-North Haven","2023","Connecticut","New England (CT, ME, MA, NH, RI, VT)"
"129367","Connecticut State Community College","2023","Connecticut","New England (CT, ME, MA, NH, RI, VT)"
"129428","Rensselaer at Hartford","2023","Connecticut","New England (CT, ME, MA, NH, RI, VT)"
"129482","American Institute-West Hartford","2023","Connecticut","New England (CT, ME, MA, NH, RI, VT)"
"129491","Hartford International University for Religion and Peace","2023","Connecticut","New England (CT, ME, MA, NH, RI, VT)"
"129525","University of Hartford","2023","Connecticut","New England (CT, ME, MA, NH, RI, VT)"
"129534","Holy Apostles College and Seminary","2023","Connecticut","New England (CT, ME, MA, NH, RI, VT)"
"129543","Connecticut State Community College Housatonic","2023","Connecticut","New England (CT, ME, MA, NH, RI, VT)"
"129695","Manchester Community College","2023","Connecticut","New England (CT, ME, MA, NH, RI, VT)"
"129729","Naugatuck Valley Community College","2023","Connecticut","New England (CT, ME, MA, NH, RI, VT)"
"129756","Middlesex Community College","2023","Connecticut","New England (CT, ME, MA, NH, RI, VT)"
"129774","Mitchell College","2023","Connecticut","New England (CT, ME, MA, NH, RI, VT)"
"129808","Three Rivers Community College","2023","Connecticut","New England (CT, ME, MA, NH, RI, VT)"
"129923","Lincoln Technical Institute-New Britain","2023","Connecticut","New England (CT, ME, MA, NH, RI, VT)"
"129932","New England Tractor Trailer Training School of Connecticut","2023","Connecticut","New England (CT, ME, MA, NH, RI, VT)"
"129941","University of New Haven","2023","Connecticut","New England (CT, ME, MA, NH, RI, VT)"
"130004","Connecticut State Community College Norwalk","2023","Connecticut","New England (CT, ME, MA, NH, RI, VT)"
"130040","Northwestern Connecticut Community College","2023","Connecticut","New England (CT, ME, MA, NH, RI, VT)"
"130110","Paier College","2023","Connecticut","New England (CT, ME, MA, NH, RI, VT)"
"130174","Porter & Chester Institute","2023","Connecticut","New England (CT, ME, MA, NH, RI, VT)"
"130183","Post University","2023","Connecticut","New England (CT, ME, MA, NH, RI, VT)"
"130217","Quinebaug Valley Community College","2023","Connecticut","New England (CT, ME, MA, NH, RI, VT)"
"130226","Quinnipiac University","2023","Connecticut","New England (CT, ME, MA, NH, RI, VT)"
"130253","Sacred Heart University","2023","Connecticut","New England (CT, ME, MA, NH, RI, VT)"
"130314","University of Saint Joseph","2023","Connecticut","New England (CT, ME, MA, NH, RI, VT)"
"130396","Connecticut State Community College Gateway","2023","Connecticut","New England (CT, ME, MA, NH, RI, VT)"
"130493","Southern Connecticut State University","2023","Connecticut","New England (CT, ME, MA, NH, RI, VT)"
"130590","Trinity College","2023","Connecticut","New England (CT, ME, MA, NH, RI, VT)"
"130606","Connecticut State Community College Tunxis","2023","Connecticut","New England (CT, ME, MA, NH, RI, VT)"
"130624","United States Coast Guard Academy","2023","Connecticut","U.S. Service schools"
"130697","Wesleyan University","2023","Connecticut","New England (CT, ME, MA, NH, RI, VT)"
"130776","Western Connecticut State University","2023","Connecticut","New England (CT, ME, MA, NH, RI, VT)"
"130794","Yale University","2023","Connecticut","New England (CT, ME, MA, NH, RI, VT)"
"130837","Margaret H Rollins School of Nursing at Beebe Medical Center","2023","Delaware","Mid East (DE, DC, MD, NJ, NY, PA)"
"130873","Dawn Career Institute LLC","2023","Delaware","Mid East (DE, DC, MD, NJ, NY, PA)"
"130882","Delaware Technical Community College-Central Office","2023","Delaware","Mid East (DE, DC, MD, NJ, NY, PA)"
"130907","Delaware Technical Community College-Terry","2023","Delaware","Mid East (DE, DC, MD, NJ, NY, PA)"
"130934","Delaware State University","2023","Delaware","Mid East (DE, DC, MD, NJ, NY, PA)"
"130943","University of Delaware","2023","Delaware","Mid East (DE, DC, MD, NJ, NY, PA)"
"130989","Goldey-Beacom College","2023","Delaware","Mid East (DE, DC, MD, NJ, NY, PA)"
"131061","Schilling-Douglas School of Hair Design","2023","Delaware","Mid East (DE, DC, MD, NJ, NY, PA)"
"131113","Wilmington University","2023","Delaware","Mid East (DE, DC, MD, NJ, NY, PA)"
"131159","American University","2023","District of Columbia","Mid East (DE, DC, MD, NJ, NY, PA)"
"131283","The Catholic University of America","2023","District of Columbia","Mid East (DE, DC, MD, NJ, NY, PA)"
"131399","University of the District of Columbia","2023","District of Columbia","Mid East (DE, DC, MD, NJ, NY, PA)"
"131405","Pontifical Faculty of the Immaculate Conception at the Dominican House of Studies","2023","District of Columbia","Mid East (DE, DC, MD, NJ, NY, PA)"
"131450","Gallaudet University","2023","District of Columbia","Mid East (DE, DC, MD, NJ, NY, PA)"
"131469","George Washington University","2023","District of Columbia","Mid East (DE, DC, MD, NJ, NY, PA)"
"131496","Georgetown University","2023","District of Columbia","Mid East (DE, DC, MD, NJ, NY, PA)"
"131520","Howard University","2023","District of Columbia","Mid East (DE, DC, MD, NJ, NY, PA)"
"131803","Strayer University-District of Columbia","2023","District of Columbia","Mid East (DE, DC, MD, NJ, NY, PA)"
"131830","National Conservatory of Dramatic Arts","2023","District of Columbia","Mid East (DE, DC, MD, NJ, NY, PA)"
"131876","Trinity Washington University","2023","District of Columbia","Mid East (DE, DC, MD, NJ, NY, PA)"
"131973","Wesley Theological Seminary","2023","District of Columbia","Mid East (DE, DC, MD, NJ, NY, PA)"
"132374","Atlantic Technical College","2023","Florida","Southeast (AL, AR, FL, GA, KY, LA, MS, NC, SC, TN, VA, WV)"
"132408","Baptist University of Florida","2023","Florida","Southeast (AL, AR, FL, GA, KY, LA, MS, NC, SC, TN, VA, WV)"
"132471","Barry University","2023","Florida","Southeast (AL, AR, FL, GA, KY, LA, MS, NC, SC, TN, VA, WV)"
"132602","Bethune-Cookman University","2023","Florida","Southeast (AL, AR, FL, GA, KY, LA, MS, NC, SC, TN, VA, WV)"
"132657","Lynn University","2023","Florida","Southeast (AL, AR, FL, GA, KY, LA, MS, NC, SC, TN, VA, WV)"
"132675","North Florida Technical College","2023","Florida","Southeast (AL, AR, FL, GA, KY, LA, MS, NC, SC, TN, VA, WV)"
"132693","Eastern Florida State College","2023","Florida","Southeast (AL, AR, FL, GA, KY, LA, MS, NC, SC, TN, VA, WV)"
"132709","Broward College","2023","Florida","Southeast (AL, AR, FL, GA, KY, LA, MS, NC, SC, TN, VA, WV)"
"132842","Albizu University-Miami","2023","Florida","Southeast (AL, AR, FL, GA, KY, LA, MS, NC, SC, TN, VA, WV)"
"132851","College of Central Florida","2023","Florida","Southeast (AL, AR, FL, GA, KY, LA, MS, NC, SC, TN, VA, WV)"
"132879","Johnson University Florida","2023","Florida","Southeast (AL, AR, FL, GA, KY, LA, MS, NC, SC, TN, VA, WV)"
"132903","University of Central Florida","2023","Florida","Southeast (AL, AR, FL, GA, KY, LA, MS, NC, SC, TN, VA, WV)"
"132976","Charlotte Technical College","2023","Florida","Southeast (AL, AR, FL, GA, KY, LA, MS, NC, SC, TN, VA, WV)"
"133021","Chipola College","2023","Florida","Southeast (AL, AR, FL, GA, KY, LA, MS, NC, SC, TN, VA, WV)"
"133155","Lorenzo Walker Technical College","2023","Florida","Southeast (AL, AR, FL, GA, KY, LA, MS, NC, SC, TN, VA, WV)"
"133386","Daytona State College","2023","Florida","Southeast (AL, AR, FL, GA, KY, LA, MS, NC, SC, TN, VA, WV)"
"133465","South University-West Palm Beach","2023","Florida","Southeast (AL, AR, FL, GA, KY, LA, MS, NC, SC, TN, VA, WV)"
"133492","Eckerd College","2023","Florida","Southeast (AL, AR, FL, GA, KY, LA, MS, NC, SC, TN, VA, WV)"
"133508","Florida SouthWestern State College","2023","Florida","Southeast (AL, AR, FL, GA, KY, LA, MS, NC, SC, TN, VA, WV)"
"133526","Edward Waters University","2023","Florida","Southeast (AL, AR, FL, GA, KY, LA, MS, NC, SC, TN, VA, WV)"
"133553","Embry-Riddle Aeronautical University-Daytona Beach","2023","Florida","Southeast (AL, AR, FL, GA, KY, LA, MS, NC, SC, TN, VA, WV)"
"133650","Florida Agricultural and Mechanical University","2023","Florida","Southeast (AL, AR, FL, GA, KY, LA, MS, NC, SC, TN, VA, WV)"
"133669","Florida Atlantic University","2023","Florida","Southeast (AL, AR, FL, GA, KY, LA, MS, NC, SC, TN, VA, WV)"
"133702","Florida State College at Jacksonville","2023","Florida","Southeast (AL, AR, FL, GA, KY, LA, MS, NC, SC, TN, VA, WV)"
"133711","Flagler College","2023","Florida","Southeast (AL, AR, FL, GA, KY, LA, MS, NC, SC, TN, VA, WV)"
"133809","Florida College","2023","Florida","Southeast (AL, AR, FL, GA, KY, LA, MS, NC, SC, TN, VA, WV)"
"133845","Concorde Career Institute-Jacksonville","2023","Florida","Southeast (AL, AR, FL, GA, KY, LA, MS, NC, SC, TN, VA, WV)"
"133854","Concorde Career Institute-Miramar","2023","Florida","Southeast (AL, AR, FL, GA, KY, LA, MS, NC, SC, TN, VA, WV)"
"133863","Concorde Career Institute-Tampa","2023","Florida","Southeast (AL, AR, FL, GA, KY, LA, MS, NC, SC, TN, VA, WV)"
"133872","AdventHealth University","2023","Florida","Southeast (AL, AR, FL, GA, KY, LA, MS, NC, SC, TN, VA, WV)"
"133881","Florida Institute of Technology","2023","Florida","Southeast (AL, AR, FL, GA, KY, LA, MS, NC, SC, TN, VA, WV)"
"133951","Florida International University","2023","Florida","Southeast (AL, AR, FL, GA, KY, LA, MS, NC, SC, TN, VA, WV)"
"133960","The College of the Florida Keys","2023","Florida","Southeast (AL, AR, FL, GA, KY, LA, MS, NC, SC, TN, VA, WV)"
"133979","Florida Memorial University","2023","Florida","Southeast (AL, AR, FL, GA, KY, LA, MS, NC, SC, TN, VA, WV)"
"133997","Florida Career College-Miami","2023","Florida","Southeast (AL, AR, FL, GA, KY, LA, MS, NC, SC, TN, VA, WV)"
"134024","Florida School of Massage","2023","Florida","Southeast (AL, AR, FL, GA, KY, LA, MS, NC, SC, TN, VA, WV)"
"134079","Florida Southern College","2023","Florida","Southeast (AL, AR, FL, GA, KY, LA, MS, NC, SC, TN, VA, WV)"
"134097","Florida State University","2023","Florida","Southeast (AL, AR, FL, GA, KY, LA, MS, NC, SC, TN, VA, WV)"
"134130","University of Florida","2023","Florida","Southeast (AL, AR, FL, GA, KY, LA, MS, NC, SC, TN, VA, WV)"
"134228","Fort Pierce Beauty Academy","2023","Florida","Southeast (AL, AR, FL, GA, KY, LA, MS, NC, SC, TN, VA, WV)"
"134237","Full Sail University","2023","Florida","Southeast (AL, AR, FL, GA, KY, LA, MS, NC, SC, TN, VA, WV)"
"134291","George Stone Technical College","2023","Florida","Southeast (AL, AR, FL, GA, KY, LA, MS, NC, SC, TN, VA, WV)"
"134307","George T Baker Aviation Technical College","2023","Florida","Southeast (AL, AR, FL, GA, KY, LA, MS, NC, SC, TN, VA, WV)"
"134343","Gulf Coast State College","2023","Florida","Southeast (AL, AR, FL, GA, KY, LA, MS, NC, SC, TN, VA, WV)"
"134422","Key College","2023","Florida","Southeast (AL, AR, FL, GA, KY, LA, MS, NC, SC, TN, VA, WV)"
"134495","Hillsborough Community College","2023","Florida","Southeast (AL, AR, FL, GA, KY, LA, MS, NC, SC, TN, VA, WV)"
"134510","Hobe Sound Bible College","2023","Florida","Southeast (AL, AR, FL, GA, KY, LA, MS, NC, SC, TN, VA, WV)"
"134529","Hollywood Institute of Beauty Careers","2023","Florida","Southeast (AL, AR, FL, GA, KY, LA, MS, NC, SC, TN, VA, WV)"
"134574","Cortiva Institute","2023","Florida","Southeast (AL, AR, FL, GA, KY, LA, MS, NC, SC, TN, VA, WV)"
"134608","Indian River State College","2023","Florida","Southeast (AL, AR, FL, GA, KY, LA, MS, NC, SC, TN, VA, WV)"
"134714","International Academy","2023","Florida","Southeast (AL, AR, FL, GA, KY, LA, MS, NC, SC, TN, VA, WV)"
"134811","AI Miami International University of Art and Design","2023","Florida","Southeast (AL, AR, FL, GA, KY, LA, MS, NC, SC, TN, VA, WV)"
"134945","Jacksonville University","2023","Florida","Southeast (AL, AR, FL, GA, KY, LA, MS, NC, SC, TN, VA, WV)"
"135081","Keiser University-Ft Lauderdale","2023","Florida","Southeast (AL, AR, FL, GA, KY, LA, MS, NC, SC, TN, VA, WV)"
"135142","La Belle Beauty School","2023","Florida","Southeast (AL, AR, FL, GA, KY, LA, MS, NC, SC, TN, VA, WV)"
"135160","Florida Gateway College","2023","Florida","Southeast (AL, AR, FL, GA, KY, LA, MS, NC, SC, TN, VA, WV)"
"135179","Lake Technical College","2023","Florida","Southeast (AL, AR, FL, GA, KY, LA, MS, NC, SC, TN, VA, WV)"
"135188","Lake-Sumter State College","2023","Florida","Southeast (AL, AR, FL, GA, KY, LA, MS, NC, SC, TN, VA, WV)"
"135267","Fort Myers Technical College","2023","Florida","Southeast (AL, AR, FL, GA, KY, LA, MS, NC, SC, TN, VA, WV)"
"135276","Lively Technical College","2023","Florida","Southeast (AL, AR, FL, GA, KY, LA, MS, NC, SC, TN, VA, WV)"
"135294","Lindsey Hopkins Technical College","2023","Florida","Southeast (AL, AR, FL, GA, KY, LA, MS, NC, SC, TN, VA, WV)"
"135337","Loraines Academy & Spa","2023","Florida","Southeast (AL, AR, FL, GA, KY, LA, MS, NC, SC, TN, VA, WV)"
"135364","Luther Rice College & Seminary","2023","Georgia","Southeast (AL, AR, FL, GA, KY, LA, MS, NC, SC, TN, VA, WV)"
"135391","State College of Florida-Manatee-Sarasota","2023","Florida","Southeast (AL, AR, FL, GA, KY, LA, MS, NC, SC, TN, VA, WV)"
"135407","Manatee Technical College","2023","Florida","Southeast (AL, AR, FL, GA, KY, LA, MS, NC, SC, TN, VA, WV)"
"135522","Traviss Technical College","2023","Florida","Southeast (AL, AR, FL, GA, KY, LA, MS, NC, SC, TN, VA, WV)"
"135559","Merryfield Academy","2023","Florida","Southeast (AL, AR, FL, GA, KY, LA, MS, NC, SC, TN, VA, WV)"
"135610","Trinity International University-Florida","2023","Florida","Southeast (AL, AR, FL, GA, KY, LA, MS, NC, SC, TN, VA, WV)"
"135647","Miami Lakes Educational Center and Technical College","2023","Florida","Southeast (AL, AR, FL, GA, KY, LA, MS, NC, SC, TN, VA, WV)"
"135717","Miami Dade College","2023","Florida","Southeast (AL, AR, FL, GA, KY, LA, MS, NC, SC, TN, VA, WV)"
"135726","University of Miami","2023","Florida","Southeast (AL, AR, FL, GA, KY, LA, MS, NC, SC, TN, VA, WV)"
"135735","Orange Technical College-South Campus","2023","Florida","Southeast (AL, AR, FL, GA, KY, LA, MS, NC, SC, TN, VA, WV)"
"136109","Paul Mitchell the School-Jacksonville","2023","Florida","Southeast (AL, AR, FL, GA, KY, LA, MS, NC, SC, TN, VA, WV)"
"136145","North Florida College","2023","Florida","Southeast (AL, AR, FL, GA, KY, LA, MS, NC, SC, TN, VA, WV)"
"136172","University of North Florida","2023","Florida","Southeast (AL, AR, FL, GA, KY, LA, MS, NC, SC, TN, VA, WV)"
"136215","Nova Southeastern University","2023","Florida","Southeast (AL, AR, FL, GA, KY, LA, MS, NC, SC, TN, VA, WV)"
"136233","Northwest Florida State College","2023","Florida","Southeast (AL, AR, FL, GA, KY, LA, MS, NC, SC, TN, VA, WV)"
"136303","Orange Technical College","2023","Florida","Southeast (AL, AR, FL, GA, KY, LA, MS, NC, SC, TN, VA, WV)"
"136330","Palm Beach Atlantic University","2023","Florida","Southeast (AL, AR, FL, GA, KY, LA, MS, NC, SC, TN, VA, WV)"
"136358","Palm Beach State College","2023","Florida","Southeast (AL, AR, FL, GA, KY, LA, MS, NC, SC, TN, VA, WV)"
"136400","Pasco-Hernando State College","2023","Florida","Southeast (AL, AR, FL, GA, KY, LA, MS, NC, SC, TN, VA, WV)"
"136473","Pensacola State College","2023","Florida","Southeast (AL, AR, FL, GA, KY, LA, MS, NC, SC, TN, VA, WV)"
"136491","Pinellas Technical College-Clearwater","2023","Florida","Southeast (AL, AR, FL, GA, KY, LA, MS, NC, SC, TN, VA, WV)"
"136516","Polk State College","2023","Florida","Southeast (AL, AR, FL, GA, KY, LA, MS, NC, SC, TN, VA, WV)"
"136659","Radford M Locklin Technical College","2023","Florida","Southeast (AL, AR, FL, GA, KY, LA, MS, NC, SC, TN, VA, WV)"
"136701","Saint Vincent de Paul Regional Seminary","2023","Florida","Southeast (AL, AR, FL, GA, KY, LA, MS, NC, SC, TN, VA, WV)"
"136765","Ridge Technical College","2023","Florida","Southeast (AL, AR, FL, GA, KY, LA, MS, NC, SC, TN, VA, WV)"
"136774","Ringling College of Art and Design","2023","Florida","Southeast (AL, AR, FL, GA, KY, LA, MS, NC, SC, TN, VA, WV)"
"136826","Robert Morgan Educational Center and Technical College","2023","Florida","Southeast (AL, AR, FL, GA, KY, LA, MS, NC, SC, TN, VA, WV)"
"136950","Rollins College","2023","Florida","Southeast (AL, AR, FL, GA, KY, LA, MS, NC, SC, TN, VA, WV)"
"137023","First Coast Technical College","2023","Florida","Southeast (AL, AR, FL, GA, KY, LA, MS, NC, SC, TN, VA, WV)"
"137032","Saint Leo University","2023","Florida","Southeast (AL, AR, FL, GA, KY, LA, MS, NC, SC, TN, VA, WV)"
"137078","St Petersburg College","2023","Florida","Southeast (AL, AR, FL, GA, KY, LA, MS, NC, SC, TN, VA, WV)"
"137087","Pinellas Technical College-St. Petersburg","2023","Florida","Southeast (AL, AR, FL, GA, KY, LA, MS, NC, SC, TN, VA, WV)"
"137096","Santa Fe College","2023","Florida","Southeast (AL, AR, FL, GA, KY, LA, MS, NC, SC, TN, VA, WV)"
"137120","Suncoast Technical College","2023","Florida","Southeast (AL, AR, FL, GA, KY, LA, MS, NC, SC, TN, VA, WV)"
"137209","Seminole State College of Florida","2023","Florida","Southeast (AL, AR, FL, GA, KY, LA, MS, NC, SC, TN, VA, WV)"
"137245","Sheridan Technical College","2023","Florida","Southeast (AL, AR, FL, GA, KY, LA, MS, NC, SC, TN, VA, WV)"
"137272","St. John Vianney College Seminary","2023","Florida","Southeast (AL, AR, FL, GA, KY, LA, MS, NC, SC, TN, VA, WV)"
"137281","Saint Johns River State College","2023","Florida","Southeast (AL, AR, FL, GA, KY, LA, MS, NC, SC, TN, VA, WV)"
"137315","South Florida State College","2023","Florida","Southeast (AL, AR, FL, GA, KY, LA, MS, NC, SC, TN, VA, WV)"
"137351","University of South Florida","2023","Florida","Southeast (AL, AR, FL, GA, KY, LA, MS, NC, SC, TN, VA, WV)"
"137476","St. Thomas University","2023","Florida","Southeast (AL, AR, FL, GA, KY, LA, MS, NC, SC, TN, VA, WV)"
"137546","Stetson University","2023","Florida","Southeast (AL, AR, FL, GA, KY, LA, MS, NC, SC, TN, VA, WV)"
"137564","Southeastern University","2023","Florida","Southeast (AL, AR, FL, GA, KY, LA, MS, NC, SC, TN, VA, WV)"
"137591","Bene's Career Academy","2023","Florida","Southeast (AL, AR, FL, GA, KY, LA, MS, NC, SC, TN, VA, WV)"
"137713","Riveroak Technical College","2023","Florida","Southeast (AL, AR, FL, GA, KY, LA, MS, NC, SC, TN, VA, WV)"
"137759","Tallahassee Community College","2023","Florida","Southeast (AL, AR, FL, GA, KY, LA, MS, NC, SC, TN, VA, WV)"
"137777","Talmudic College of Florida","2023","Florida","Southeast (AL, AR, FL, GA, KY, LA, MS, NC, SC, TN, VA, WV)"
"137801","Altierus Career College-Tampa","2023","Florida","Southeast (AL, AR, FL, GA, KY, LA, MS, NC, SC, TN, VA, WV)"
"137847","The University of Tampa","2023","Florida","Southeast (AL, AR, FL, GA, KY, LA, MS, NC, SC, TN, VA, WV)"
"137856","Big Bend Technical College","2023","Florida","Southeast (AL, AR, FL, GA, KY, LA, MS, NC, SC, TN, VA, WV)"
"137865","Tom P. Haney Technical College","2023","Florida","Southeast (AL, AR, FL, GA, KY, LA, MS, NC, SC, TN, VA, WV)"
"137953","Trinity Baptist College","2023","Florida","Southeast (AL, AR, FL, GA, KY, LA, MS, NC, SC, TN, VA, WV)"
"137962","Trinity College of Florida","2023","Florida","Southeast (AL, AR, FL, GA, KY, LA, MS, NC, SC, TN, VA, WV)"
"138187","Valencia College","2023","Florida","Southeast (AL, AR, FL, GA, KY, LA, MS, NC, SC, TN, VA, WV)"
"138275","Warner University","2023","Florida","Southeast (AL, AR, FL, GA, KY, LA, MS, NC, SC, TN, VA, WV)"
"138284","Florida Panhandle Technical College","2023","Florida","Southeast (AL, AR, FL, GA, KY, LA, MS, NC, SC, TN, VA, WV)"
"138293","Webber International University","2023","Florida","Southeast (AL, AR, FL, GA, KY, LA, MS, NC, SC, TN, VA, WV)"
"138309","Rasmussen University-Florida","2023","Florida","Southeast (AL, AR, FL, GA, KY, LA, MS, NC, SC, TN, VA, WV)"
"138354","University of West Florida","2023","Florida","Southeast (AL, AR, FL, GA, KY, LA, MS, NC, SC, TN, VA, WV)"
"138372","Orange Technical College-West Campus","2023","Florida","Southeast (AL, AR, FL, GA, KY, LA, MS, NC, SC, TN, VA, WV)"
"138479","William T McFatter Technical College","2023","Florida","Southeast (AL, AR, FL, GA, KY, LA, MS, NC, SC, TN, VA, WV)"
"138488","Orange Technical College-East Campus","2023","Florida","Southeast (AL, AR, FL, GA, KY, LA, MS, NC, SC, TN, VA, WV)"
"138497","Withlacoochee Technical College","2023","Florida","Southeast (AL, AR, FL, GA, KY, LA, MS, NC, SC, TN, VA, WV)"
"138558","Abraham Baldwin Agricultural College","2023","Georgia","Southeast (AL, AR, FL, GA, KY, LA, MS, NC, SC, TN, VA, WV)"
"138600","Agnes Scott College","2023","Georgia","Southeast (AL, AR, FL, GA, KY, LA, MS, NC, SC, TN, VA, WV)"
"138655","Interactive College of Technology-Chamblee","2023","Georgia","Southeast (AL, AR, FL, GA, KY, LA, MS, NC, SC, TN, VA, WV)"
"138664","Interactive College of Technology-Morrow","2023","Georgia","Southeast (AL, AR, FL, GA, KY, LA, MS, NC, SC, TN, VA, WV)"
"138682","Albany Technical College","2023","Georgia","Southeast (AL, AR, FL, GA, KY, LA, MS, NC, SC, TN, VA, WV)"
"138716","Albany State University","2023","Georgia","Southeast (AL, AR, FL, GA, KY, LA, MS, NC, SC, TN, VA, WV)"
"138761","Andrew College","2023","Georgia","Southeast (AL, AR, FL, GA, KY, LA, MS, NC, SC, TN, VA, WV)"
"138813","The Art Institute of Atlanta","2023","Georgia","Southeast (AL, AR, FL, GA, KY, LA, MS, NC, SC, TN, VA, WV)"
"138822","Georgia Career Institute","2023","Georgia","Southeast (AL, AR, FL, GA, KY, LA, MS, NC, SC, TN, VA, WV)"
"138840","Atlanta Technical College","2023","Georgia","Southeast (AL, AR, FL, GA, KY, LA, MS, NC, SC, TN, VA, WV)"
"138868","Point University","2023","Georgia","Southeast (AL, AR, FL, GA, KY, LA, MS, NC, SC, TN, VA, WV)"
"138901","Atlanta Metropolitan State College","2023","Georgia","Southeast (AL, AR, FL, GA, KY, LA, MS, NC, SC, TN, VA, WV)"
"138929","Atlanta's John Marshall Law School","2023","Georgia","Southeast (AL, AR, FL, GA, KY, LA, MS, NC, SC, TN, VA, WV)"
"138938","Atlanta School of Massage","2023","Georgia","Southeast (AL, AR, FL, GA, KY, LA, MS, NC, SC, TN, VA, WV)"
"138947","Clark Atlanta University","2023","Georgia","Southeast (AL, AR, FL, GA, KY, LA, MS, NC, SC, TN, VA, WV)"
"138956","Augusta Technical College","2023","Georgia","Southeast (AL, AR, FL, GA, KY, LA, MS, NC, SC, TN, VA, WV)"
"139144","Berry College","2023","Georgia","Southeast (AL, AR, FL, GA, KY, LA, MS, NC, SC, TN, VA, WV)"
"139153","Beulah Heights University","2023","Georgia","Southeast (AL, AR, FL, GA, KY, LA, MS, NC, SC, TN, VA, WV)"
"139199","Brenau University","2023","Georgia","Southeast (AL, AR, FL, GA, KY, LA, MS, NC, SC, TN, VA, WV)"
"139205","Brewton-Parker College","2023","Georgia","Southeast (AL, AR, FL, GA, KY, LA, MS, NC, SC, TN, VA, WV)"
"139250","College of Coastal Georgia","2023","Georgia","Southeast (AL, AR, FL, GA, KY, LA, MS, NC, SC, TN, VA, WV)"
"139278","West Georgia Technical College","2023","Georgia","Southeast (AL, AR, FL, GA, KY, LA, MS, NC, SC, TN, VA, WV)"
"139311","Clayton  State University","2023","Georgia","Southeast (AL, AR, FL, GA, KY, LA, MS, NC, SC, TN, VA, WV)"
"139348","Columbia Theological Seminary","2023","Georgia","Southeast (AL, AR, FL, GA, KY, LA, MS, NC, SC, TN, VA, WV)"
"139357","Columbus Technical College","2023","Georgia","Southeast (AL, AR, FL, GA, KY, LA, MS, NC, SC, TN, VA, WV)"
"139366","Columbus State University","2023","Georgia","Southeast (AL, AR, FL, GA, KY, LA, MS, NC, SC, TN, VA, WV)"
"139384","Georgia Northwestern Technical College","2023","Georgia","Southeast (AL, AR, FL, GA, KY, LA, MS, NC, SC, TN, VA, WV)"
"139393","Covenant College","2023","Georgia","Southeast (AL, AR, FL, GA, KY, LA, MS, NC, SC, TN, VA, WV)"
"139463","Dalton State College","2023","Georgia","Southeast (AL, AR, FL, GA, KY, LA, MS, NC, SC, TN, VA, WV)"
"139506","Pro Way Hair School","2023","Georgia","Southeast (AL, AR, FL, GA, KY, LA, MS, NC, SC, TN, VA, WV)"
"139579","South University-Savannah","2023","Georgia","Southeast (AL, AR, FL, GA, KY, LA, MS, NC, SC, TN, VA, WV)"
"139621","East Georgia State College","2023","Georgia","Southeast (AL, AR, FL, GA, KY, LA, MS, NC, SC, TN, VA, WV)"
"139630","Emmanuel University","2023","Georgia","Southeast (AL, AR, FL, GA, KY, LA, MS, NC, SC, TN, VA, WV)"
"139658","Emory University","2023","Georgia","Southeast (AL, AR, FL, GA, KY, LA, MS, NC, SC, TN, VA, WV)"
"139700","Georgia Highlands College","2023","Georgia","Southeast (AL, AR, FL, GA, KY, LA, MS, NC, SC, TN, VA, WV)"
"139719","Fort Valley State University","2023","Georgia","Southeast (AL, AR, FL, GA, KY, LA, MS, NC, SC, TN, VA, WV)"
"139746","Grady Health System Professional Schools","2023","Georgia","Southeast (AL, AR, FL, GA, KY, LA, MS, NC, SC, TN, VA, WV)"
"139755","Georgia Institute of Technology-Main Campus","2023","Georgia","Southeast (AL, AR, FL, GA, KY, LA, MS, NC, SC, TN, VA, WV)"
"139764","Georgia Southwestern State University","2023","Georgia","Southeast (AL, AR, FL, GA, KY, LA, MS, NC, SC, TN, VA, WV)"
"139861","Georgia College & State University","2023","Georgia","Southeast (AL, AR, FL, GA, KY, LA, MS, NC, SC, TN, VA, WV)"
"139931","Georgia Southern University","2023","Georgia","Southeast (AL, AR, FL, GA, KY, LA, MS, NC, SC, TN, VA, WV)"
"139940","Georgia State University","2023","Georgia","Southeast (AL, AR, FL, GA, KY, LA, MS, NC, SC, TN, VA, WV)"
"139959","University of Georgia","2023","Georgia","Southeast (AL, AR, FL, GA, KY, LA, MS, NC, SC, TN, VA, WV)"
"139968","Gordon State College","2023","Georgia","Southeast (AL, AR, FL, GA, KY, LA, MS, NC, SC, TN, VA, WV)"
"139986","Southern Crescent Technical College","2023","Georgia","Southeast (AL, AR, FL, GA, KY, LA, MS, NC, SC, TN, VA, WV)"
"139995","Gupton Jones College of Funeral Service","2023","Georgia","Southeast (AL, AR, FL, GA, KY, LA, MS, NC, SC, TN, VA, WV)"
"140003","Gwinnett College-Lilburn","2023","Georgia","Southeast (AL, AR, FL, GA, KY, LA, MS, NC, SC, TN, VA, WV)"
"140012","Gwinnett Technical College","2023","Georgia","Southeast (AL, AR, FL, GA, KY, LA, MS, NC, SC, TN, VA, WV)"
"140146","Interdenominational Theological Center","2023","Georgia","Southeast (AL, AR, FL, GA, KY, LA, MS, NC, SC, TN, VA, WV)"
"140234","LaGrange College","2023","Georgia","Southeast (AL, AR, FL, GA, KY, LA, MS, NC, SC, TN, VA, WV)"
"140243","Lanier Technical College","2023","Georgia","Southeast (AL, AR, FL, GA, KY, LA, MS, NC, SC, TN, VA, WV)"
"140252","Life University","2023","Georgia","Southeast (AL, AR, FL, GA, KY, LA, MS, NC, SC, TN, VA, WV)"
"140331","Chattahoochee Technical College","2023","Georgia","Southeast (AL, AR, FL, GA, KY, LA, MS, NC, SC, TN, VA, WV)"
"140340","Herzing University-Atlanta","2023","Georgia","Southeast (AL, AR, FL, GA, KY, LA, MS, NC, SC, TN, VA, WV)"
"140447","Mercer University","2023","Georgia","Southeast (AL, AR, FL, GA, KY, LA, MS, NC, SC, TN, VA, WV)"
"140553","Morehouse College","2023","Georgia","Southeast (AL, AR, FL, GA, KY, LA, MS, NC, SC, TN, VA, WV)"
"140562","Morehouse School of Medicine","2023","Georgia","Southeast (AL, AR, FL, GA, KY, LA, MS, NC, SC, TN, VA, WV)"
"140678","North Georgia Technical College","2023","Georgia","Southeast (AL, AR, FL, GA, KY, LA, MS, NC, SC, TN, VA, WV)"
"140696","Oglethorpe University","2023","Georgia","Southeast (AL, AR, FL, GA, KY, LA, MS, NC, SC, TN, VA, WV)"
"140720","Paine College","2023","Georgia","Southeast (AL, AR, FL, GA, KY, LA, MS, NC, SC, TN, VA, WV)"
"140818","Piedmont University","2023","Georgia","Southeast (AL, AR, FL, GA, KY, LA, MS, NC, SC, TN, VA, WV)"
"140827","Miami Ad School-Atlanta","2023","Georgia","Southeast (AL, AR, FL, GA, KY, LA, MS, NC, SC, TN, VA, WV)"
"140872","Reinhardt University","2023","Georgia","Southeast (AL, AR, FL, GA, KY, LA, MS, NC, SC, TN, VA, WV)"
"140942","Savannah Technical College","2023","Georgia","Southeast (AL, AR, FL, GA, KY, LA, MS, NC, SC, TN, VA, WV)"
"140951","Savannah College of Art and Design","2023","Georgia","Southeast (AL, AR, FL, GA, KY, LA, MS, NC, SC, TN, VA, WV)"
"140960","Savannah State University","2023","Georgia","Southeast (AL, AR, FL, GA, KY, LA, MS, NC, SC, TN, VA, WV)"
"140988","Shorter University","2023","Georgia","Southeast (AL, AR, FL, GA, KY, LA, MS, NC, SC, TN, VA, WV)"
"141006","South Georgia Technical College","2023","Georgia","Southeast (AL, AR, FL, GA, KY, LA, MS, NC, SC, TN, VA, WV)"
"141060","Spelman College","2023","Georgia","Southeast (AL, AR, FL, GA, KY, LA, MS, NC, SC, TN, VA, WV)"
"141167","Thomas University","2023","Georgia","Southeast (AL, AR, FL, GA, KY, LA, MS, NC, SC, TN, VA, WV)"
"141185","Toccoa Falls College","2023","Georgia","Southeast (AL, AR, FL, GA, KY, LA, MS, NC, SC, TN, VA, WV)"
"141237","Truett McConnell University","2023","Georgia","Southeast (AL, AR, FL, GA, KY, LA, MS, NC, SC, TN, VA, WV)"
"141255","Wiregrass Georgia Technical College","2023","Georgia","Southeast (AL, AR, FL, GA, KY, LA, MS, NC, SC, TN, VA, WV)"
"141264","Valdosta State University","2023","Georgia","Southeast (AL, AR, FL, GA, KY, LA, MS, NC, SC, TN, VA, WV)"
"141325","Wesleyan College","2023","Georgia","Southeast (AL, AR, FL, GA, KY, LA, MS, NC, SC, TN, VA, WV)"
"141334","University of West Georgia","2023","Georgia","Southeast (AL, AR, FL, GA, KY, LA, MS, NC, SC, TN, VA, WV)"
"141361","Young Harris College","2023","Georgia","Southeast (AL, AR, FL, GA, KY, LA, MS, NC, SC, TN, VA, WV)"
"141486","Chaminade University of Honolulu","2023","Hawaii","Far West (AK, CA, HI, NV, OR, WA)"
"141565","University of Hawaii at Hilo","2023","Hawaii","Far West (AK, CA, HI, NV, OR, WA)"
"141574","University of Hawaii at Manoa","2023","Hawaii","Far West (AK, CA, HI, NV, OR, WA)"
"141608","Hawaii Institute of Hair Design","2023","Hawaii","Far West (AK, CA, HI, NV, OR, WA)"
"141644","Hawaii Pacific University","2023","Hawaii","Far West (AK, CA, HI, NV, OR, WA)"
"141680","Honolulu Community College","2023","Hawaii","Far West (AK, CA, HI, NV, OR, WA)"
"141796","Kapiolani Community College","2023","Hawaii","Far West (AK, CA, HI, NV, OR, WA)"
"141802","Kauai Community College","2023","Hawaii","Far West (AK, CA, HI, NV, OR, WA)"
"141811","Leeward Community College","2023","Hawaii","Far West (AK, CA, HI, NV, OR, WA)"
"141839","University of Hawaii Maui College","2023","Hawaii","Far West (AK, CA, HI, NV, OR, WA)"
"141963","University of Hawaii System Office","2023","Hawaii","Far West (AK, CA, HI, NV, OR, WA)"
"141981","University of Hawaii-West Oahu","2023","Hawaii","Far West (AK, CA, HI, NV, OR, WA)"
"141990","Windward Community College","2023","Hawaii","Far West (AK, CA, HI, NV, OR, WA)"
"142054","Carrington College-Boise","2023","Idaho","Rocky Mountains (CO, ID, MT, UT, WY)"
"142090","Boise Bible College","2023","Idaho","Rocky Mountains (CO, ID, MT, UT, WY)"
"142115","Boise State University","2023","Idaho","Rocky Mountains (CO, ID, MT, UT, WY)"
"142179","College of Eastern Idaho","2023","Idaho","Rocky Mountains (CO, ID, MT, UT, WY)"
"142276","Idaho State University","2023","Idaho","Rocky Mountains (CO, ID, MT, UT, WY)"
"142285","University of Idaho","2023","Idaho","Rocky Mountains (CO, ID, MT, UT, WY)"
"142294","The College of Idaho","2023","Idaho","Rocky Mountains (CO, ID, MT, UT, WY)"
"142328","Lewis-Clark State College","2023","Idaho","Rocky Mountains (CO, ID, MT, UT, WY)"
"142407","Aveda Institute-Twin Falls","2023","Idaho","Rocky Mountains (CO, ID, MT, UT, WY)"
"142443","North Idaho College","2023","Idaho","Rocky Mountains (CO, ID, MT, UT, WY)"
"142461","Northwest Nazarene University","2023","Idaho","Rocky Mountains (CO, ID, MT, UT, WY)"
"142489","Nathan Layne Institute of Cosmetology","2023","Idaho","Rocky Mountains (CO, ID, MT, UT, WY)"
"142522","Brigham Young University-Idaho","2023","Idaho","Rocky Mountains (CO, ID, MT, UT, WY)"
"142559","College of Southern Idaho","2023","Idaho","Rocky Mountains (CO, ID, MT, UT, WY)"
"142832","Adler University","2023","Illinois","Great Lakes (IL, IN, MI, OH, WI)"
"142887","American Academy of Art College","2023","Illinois","Great Lakes (IL, IN, MI, OH, WI)"
"142957","American Islamic College","2023","Illinois","Great Lakes (IL, IN, MI, OH, WI)"
"143048","School of the Art Institute of Chicago","2023","Illinois","Great Lakes (IL, IN, MI, OH, WI)"
"143084","Augustana College","2023","Illinois","Great Lakes (IL, IN, MI, OH, WI)"
"143118","Aurora University","2023","Illinois","Great Lakes (IL, IN, MI, OH, WI)"
"143215","Southwestern Illinois College","2023","Illinois","Great Lakes (IL, IN, MI, OH, WI)"
"143233","Bethany Theological Seminary","2023","Indiana","Great Lakes (IL, IN, MI, OH, WI)"
"143279","Black Hawk College","2023","Illinois","Great Lakes (IL, IN, MI, OH, WI)"
"143288","Blackburn College","2023","Illinois","Great Lakes (IL, IN, MI, OH, WI)"
"143297","Blessing Rieman College of Nursing and Health Sciences","2023","Illinois","Great Lakes (IL, IN, MI, OH, WI)"
"143358","Bradley University","2023","Illinois","Great Lakes (IL, IN, MI, OH, WI)"
"143376","Paul Mitchell the School-Tinley Park","2023","Illinois","Great Lakes (IL, IN, MI, OH, WI)"
"143464","Cameo Beauty Academy","2023","Illinois","Great Lakes (IL, IN, MI, OH, WI)"
"143473","Cannella School of Hair Design-Villa Park","2023","Illinois","Great Lakes (IL, IN, MI, OH, WI)"
"143482","Cannella School of Hair Design-Chicago","2023","Illinois","Great Lakes (IL, IN, MI, OH, WI)"
"143491","Cannella School of Hair Design-Chicago","2023","Illinois","Great Lakes (IL, IN, MI, OH, WI)"
"143552","Capri Beauty College","2023","Illinois","Great Lakes (IL, IN, MI, OH, WI)"
"143613","Carl Sandburg College","2023","Illinois","Great Lakes (IL, IN, MI, OH, WI)"
"143659","Catholic Theological Union at Chicago","2023","Illinois","Great Lakes (IL, IN, MI, OH, WI)"
"143853","Midwestern University-Downers Grove","2023","Illinois","Great Lakes (IL, IN, MI, OH, WI)"
"143978","The Chicago School at Chicago","2023","Illinois","Great Lakes (IL, IN, MI, OH, WI)"
"144005","Chicago State University","2023","Illinois","Great Lakes (IL, IN, MI, OH, WI)"
"144014","Chicago Theological Seminary","2023","Illinois","Great Lakes (IL, IN, MI, OH, WI)"
"144050","University of Chicago","2023","Illinois","Great Lakes (IL, IN, MI, OH, WI)"
"144157","City Colleges of Chicago-Kennedy-King College","2023","Illinois","Great Lakes (IL, IN, MI, OH, WI)"
"144166","City Colleges of Chicago-Malcolm X College","2023","Illinois","Great Lakes (IL, IN, MI, OH, WI)"
"144175","City Colleges of Chicago-Olive-Harvey College","2023","Illinois","Great Lakes (IL, IN, MI, OH, WI)"
"144184","City Colleges of Chicago-Harry S Truman College","2023","Illinois","Great Lakes (IL, IN, MI, OH, WI)"
"144193","City Colleges of Chicago-Richard J Daley College","2023","Illinois","Great Lakes (IL, IN, MI, OH, WI)"
"144209","City Colleges of Chicago-Harold Washington College","2023","Illinois","Great Lakes (IL, IN, MI, OH, WI)"
"144218","City Colleges of Chicago-Wilbur Wright College","2023","Illinois","Great Lakes (IL, IN, MI, OH, WI)"
"144281","Columbia College Chicago","2023","Illinois","Great Lakes (IL, IN, MI, OH, WI)"
"144351","Concordia University-Chicago","2023","Illinois","Great Lakes (IL, IN, MI, OH, WI)"
"144500","City Colleges of Chicago-District Office","2023","Illinois","Great Lakes (IL, IN, MI, OH, WI)"
"144564","Danville Area Community College","2023","Illinois","Great Lakes (IL, IN, MI, OH, WI)"
"144573","Tricoci University of Beauty Culture","2023","Illinois","Great Lakes (IL, IN, MI, OH, WI)"
"144740","DePaul University","2023","Illinois","Great Lakes (IL, IN, MI, OH, WI)"
"144777","DeVry University-Administrative Office","2023","Illinois","Great Lakes (IL, IN, MI, OH, WI)"
"144795","Cosmetology & Spa Academy","2023","Illinois","Great Lakes (IL, IN, MI, OH, WI)"
"144865","College of DuPage","2023","Illinois","Great Lakes (IL, IN, MI, OH, WI)"
"144883","East-West University","2023","Illinois","Great Lakes (IL, IN, MI, OH, WI)"
"144892","Eastern Illinois University","2023","Illinois","Great Lakes (IL, IN, MI, OH, WI)"
"144944","Elgin Community College","2023","Illinois","Great Lakes (IL, IN, MI, OH, WI)"
"144962","Elmhurst University","2023","Illinois","Great Lakes (IL, IN, MI, OH, WI)"
"144971","Eureka College","2023","Illinois","Great Lakes (IL, IN, MI, OH, WI)"
"145099","First Institute of Travel, Inc.","2023","Illinois","Great Lakes (IL, IN, MI, OH, WI)"
"145239","Fox College","2023","Illinois","Great Lakes (IL, IN, MI, OH, WI)"
"145275","Garrett-Evangelical Theological Seminary","2023","Illinois","Great Lakes (IL, IN, MI, OH, WI)"
"145309","Gem City College","2023","Illinois","Great Lakes (IL, IN, MI, OH, WI)"
"145336","Governors State University","2023","Illinois","Great Lakes (IL, IN, MI, OH, WI)"
"145354","Graham Hospital School of Nursing","2023","Illinois","Great Lakes (IL, IN, MI, OH, WI)"
"145372","Greenville University","2023","Illinois","Great Lakes (IL, IN, MI, OH, WI)"
"145406","G Skin & Beauty Institute","2023","Illinois","Great Lakes (IL, IN, MI, OH, WI)"
"145424","Hair Professionals Career College","2023","Illinois","Great Lakes (IL, IN, MI, OH, WI)"
"145433","Hair Professionals School of Cosmetology","2023","Illinois","Great Lakes (IL, IN, MI, OH, WI)"
"145497","Hebrew Theological College","2023","Illinois","Great Lakes (IL, IN, MI, OH, WI)"
"145521","Highland Community College","2023","Illinois","Great Lakes (IL, IN, MI, OH, WI)"
"145558","Rosalind Franklin University of Medicine and Science","2023","Illinois","Great Lakes (IL, IN, MI, OH, WI)"
"145600","University of Illinois Chicago","2023","Illinois","Great Lakes (IL, IN, MI, OH, WI)"
"145619","Benedictine University","2023","Illinois","Great Lakes (IL, IN, MI, OH, WI)"
"145628","Illinois College of Optometry","2023","Illinois","Great Lakes (IL, IN, MI, OH, WI)"
"145637","University of Illinois Urbana-Champaign","2023","Illinois","Great Lakes (IL, IN, MI, OH, WI)"
"145646","Illinois Wesleyan University","2023","Illinois","Great Lakes (IL, IN, MI, OH, WI)"
"145682","Illinois Central College","2023","Illinois","Great Lakes (IL, IN, MI, OH, WI)"
"145691","Illinois College","2023","Illinois","Great Lakes (IL, IN, MI, OH, WI)"
"145707","Olney Central College","2023","Illinois","Great Lakes (IL, IN, MI, OH, WI)"
"145725","Illinois Institute of Technology","2023","Illinois","Great Lakes (IL, IN, MI, OH, WI)"
"145813","Illinois State University","2023","Illinois","Great Lakes (IL, IN, MI, OH, WI)"
"145831","Illinois Valley Community College","2023","Illinois","Great Lakes (IL, IN, MI, OH, WI)"
"145886","Institute for Clinical Social Work","2023","Illinois","Great Lakes (IL, IN, MI, OH, WI)"
"146205","John A Logan College","2023","Illinois","Great Lakes (IL, IN, MI, OH, WI)"
"146278","John Wood Community College","2023","Illinois","Great Lakes (IL, IN, MI, OH, WI)"
"146296","Joliet Junior College","2023","Illinois","Great Lakes (IL, IN, MI, OH, WI)"
"146339","Judson University","2023","Illinois","Great Lakes (IL, IN, MI, OH, WI)"
"146348","Kankakee Community College","2023","Illinois","Great Lakes (IL, IN, MI, OH, WI)"
"146366","Kaskaskia College","2023","Illinois","Great Lakes (IL, IN, MI, OH, WI)"
"146418","Kishwaukee College","2023","Illinois","Great Lakes (IL, IN, MI, OH, WI)"
"146427","Knox College","2023","Illinois","Great Lakes (IL, IN, MI, OH, WI)"
"146454","Educators of Beauty College of Cosmetology-Peru","2023","Illinois","Great Lakes (IL, IN, MI, OH, WI)"
"146472","College of Lake County","2023","Illinois","Great Lakes (IL, IN, MI, OH, WI)"
"146481","Lake Forest College","2023","Illinois","Great Lakes (IL, IN, MI, OH, WI)"
"146490","Lake Forest Graduate School of Management","2023","Illinois","Great Lakes (IL, IN, MI, OH, WI)"
"146506","Lake Land College","2023","Illinois","Great Lakes (IL, IN, MI, OH, WI)"
"146533","Lakeview College of Nursing","2023","Illinois","Great Lakes (IL, IN, MI, OH, WI)"
"146603","Lewis and Clark Community College","2023","Illinois","Great Lakes (IL, IN, MI, OH, WI)"
"146612","Lewis University","2023","Illinois","Great Lakes (IL, IN, MI, OH, WI)"
"146667","Lincoln Christian University","2023","Illinois","Great Lakes (IL, IN, MI, OH, WI)"
"146685","Lincoln Land Community College","2023","Illinois","Great Lakes (IL, IN, MI, OH, WI)"
"146700","Lincoln College of Technology-Melrose Park","2023","Illinois","Great Lakes (IL, IN, MI, OH, WI)"
"146719","Loyola University Chicago","2023","Illinois","Great Lakes (IL, IN, MI, OH, WI)"
"146728","Lutheran School of Theology at Chicago","2023","Illinois","Great Lakes (IL, IN, MI, OH, WI)"
"146755","Trinity College of Nursing & Health Sciences","2023","Illinois","Great Lakes (IL, IN, MI, OH, WI)"
"146807","Steven Papageorge Hair Academy","2023","Illinois","Great Lakes (IL, IN, MI, OH, WI)"
"146816","Generations College","2023","Illinois","Great Lakes (IL, IN, MI, OH, WI)"
"146977","McCormick Theological Seminary","2023","Illinois","Great Lakes (IL, IN, MI, OH, WI)"
"147004","McHenry County College","2023","Illinois","Great Lakes (IL, IN, MI, OH, WI)"
"147013","McKendree University","2023","Illinois","Great Lakes (IL, IN, MI, OH, WI)"
"147031","Meadville Theological School of Lombard College","2023","Illinois","Great Lakes (IL, IN, MI, OH, WI)"
"147129","Methodist College","2023","Illinois","Great Lakes (IL, IN, MI, OH, WI)"
"147244","Millikin University","2023","Illinois","Great Lakes (IL, IN, MI, OH, WI)"
"147341","Monmouth College","2023","Illinois","Great Lakes (IL, IN, MI, OH, WI)"
"147369","Moody Bible Institute","2023","Illinois","Great Lakes (IL, IN, MI, OH, WI)"
"147378","Moraine Valley Community College","2023","Illinois","Great Lakes (IL, IN, MI, OH, WI)"
"147396","Morrison Institute of Technology","2023","Illinois","Great Lakes (IL, IN, MI, OH, WI)"
"147411","Morton College","2023","Illinois","Great Lakes (IL, IN, MI, OH, WI)"
"147536","National Louis University","2023","Illinois","Great Lakes (IL, IN, MI, OH, WI)"
"147590","National University of Health Sciences","2023","Illinois","Great Lakes (IL, IN, MI, OH, WI)"
"147642","Cosmetology Concepts Niles","2023","Illinois","Great Lakes (IL, IN, MI, OH, WI)"
"147660","North Central College","2023","Illinois","Great Lakes (IL, IN, MI, OH, WI)"
"147679","North Park University","2023","Illinois","Great Lakes (IL, IN, MI, OH, WI)"
"147697","Northern Baptist Theological Seminary","2023","Illinois","Great Lakes (IL, IN, MI, OH, WI)"
"147703","Northern Illinois University","2023","Illinois","Great Lakes (IL, IN, MI, OH, WI)"
"147767","Northwestern University","2023","Illinois","Great Lakes (IL, IN, MI, OH, WI)"
"147776","Northeastern Illinois University","2023","Illinois","Great Lakes (IL, IN, MI, OH, WI)"
"147800","Oakton College","2023","Illinois","Great Lakes (IL, IN, MI, OH, WI)"
"147819","Oehrlein School of Cosmetology","2023","Illinois","Great Lakes (IL, IN, MI, OH, WI)"
"147828","Olivet Nazarene University","2023","Illinois","Great Lakes (IL, IN, MI, OH, WI)"
"147916","Parkland College","2023","Illinois","Great Lakes (IL, IN, MI, OH, WI)"
"148007","Prairie State College","2023","Illinois","Great Lakes (IL, IN, MI, OH, WI)"
"148016","Principia College","2023","Illinois","Great Lakes (IL, IN, MI, OH, WI)"
"148098","Professional's Choice Hair Design Academy","2023","Illinois","Great Lakes (IL, IN, MI, OH, WI)"
"148131","Quincy University","2023","Illinois","Great Lakes (IL, IN, MI, OH, WI)"
"148256","Rend Lake College","2023","Illinois","Great Lakes (IL, IN, MI, OH, WI)"
"148292","Richland Community College","2023","Illinois","Great Lakes (IL, IN, MI, OH, WI)"
"148380","Rock Valley College","2023","Illinois","Great Lakes (IL, IN, MI, OH, WI)"
"148405","Rockford University","2023","Illinois","Great Lakes (IL, IN, MI, OH, WI)"
"148487","Roosevelt University","2023","Illinois","Great Lakes (IL, IN, MI, OH, WI)"
"148496","Dominican University","2023","Illinois","Great Lakes (IL, IN, MI, OH, WI)"
"148511","Rush University","2023","Illinois","Great Lakes (IL, IN, MI, OH, WI)"
"148575","Saint Francis Medical Center College of Nursing","2023","Illinois","Great Lakes (IL, IN, MI, OH, WI)"
"148584","University of St Francis","2023","Illinois","Great Lakes (IL, IN, MI, OH, WI)"
"148593","St. John's College-Department of Nursing","2023","Illinois","Great Lakes (IL, IN, MI, OH, WI)"
"148627","Saint Xavier University","2023","Illinois","Great Lakes (IL, IN, MI, OH, WI)"
"148654","University of Illinois Springfield","2023","Illinois","Great Lakes (IL, IN, MI, OH, WI)"
"148672","Sauk Valley Community College","2023","Illinois","Great Lakes (IL, IN, MI, OH, WI)"
"148821","Shawnee Community College","2023","Illinois","Great Lakes (IL, IN, MI, OH, WI)"
"148876","St. Augustine College","2023","Illinois","Great Lakes (IL, IN, MI, OH, WI)"
"148885","University of Saint Mary of the Lake","2023","Illinois","Great Lakes (IL, IN, MI, OH, WI)"
"148937","Southeastern Illinois College","2023","Illinois","Great Lakes (IL, IN, MI, OH, WI)"
"148955","National Latino Education Institute","2023","Illinois","Great Lakes (IL, IN, MI, OH, WI)"
"148982","Spertus College","2023","Illinois","Great Lakes (IL, IN, MI, OH, WI)"
"148991","Spoon River College","2023","Illinois","Great Lakes (IL, IN, MI, OH, WI)"
"149028","Saint Anthony College of Nursing","2023","Illinois","Great Lakes (IL, IN, MI, OH, WI)"
"149204","Educators of Beauty College of Cosmetology-Sterling","2023","Illinois","Great Lakes (IL, IN, MI, OH, WI)"
"149222","Southern Illinois University-Carbondale","2023","Illinois","Great Lakes (IL, IN, MI, OH, WI)"
"149231","Southern Illinois University-Edwardsville","2023","Illinois","Great Lakes (IL, IN, MI, OH, WI)"
"149240","Southern Illinois University-System Office","2023","Illinois","Great Lakes (IL, IN, MI, OH, WI)"
"149310","Taylor Business Institute","2023","Illinois","Great Lakes (IL, IN, MI, OH, WI)"
"149329","Telshe Yeshiva-Chicago","2023","Illinois","Great Lakes (IL, IN, MI, OH, WI)"
"149365","South Suburban College","2023","Illinois","Great Lakes (IL, IN, MI, OH, WI)"
"149505","Trinity Christian College","2023","Illinois","Great Lakes (IL, IN, MI, OH, WI)"
"149514","Trinity International University-Illinois","2023","Illinois","Great Lakes (IL, IN, MI, OH, WI)"
"149532","Triton College","2023","Illinois","Great Lakes (IL, IN, MI, OH, WI)"
"149550","University of Spa & Cosmetology Arts","2023","Illinois","Great Lakes (IL, IN, MI, OH, WI)"
"149587","University of Illinois System Offices","2023","Illinois","Great Lakes (IL, IN, MI, OH, WI)"
"149639","VanderCook College of Music","2023","Illinois","Great Lakes (IL, IN, MI, OH, WI)"
"149727","Waubonsee Community College","2023","Illinois","Great Lakes (IL, IN, MI, OH, WI)"
"149763","Oak Point University","2023","Illinois","Great Lakes (IL, IN, MI, OH, WI)"
"149772","Western Illinois University","2023","Illinois","Great Lakes (IL, IN, MI, OH, WI)"
"149781","Wheaton College","2023","Illinois","Great Lakes (IL, IN, MI, OH, WI)"
"149842","William Rainey Harper College","2023","Illinois","Great Lakes (IL, IN, MI, OH, WI)"
"150066","Anderson University","2023","Indiana","Great Lakes (IL, IN, MI, OH, WI)"
"150136","Ball State University","2023","Indiana","Great Lakes (IL, IN, MI, OH, WI)"
"150145","Bethel University","2023","Indiana","Great Lakes (IL, IN, MI, OH, WI)"
"150163","Butler University","2023","Indiana","Great Lakes (IL, IN, MI, OH, WI)"
"150172","Calumet College of Saint Joseph","2023","Indiana","Great Lakes (IL, IN, MI, OH, WI)"
"150215","Christian Theological Seminary","2023","Indiana","Great Lakes (IL, IN, MI, OH, WI)"
"150251","College of Court Reporting Inc","2023","Indiana","Great Lakes (IL, IN, MI, OH, WI)"
"150288","Concordia Theological Seminary","2023","Indiana","Great Lakes (IL, IN, MI, OH, WI)"
"150303","Tricoci University of Beauty Culture-Highland","2023","Indiana","Great Lakes (IL, IN, MI, OH, WI)"
"150400","DePauw University","2023","Indiana","Great Lakes (IL, IN, MI, OH, WI)"
"150428","Don Roberts School of Hair Design","2023","Indiana","Great Lakes (IL, IN, MI, OH, WI)"
"150455","Earlham College","2023","Indiana","Great Lakes (IL, IN, MI, OH, WI)"
"150534","University of Evansville","2023","Indiana","Great Lakes (IL, IN, MI, OH, WI)"
"150604","Franklin College","2023","Indiana","Great Lakes (IL, IN, MI, OH, WI)"
"150668","Goshen College","2023","Indiana","Great Lakes (IL, IN, MI, OH, WI)"
"150677","Grace College and Theological Seminary","2023","Indiana","Great Lakes (IL, IN, MI, OH, WI)"
"150756","Hanover College","2023","Indiana","Great Lakes (IL, IN, MI, OH, WI)"
"150765","J Michael Harrold Beauty Academy","2023","Indiana","Great Lakes (IL, IN, MI, OH, WI)"
"150774","Holy Cross College","2023","Indiana","Great Lakes (IL, IN, MI, OH, WI)"
"150853","PJ's College of Cosmetology-Clarksville","2023","Indiana","Great Lakes (IL, IN, MI, OH, WI)"
"150941","Huntington University","2023","Indiana","Great Lakes (IL, IN, MI, OH, WI)"
"150987","Ivy Tech Community College","2023","Indiana","Great Lakes (IL, IN, MI, OH, WI)"
"151102","Purdue University Fort Wayne","2023","Indiana","Great Lakes (IL, IN, MI, OH, WI)"
"151111","Indiana University-Indianapolis","2023","Indiana","Great Lakes (IL, IN, MI, OH, WI)"
"151263","University of Indianapolis","2023","Indiana","Great Lakes (IL, IN, MI, OH, WI)"
"151290","Indiana Institute of Technology","2023","Indiana","Great Lakes (IL, IN, MI, OH, WI)"
"151306","University of Southern Indiana","2023","Indiana","Great Lakes (IL, IN, MI, OH, WI)"
"151324","Indiana State University","2023","Indiana","Great Lakes (IL, IN, MI, OH, WI)"
"151333","Indiana University-Kokomo","2023","Indiana","Great Lakes (IL, IN, MI, OH, WI)"
"151342","Indiana University-South Bend","2023","Indiana","Great Lakes (IL, IN, MI, OH, WI)"
"151351","Indiana University-Bloomington","2023","Indiana","Great Lakes (IL, IN, MI, OH, WI)"
"151360","Indiana University-Northwest","2023","Indiana","Great Lakes (IL, IN, MI, OH, WI)"
"151379","Indiana University-Southeast","2023","Indiana","Great Lakes (IL, IN, MI, OH, WI)"
"151388","Indiana University-East","2023","Indiana","Great Lakes (IL, IN, MI, OH, WI)"
"151467","International Business College-Indianapolis","2023","Indiana","Great Lakes (IL, IN, MI, OH, WI)"
"151564","Taylor Institute of Cosmetology II","2023","Indiana","Great Lakes (IL, IN, MI, OH, WI)"
"151607","Tricoci University of Beauty Culture-Lafayette","2023","Indiana","Great Lakes (IL, IN, MI, OH, WI)"
"151661","Lincoln College of Technology-Indianapolis","2023","Indiana","Great Lakes (IL, IN, MI, OH, WI)"
"151777","Manchester University","2023","Indiana","Great Lakes (IL, IN, MI, OH, WI)"
"151786","Marian University","2023","Indiana","Great Lakes (IL, IN, MI, OH, WI)"
"151801","Indiana Wesleyan University-Marion","2023","Indiana","Great Lakes (IL, IN, MI, OH, WI)"
"151810","Martin University","2023","Indiana","Great Lakes (IL, IN, MI, OH, WI)"
"151865","Anabaptist Mennonite Biblical Seminary","2023","Indiana","Great Lakes (IL, IN, MI, OH, WI)"
"151962","Mid-America College of Funeral Service","2023","Indiana","Great Lakes (IL, IN, MI, OH, WI)"
"152044","West Michigan College of Barbering and Beauty","2023","Michigan","Great Lakes (IL, IN, MI, OH, WI)"
"152080","University of Notre Dame","2023","Indiana","Great Lakes (IL, IN, MI, OH, WI)"
"152099","Oakland City University","2023","Indiana","Great Lakes (IL, IN, MI, OH, WI)"
"152150","PJ's College of Cosmetology-Richmond","2023","Indiana","Great Lakes (IL, IN, MI, OH, WI)"
"152275","Ravenscroft Beauty College","2023","Indiana","Great Lakes (IL, IN, MI, OH, WI)"
"152309","Rogers Academy of Hair Design","2023","Indiana","Great Lakes (IL, IN, MI, OH, WI)"
"152318","Rose-Hulman Institute of Technology","2023","Indiana","Great Lakes (IL, IN, MI, OH, WI)"
"152336","University of Saint Francis-Fort Wayne","2023","Indiana","Great Lakes (IL, IN, MI, OH, WI)"
"152381","Saint Mary-of-the-Woods College","2023","Indiana","Great Lakes (IL, IN, MI, OH, WI)"
"152390","Saint Mary's College","2023","Indiana","Great Lakes (IL, IN, MI, OH, WI)"
"152451","Saint Meinrad School of Theology","2023","Indiana","Great Lakes (IL, IN, MI, OH, WI)"
"152497","Saint Elizabeth School of Nursing","2023","Indiana","Great Lakes (IL, IN, MI, OH, WI)"
"152530","Taylor University","2023","Indiana","Great Lakes (IL, IN, MI, OH, WI)"
"152567","Trine University","2023","Indiana","Great Lakes (IL, IN, MI, OH, WI)"
"152600","Valparaiso University","2023","Indiana","Great Lakes (IL, IN, MI, OH, WI)"
"152628","Vincennes Beauty College","2023","Indiana","Great Lakes (IL, IN, MI, OH, WI)"
"152637","Vincennes University","2023","Indiana","Great Lakes (IL, IN, MI, OH, WI)"
"152673","Wabash College","2023","Indiana","Great Lakes (IL, IN, MI, OH, WI)"
"152798","Allen College","2023","Iowa","Plains (IA, KS, MN, MO, NE, ND, SD)"
"152992","Briar Cliff University","2023","Iowa","Plains (IA, KS, MN, MO, NE, ND, SD)"
"153001","Buena Vista University","2023","Iowa","Plains (IA, KS, MN, MO, NE, ND, SD)"
"153074","Capri College-Dubuque","2023","Iowa","Plains (IA, KS, MN, MO, NE, ND, SD)"
"153083","Capri College-Cedar Rapids","2023","Iowa","Plains (IA, KS, MN, MO, NE, ND, SD)"
"153108","Central College","2023","Iowa","Plains (IA, KS, MN, MO, NE, ND, SD)"
"153126","Clarke University","2023","Iowa","Plains (IA, KS, MN, MO, NE, ND, SD)"
"153144","Coe College","2023","Iowa","Plains (IA, KS, MN, MO, NE, ND, SD)"
"153162","Cornell College","2023","Iowa","Plains (IA, KS, MN, MO, NE, ND, SD)"
"153214","Des Moines Area Community College","2023","Iowa","Plains (IA, KS, MN, MO, NE, ND, SD)"
"153241","Divine Word College","2023","Iowa","Plains (IA, KS, MN, MO, NE, ND, SD)"
"153250","Dordt University","2023","Iowa","Plains (IA, KS, MN, MO, NE, ND, SD)"
"153269","Drake University","2023","Iowa","Plains (IA, KS, MN, MO, NE, ND, SD)"
"153278","University of Dubuque","2023","Iowa","Plains (IA, KS, MN, MO, NE, ND, SD)"
"153296","Ellsworth Community College","2023","Iowa","Plains (IA, KS, MN, MO, NE, ND, SD)"
"153302","Emmaus Bible College","2023","Iowa","Plains (IA, KS, MN, MO, NE, ND, SD)"
"153311","Eastern Iowa Community College District","2023","Iowa","Plains (IA, KS, MN, MO, NE, ND, SD)"
"153320","Faith Baptist Bible College and Theological Seminary","2023","Iowa","Plains (IA, KS, MN, MO, NE, ND, SD)"
"153366","Graceland University-Lamoni","2023","Iowa","Plains (IA, KS, MN, MO, NE, ND, SD)"
"153375","Grand View University","2023","Iowa","Plains (IA, KS, MN, MO, NE, ND, SD)"
"153384","Grinnell College","2023","Iowa","Plains (IA, KS, MN, MO, NE, ND, SD)"
"153427","Orion Technical College","2023","Iowa","Plains (IA, KS, MN, MO, NE, ND, SD)"
"153445","Hawkeye Community College","2023","Iowa","Plains (IA, KS, MN, MO, NE, ND, SD)"
"153463","American Hair Academy","2023","Iowa","Plains (IA, KS, MN, MO, NE, ND, SD)"
"153472","Indian Hills Community College","2023","Iowa","Plains (IA, KS, MN, MO, NE, ND, SD)"
"153524","Iowa Central Community College","2023","Iowa","Plains (IA, KS, MN, MO, NE, ND, SD)"
"153533","Iowa Lakes Community College","2023","Iowa","Plains (IA, KS, MN, MO, NE, ND, SD)"
"153542","UnityPoint Health-Des Moines School of Radiologic Technology","2023","Iowa","Plains (IA, KS, MN, MO, NE, ND, SD)"
"153597","Iowa School of Beauty-Des Moines","2023","Iowa","Plains (IA, KS, MN, MO, NE, ND, SD)"
"153603","Iowa State University","2023","Iowa","Plains (IA, KS, MN, MO, NE, ND, SD)"
"153621","Iowa Wesleyan University","2023","Iowa","Plains (IA, KS, MN, MO, NE, ND, SD)"
"153630","Iowa Western Community College","2023","Iowa","Plains (IA, KS, MN, MO, NE, ND, SD)"
"153658","University of Iowa","2023","Iowa","Plains (IA, KS, MN, MO, NE, ND, SD)"
"153737","Kirkwood Community College","2023","Iowa","Plains (IA, KS, MN, MO, NE, ND, SD)"
"153746","La James International College-Cedar Falls","2023","Iowa","Plains (IA, KS, MN, MO, NE, ND, SD)"
"153764","La James International College-Johnston","2023","Iowa","Plains (IA, KS, MN, MO, NE, ND, SD)"
"153773","La James College of Hairstyling and Cosmetology","2023","Iowa","Plains (IA, KS, MN, MO, NE, ND, SD)"
"153782","La James International College-Ft Dodge","2023","Iowa","Plains (IA, KS, MN, MO, NE, ND, SD)"
"153825","Loras College","2023","Iowa","Plains (IA, KS, MN, MO, NE, ND, SD)"
"153834","Luther College","2023","Iowa","Plains (IA, KS, MN, MO, NE, ND, SD)"
"153861","Maharishi International University","2023","Iowa","Plains (IA, KS, MN, MO, NE, ND, SD)"
"153922","Marshalltown Community College","2023","Iowa","Plains (IA, KS, MN, MO, NE, ND, SD)"
"153977","Mercy College of Health Sciences","2023","Iowa","Plains (IA, KS, MN, MO, NE, ND, SD)"
"154004","Morningside University","2023","Iowa","Plains (IA, KS, MN, MO, NE, ND, SD)"
"154013","Mount Mercy University","2023","Iowa","Plains (IA, KS, MN, MO, NE, ND, SD)"
"154022","Ashford University","2023","California","Far West (AK, CA, HI, NV, OR, WA)"
"154059","North Iowa Area Community College","2023","Iowa","Plains (IA, KS, MN, MO, NE, ND, SD)"
"154095","University of Northern Iowa","2023","Iowa","Plains (IA, KS, MN, MO, NE, ND, SD)"
"154101","Northwestern College","2023","Iowa","Plains (IA, KS, MN, MO, NE, ND, SD)"
"154110","Northeast Iowa Community College","2023","Iowa","Plains (IA, KS, MN, MO, NE, ND, SD)"
"154129","Northwest Iowa Community College","2023","Iowa","Plains (IA, KS, MN, MO, NE, ND, SD)"
"154156","Des Moines University-Osteopathic Medical Center","2023","Iowa","Plains (IA, KS, MN, MO, NE, ND, SD)"
"154174","Palmer College of Chiropractic","2023","Iowa","Plains (IA, KS, MN, MO, NE, ND, SD)"
"154208","PCI Academy-Ames","2023","Iowa","Plains (IA, KS, MN, MO, NE, ND, SD)"
"154235","Saint Ambrose University","2023","Iowa","Plains (IA, KS, MN, MO, NE, ND, SD)"
"154262","St Luke's College","2023","Iowa","Plains (IA, KS, MN, MO, NE, ND, SD)"
"154332","La James International College-Davenport","2023","Iowa","Plains (IA, KS, MN, MO, NE, ND, SD)"
"154350","Simpson College","2023","Iowa","Plains (IA, KS, MN, MO, NE, ND, SD)"
"154378","Southeastern Community College","2023","Iowa","Plains (IA, KS, MN, MO, NE, ND, SD)"
"154396","Southwestern Community College","2023","Iowa","Plains (IA, KS, MN, MO, NE, ND, SD)"
"154448","Capri College-Davenport","2023","Iowa","Plains (IA, KS, MN, MO, NE, ND, SD)"
"154457","Iowa School of Beauty-Sioux City","2023","Iowa","Plains (IA, KS, MN, MO, NE, ND, SD)"
"154466","SOHO Hair Academy","2023","Iowa","Plains (IA, KS, MN, MO, NE, ND, SD)"
"154493","Upper Iowa University","2023","Iowa","Plains (IA, KS, MN, MO, NE, ND, SD)"
"154518","Waldorf University","2023","Iowa","Plains (IA, KS, MN, MO, NE, ND, SD)"
"154527","Wartburg College","2023","Iowa","Plains (IA, KS, MN, MO, NE, ND, SD)"
"154536","Wartburg Theological Seminary","2023","Iowa","Plains (IA, KS, MN, MO, NE, ND, SD)"
"154545","The Salon Professional Academy-Cedar Falls","2023","Iowa","Plains (IA, KS, MN, MO, NE, ND, SD)"
"154572","Western Iowa Tech Community College","2023","Iowa","Plains (IA, KS, MN, MO, NE, ND, SD)"
"154590","William Penn University","2023","Iowa","Plains (IA, KS, MN, MO, NE, ND, SD)"
"154642","Allen County Community College","2023","Kansas","Plains (IA, KS, MN, MO, NE, ND, SD)"
"154688","Baker University","2023","Kansas","Plains (IA, KS, MN, MO, NE, ND, SD)"
"154697","Barton County Community College","2023","Kansas","Plains (IA, KS, MN, MO, NE, ND, SD)"
"154712","Benedictine College","2023","Kansas","Plains (IA, KS, MN, MO, NE, ND, SD)"
"154721","Bethany College","2023","Kansas","Plains (IA, KS, MN, MO, NE, ND, SD)"
"154749","Bethel College-North Newton","2023","Kansas","Plains (IA, KS, MN, MO, NE, ND, SD)"
"154800","Butler Community College","2023","Kansas","Plains (IA, KS, MN, MO, NE, ND, SD)"
"154855","Central Christian College of Kansas","2023","Kansas","Plains (IA, KS, MN, MO, NE, ND, SD)"
"154907","Cloud County Community College","2023","Kansas","Plains (IA, KS, MN, MO, NE, ND, SD)"
"154925","Coffeyville Community College","2023","Kansas","Plains (IA, KS, MN, MO, NE, ND, SD)"
"154934","Colby Community College","2023","Kansas","Plains (IA, KS, MN, MO, NE, ND, SD)"
"154952","Cowley County Community College","2023","Kansas","Plains (IA, KS, MN, MO, NE, ND, SD)"
"154998","Dodge City Community College","2023","Kansas","Plains (IA, KS, MN, MO, NE, ND, SD)"
"155007","Donnelly College","2023","Kansas","Plains (IA, KS, MN, MO, NE, ND, SD)"
"155025","Emporia State University","2023","Kansas","Plains (IA, KS, MN, MO, NE, ND, SD)"
"155052","Flint Hills Technical College","2023","Kansas","Plains (IA, KS, MN, MO, NE, ND, SD)"
"155061","Fort Hays State University","2023","Kansas","Plains (IA, KS, MN, MO, NE, ND, SD)"
"155070","Barclay College","2023","Kansas","Plains (IA, KS, MN, MO, NE, ND, SD)"
"155089","Friends University","2023","Kansas","Plains (IA, KS, MN, MO, NE, ND, SD)"
"155098","Fort Scott Community College","2023","Kansas","Plains (IA, KS, MN, MO, NE, ND, SD)"
"155104","Garden City Community College","2023","Kansas","Plains (IA, KS, MN, MO, NE, ND, SD)"
"155140","Haskell Indian Nations University","2023","Kansas","Plains (IA, KS, MN, MO, NE, ND, SD)"
"155159","Hays Academy of Hair Design","2023","Kansas","Plains (IA, KS, MN, MO, NE, ND, SD)"
"155177","Hesston College","2023","Kansas","Plains (IA, KS, MN, MO, NE, ND, SD)"
"155186","Highland Community College","2023","Kansas","Plains (IA, KS, MN, MO, NE, ND, SD)"
"155195","Hutchinson Community College","2023","Kansas","Plains (IA, KS, MN, MO, NE, ND, SD)"
"155201","Independence Community College","2023","Kansas","Plains (IA, KS, MN, MO, NE, ND, SD)"
"155210","Johnson County Community College","2023","Kansas","Plains (IA, KS, MN, MO, NE, ND, SD)"
"155283","Concorde Career College-Kansas City","2023","Missouri","Plains (IA, KS, MN, MO, NE, ND, SD)"
"155292","Kansas City Kansas Community College","2023","Kansas","Plains (IA, KS, MN, MO, NE, ND, SD)"
"155308","Kansas Christian College","2023","Kansas","Plains (IA, KS, MN, MO, NE, ND, SD)"
"155317","University of Kansas","2023","Kansas","Plains (IA, KS, MN, MO, NE, ND, SD)"
"155335","Newman University","2023","Kansas","Plains (IA, KS, MN, MO, NE, ND, SD)"
"155353","Old Town Barber College-Wichita","2023","Kansas","Plains (IA, KS, MN, MO, NE, ND, SD)"
"155399","Kansas State University","2023","Kansas","Plains (IA, KS, MN, MO, NE, ND, SD)"
"155414","Kansas Wesleyan University","2023","Kansas","Plains (IA, KS, MN, MO, NE, ND, SD)"
"155423","Washburn Institute of Technology","2023","Kansas","Plains (IA, KS, MN, MO, NE, ND, SD)"
"155450","Labette Community College","2023","Kansas","Plains (IA, KS, MN, MO, NE, ND, SD)"
"155487","Manhattan Area Technical College","2023","Kansas","Plains (IA, KS, MN, MO, NE, ND, SD)"
"155496","Manhattan Christian College","2023","Kansas","Plains (IA, KS, MN, MO, NE, ND, SD)"
"155511","McPherson College","2023","Kansas","Plains (IA, KS, MN, MO, NE, ND, SD)"
"155520","MidAmerica Nazarene University","2023","Kansas","Plains (IA, KS, MN, MO, NE, ND, SD)"
"155566","Neosho County Community College","2023","Kansas","Plains (IA, KS, MN, MO, NE, ND, SD)"
"155593","North Central Kansas Technical College","2023","Kansas","Plains (IA, KS, MN, MO, NE, ND, SD)"
"155618","Northwest Kansas Technical College","2023","Kansas","Plains (IA, KS, MN, MO, NE, ND, SD)"
"155627","Ottawa University-Ottawa","2023","Kansas","Plains (IA, KS, MN, MO, NE, ND, SD)"
"155636","Ottawa University-Kansas City","2023","Kansas","Plains (IA, KS, MN, MO, NE, ND, SD)"
"155681","Pittsburg State University","2023","Kansas","Plains (IA, KS, MN, MO, NE, ND, SD)"
"155715","Pratt Community College","2023","Kansas","Plains (IA, KS, MN, MO, NE, ND, SD)"
"155812","University of Saint Mary","2023","Kansas","Plains (IA, KS, MN, MO, NE, ND, SD)"
"155830","Salina Area Technical College","2023","Kansas","Plains (IA, KS, MN, MO, NE, ND, SD)"
"155858","Seward County Community College","2023","Kansas","Plains (IA, KS, MN, MO, NE, ND, SD)"
"155900","Southwestern College","2023","Kansas","Plains (IA, KS, MN, MO, NE, ND, SD)"
"155937","Sterling College","2023","Kansas","Plains (IA, KS, MN, MO, NE, ND, SD)"
"155973","Tabor College","2023","Kansas","Plains (IA, KS, MN, MO, NE, ND, SD)"
"156082","Washburn University","2023","Kansas","Plains (IA, KS, MN, MO, NE, ND, SD)"
"156107","Wichita State University-Campus of Applied Sciences and Technology","2023","Kansas","Plains (IA, KS, MN, MO, NE, ND, SD)"
"156125","Wichita State University","2023","Kansas","Plains (IA, KS, MN, MO, NE, ND, SD)"
"156134","Wichita Technical Institute","2023","Kansas","Plains (IA, KS, MN, MO, NE, ND, SD)"
"156189","Alice Lloyd College","2023","Kentucky","Southeast (AL, AR, FL, GA, KY, LA, MS, NC, SC, TN, VA, WV)"
"156213","Asbury University","2023","Kentucky","Southeast (AL, AR, FL, GA, KY, LA, MS, NC, SC, TN, VA, WV)"
"156222","Asbury Theological Seminary","2023","Kentucky","Southeast (AL, AR, FL, GA, KY, LA, MS, NC, SC, TN, VA, WV)"
"156231","Ashland Community and Technical College","2023","Kentucky","Southeast (AL, AR, FL, GA, KY, LA, MS, NC, SC, TN, VA, WV)"
"156286","Bellarmine University","2023","Kentucky","Southeast (AL, AR, FL, GA, KY, LA, MS, NC, SC, TN, VA, WV)"
"156295","Berea College","2023","Kentucky","Southeast (AL, AR, FL, GA, KY, LA, MS, NC, SC, TN, VA, WV)"
"156310","PJ's College of Cosmetology-Bowling Green","2023","Kentucky","Southeast (AL, AR, FL, GA, KY, LA, MS, NC, SC, TN, VA, WV)"
"156338","Southcentral Kentucky Community and Technical College","2023","Kentucky","Southeast (AL, AR, FL, GA, KY, LA, MS, NC, SC, TN, VA, WV)"
"156356","Brescia University","2023","Kentucky","Southeast (AL, AR, FL, GA, KY, LA, MS, NC, SC, TN, VA, WV)"
"156365","Campbellsville University","2023","Kentucky","Southeast (AL, AR, FL, GA, KY, LA, MS, NC, SC, TN, VA, WV)"
"156392","Bluegrass Community and Technical College","2023","Kentucky","Southeast (AL, AR, FL, GA, KY, LA, MS, NC, SC, TN, VA, WV)"
"156408","Centre College","2023","Kentucky","Southeast (AL, AR, FL, GA, KY, LA, MS, NC, SC, TN, VA, WV)"
"156417","Clear Creek Baptist Bible College","2023","Kentucky","Southeast (AL, AR, FL, GA, KY, LA, MS, NC, SC, TN, VA, WV)"
"156426","Paul Mitchell the School-Lexington","2023","Kentucky","Southeast (AL, AR, FL, GA, KY, LA, MS, NC, SC, TN, VA, WV)"
"156471","Galen College of Nursing-Louisville","2023","Kentucky","Southeast (AL, AR, FL, GA, KY, LA, MS, NC, SC, TN, VA, WV)"
"156541","University of the Cumberlands","2023","Kentucky","Southeast (AL, AR, FL, GA, KY, LA, MS, NC, SC, TN, VA, WV)"
"156620","Eastern Kentucky University","2023","Kentucky","Southeast (AL, AR, FL, GA, KY, LA, MS, NC, SC, TN, VA, WV)"
"156648","Elizabethtown Community and Technical College","2023","Kentucky","Southeast (AL, AR, FL, GA, KY, LA, MS, NC, SC, TN, VA, WV)"
"156727","Frontier Nursing University","2023","Kentucky","Southeast (AL, AR, FL, GA, KY, LA, MS, NC, SC, TN, VA, WV)"
"156745","Georgetown College","2023","Kentucky","Southeast (AL, AR, FL, GA, KY, LA, MS, NC, SC, TN, VA, WV)"
"156754","PJ's College of Cosmetology-Glasgow","2023","Kentucky","Southeast (AL, AR, FL, GA, KY, LA, MS, NC, SC, TN, VA, WV)"
"156790","Hazard Community and Technical College","2023","Kentucky","Southeast (AL, AR, FL, GA, KY, LA, MS, NC, SC, TN, VA, WV)"
"156842","Paul Mitchell the School-Louisville","2023","Kentucky","Southeast (AL, AR, FL, GA, KY, LA, MS, NC, SC, TN, VA, WV)"
"156851","Henderson Community College","2023","Kentucky","Southeast (AL, AR, FL, GA, KY, LA, MS, NC, SC, TN, VA, WV)"
"156860","Hopkinsville Community College","2023","Kentucky","Southeast (AL, AR, FL, GA, KY, LA, MS, NC, SC, TN, VA, WV)"
"156921","Jefferson Community and Technical College","2023","Kentucky","Southeast (AL, AR, FL, GA, KY, LA, MS, NC, SC, TN, VA, WV)"
"156967","Summit Salon Academy-Lexington","2023","Kentucky","Southeast (AL, AR, FL, GA, KY, LA, MS, NC, SC, TN, VA, WV)"
"157021","American National University-Pikeville","2023","Kentucky","Southeast (AL, AR, FL, GA, KY, LA, MS, NC, SC, TN, VA, WV)"
"157030","Kentucky Mountain Bible College","2023","Kentucky","Southeast (AL, AR, FL, GA, KY, LA, MS, NC, SC, TN, VA, WV)"
"157058","Kentucky State University","2023","Kentucky","Southeast (AL, AR, FL, GA, KY, LA, MS, NC, SC, TN, VA, WV)"
"157076","Kentucky Wesleyan College","2023","Kentucky","Southeast (AL, AR, FL, GA, KY, LA, MS, NC, SC, TN, VA, WV)"
"157085","University of Kentucky","2023","Kentucky","Southeast (AL, AR, FL, GA, KY, LA, MS, NC, SC, TN, VA, WV)"
"157100","Kentucky Christian University","2023","Kentucky","Southeast (AL, AR, FL, GA, KY, LA, MS, NC, SC, TN, VA, WV)"
"157207","Lexington Theological Seminary","2023","Kentucky","Southeast (AL, AR, FL, GA, KY, LA, MS, NC, SC, TN, VA, WV)"
"157216","Lindsey Wilson College","2023","Kentucky","Southeast (AL, AR, FL, GA, KY, LA, MS, NC, SC, TN, VA, WV)"
"157289","University of Louisville","2023","Kentucky","Southeast (AL, AR, FL, GA, KY, LA, MS, NC, SC, TN, VA, WV)"
"157298","Louisville Presbyterian Theological Seminary","2023","Kentucky","Southeast (AL, AR, FL, GA, KY, LA, MS, NC, SC, TN, VA, WV)"
"157304","Madisonville Community College","2023","Kentucky","Southeast (AL, AR, FL, GA, KY, LA, MS, NC, SC, TN, VA, WV)"
"157331","Maysville Community and Technical College","2023","Kentucky","Southeast (AL, AR, FL, GA, KY, LA, MS, NC, SC, TN, VA, WV)"
"157377","Midway University","2023","Kentucky","Southeast (AL, AR, FL, GA, KY, LA, MS, NC, SC, TN, VA, WV)"
"157386","Morehead State University","2023","Kentucky","Southeast (AL, AR, FL, GA, KY, LA, MS, NC, SC, TN, VA, WV)"
"157401","Murray State University","2023","Kentucky","Southeast (AL, AR, FL, GA, KY, LA, MS, NC, SC, TN, VA, WV)"
"157438","Gateway Community and Technical College","2023","Kentucky","Southeast (AL, AR, FL, GA, KY, LA, MS, NC, SC, TN, VA, WV)"
"157447","Northern Kentucky University","2023","Kentucky","Southeast (AL, AR, FL, GA, KY, LA, MS, NC, SC, TN, VA, WV)"
"157483","West Kentucky Community and Technical College","2023","Kentucky","Southeast (AL, AR, FL, GA, KY, LA, MS, NC, SC, TN, VA, WV)"
"157535","University of Pikeville","2023","Kentucky","Southeast (AL, AR, FL, GA, KY, LA, MS, NC, SC, TN, VA, WV)"
"157553","Big Sandy Community and Technical College","2023","Kentucky","Southeast (AL, AR, FL, GA, KY, LA, MS, NC, SC, TN, VA, WV)"
"157614","Empire Beauty School-Chenoweth","2023","Kentucky","Southeast (AL, AR, FL, GA, KY, LA, MS, NC, SC, TN, VA, WV)"
"157650","Empire Beauty School-Elizabethtown","2023","Kentucky","Southeast (AL, AR, FL, GA, KY, LA, MS, NC, SC, TN, VA, WV)"
"157669","Empire Beauty School-Dixie","2023","Kentucky","Southeast (AL, AR, FL, GA, KY, LA, MS, NC, SC, TN, VA, WV)"
"157678","Empire Beauty School-Florence","2023","Kentucky","Southeast (AL, AR, FL, GA, KY, LA, MS, NC, SC, TN, VA, WV)"
"157711","Somerset Community College","2023","Kentucky","Southeast (AL, AR, FL, GA, KY, LA, MS, NC, SC, TN, VA, WV)"
"157739","Southeast Kentucky Community & Technical College","2023","Kentucky","Southeast (AL, AR, FL, GA, KY, LA, MS, NC, SC, TN, VA, WV)"
"157748","The Southern Baptist Theological Seminary","2023","Kentucky","Southeast (AL, AR, FL, GA, KY, LA, MS, NC, SC, TN, VA, WV)"
"157757","Spalding University","2023","Kentucky","Southeast (AL, AR, FL, GA, KY, LA, MS, NC, SC, TN, VA, WV)"
"157793","Sullivan University","2023","Kentucky","Southeast (AL, AR, FL, GA, KY, LA, MS, NC, SC, TN, VA, WV)"
"157809","Thomas More University","2023","Kentucky","Southeast (AL, AR, FL, GA, KY, LA, MS, NC, SC, TN, VA, WV)"
"157818","Transylvania University","2023","Kentucky","Southeast (AL, AR, FL, GA, KY, LA, MS, NC, SC, TN, VA, WV)"
"157854","Kentucky Community and Technical College System","2023","Kentucky","Southeast (AL, AR, FL, GA, KY, LA, MS, NC, SC, TN, VA, WV)"
"157863","Union College","2023","Kentucky","Southeast (AL, AR, FL, GA, KY, LA, MS, NC, SC, TN, VA, WV)"
"157951","Western Kentucky University","2023","Kentucky","Southeast (AL, AR, FL, GA, KY, LA, MS, NC, SC, TN, VA, WV)"
"158088","Central Louisiana Technical Community College","2023","Louisiana","Southeast (AL, AR, FL, GA, KY, LA, MS, NC, SC, TN, VA, WV)"
"158246","Ayers Career College","2023","Louisiana","Southeast (AL, AR, FL, GA, KY, LA, MS, NC, SC, TN, VA, WV)"
"158325","Baton Rouge General Medical Center School of Nursing & School of Radiologic Technology","2023","Louisiana","Southeast (AL, AR, FL, GA, KY, LA, MS, NC, SC, TN, VA, WV)"
"158431","Bossier Parish Community College","2023","Louisiana","Southeast (AL, AR, FL, GA, KY, LA, MS, NC, SC, TN, VA, WV)"
"158477","Centenary College of Louisiana","2023","Louisiana","Southeast (AL, AR, FL, GA, KY, LA, MS, NC, SC, TN, VA, WV)"
"158538","Cloyd's Beauty School 1 Inc","2023","Louisiana","Southeast (AL, AR, FL, GA, KY, LA, MS, NC, SC, TN, VA, WV)"
"158617","Crescent City Bartending School","2023","Louisiana","Southeast (AL, AR, FL, GA, KY, LA, MS, NC, SC, TN, VA, WV)"
"158662","Delgado Community College","2023","Louisiana","Southeast (AL, AR, FL, GA, KY, LA, MS, NC, SC, TN, VA, WV)"
"158778","Avery James College","2023","Louisiana","Southeast (AL, AR, FL, GA, KY, LA, MS, NC, SC, TN, VA, WV)"
"158787","Denham Springs Beauty School","2023","Louisiana","Southeast (AL, AR, FL, GA, KY, LA, MS, NC, SC, TN, VA, WV)"
"158802","Dillard University","2023","Louisiana","Southeast (AL, AR, FL, GA, KY, LA, MS, NC, SC, TN, VA, WV)"
"158884","Nunez Community College","2023","Louisiana","Southeast (AL, AR, FL, GA, KY, LA, MS, NC, SC, TN, VA, WV)"
"159009","Grambling State University","2023","Louisiana","Southeast (AL, AR, FL, GA, KY, LA, MS, NC, SC, TN, VA, WV)"
"159027","Belbo Beauty Institute","2023","Louisiana","Southeast (AL, AR, FL, GA, KY, LA, MS, NC, SC, TN, VA, WV)"
"159197","ITI Technical College","2023","Louisiana","Southeast (AL, AR, FL, GA, KY, LA, MS, NC, SC, TN, VA, WV)"
"159328","John Jay Beauty College","2023","Louisiana","Southeast (AL, AR, FL, GA, KY, LA, MS, NC, SC, TN, VA, WV)"
"159373","Louisiana State University Health Sciences Center-New Orleans","2023","Louisiana","Southeast (AL, AR, FL, GA, KY, LA, MS, NC, SC, TN, VA, WV)"
"159382","Louisiana State University-Alexandria","2023","Louisiana","Southeast (AL, AR, FL, GA, KY, LA, MS, NC, SC, TN, VA, WV)"
"159391","Louisiana State University and Agricultural & Mechanical College","2023","Louisiana","Southeast (AL, AR, FL, GA, KY, LA, MS, NC, SC, TN, VA, WV)"
"159407","Louisiana State University-Eunice","2023","Louisiana","Southeast (AL, AR, FL, GA, KY, LA, MS, NC, SC, TN, VA, WV)"
"159416","Louisiana State University-Shreveport","2023","Louisiana","Southeast (AL, AR, FL, GA, KY, LA, MS, NC, SC, TN, VA, WV)"
"159513","Aveda Arts & Sciences Institute-Baton Rouge","2023","Louisiana","Southeast (AL, AR, FL, GA, KY, LA, MS, NC, SC, TN, VA, WV)"
"159522","Aveda Arts & Sciences Institute-Lafayette","2023","Louisiana","Southeast (AL, AR, FL, GA, KY, LA, MS, NC, SC, TN, VA, WV)"
"159531","Louisiana Academy of Beauty","2023","Louisiana","Southeast (AL, AR, FL, GA, KY, LA, MS, NC, SC, TN, VA, WV)"
"159568","Louisiana Christian University","2023","Louisiana","Southeast (AL, AR, FL, GA, KY, LA, MS, NC, SC, TN, VA, WV)"
"159601","Opelousas School of Cosmetology","2023","Louisiana","Southeast (AL, AR, FL, GA, KY, LA, MS, NC, SC, TN, VA, WV)"
"159647","Louisiana Tech University","2023","Louisiana","Southeast (AL, AR, FL, GA, KY, LA, MS, NC, SC, TN, VA, WV)"
"159656","Loyola University New Orleans","2023","Louisiana","Southeast (AL, AR, FL, GA, KY, LA, MS, NC, SC, TN, VA, WV)"
"159717","McNeese State University","2023","Louisiana","Southeast (AL, AR, FL, GA, KY, LA, MS, NC, SC, TN, VA, WV)"
"159939","University of New Orleans","2023","Louisiana","Southeast (AL, AR, FL, GA, KY, LA, MS, NC, SC, TN, VA, WV)"
"159948","New Orleans Baptist Theological Seminary","2023","Louisiana","Southeast (AL, AR, FL, GA, KY, LA, MS, NC, SC, TN, VA, WV)"
"159966","Nicholls State University","2023","Louisiana","Southeast (AL, AR, FL, GA, KY, LA, MS, NC, SC, TN, VA, WV)"
"159993","University of Louisiana at Monroe","2023","Louisiana","Southeast (AL, AR, FL, GA, KY, LA, MS, NC, SC, TN, VA, WV)"
"160010","Northwest Louisiana Technical Community College","2023","Louisiana","Southeast (AL, AR, FL, GA, KY, LA, MS, NC, SC, TN, VA, WV)"
"160038","Northwestern State University of Louisiana","2023","Louisiana","Southeast (AL, AR, FL, GA, KY, LA, MS, NC, SC, TN, VA, WV)"
"160065","University of Holy Cross","2023","Louisiana","Southeast (AL, AR, FL, GA, KY, LA, MS, NC, SC, TN, VA, WV)"
"160074","Franciscan Missionaries of Our Lady University","2023","Louisiana","Southeast (AL, AR, FL, GA, KY, LA, MS, NC, SC, TN, VA, WV)"
"160117","Pat Goins Beauty Schools formerly Paul Mitchell the School-Shreveport","2023","Louisiana","Southeast (AL, AR, FL, GA, KY, LA, MS, NC, SC, TN, VA, WV)"
"160126","Celebrity Stylist Beauty School","2023","Louisiana","Southeast (AL, AR, FL, GA, KY, LA, MS, NC, SC, TN, VA, WV)"
"160199","Pineville Beauty School","2023","Louisiana","Southeast (AL, AR, FL, GA, KY, LA, MS, NC, SC, TN, VA, WV)"
"160320","Aveda Arts & Sciences Institute-Covington","2023","Louisiana","Southeast (AL, AR, FL, GA, KY, LA, MS, NC, SC, TN, VA, WV)"
"160409","Saint Joseph Seminary College","2023","Louisiana","Southeast (AL, AR, FL, GA, KY, LA, MS, NC, SC, TN, VA, WV)"
"160472","LaSalle Tech","2023","Louisiana","Southeast (AL, AR, FL, GA, KY, LA, MS, NC, SC, TN, VA, WV)"
"160481","Fletcher Technical Community College","2023","Louisiana","Southeast (AL, AR, FL, GA, KY, LA, MS, NC, SC, TN, VA, WV)"
"160524","Remington College-Lafayette Campus","2023","Louisiana","Southeast (AL, AR, FL, GA, KY, LA, MS, NC, SC, TN, VA, WV)"
"160533","Southern University-Board and System","2023","Louisiana","Southeast (AL, AR, FL, GA, KY, LA, MS, NC, SC, TN, VA, WV)"
"160579","SOWELA Technical Community College","2023","Louisiana","Southeast (AL, AR, FL, GA, KY, LA, MS, NC, SC, TN, VA, WV)"
"160597","Stevensons Academy of Hair Design","2023","Louisiana","Southeast (AL, AR, FL, GA, KY, LA, MS, NC, SC, TN, VA, WV)"
"160612","Southeastern Louisiana University","2023","Louisiana","Southeast (AL, AR, FL, GA, KY, LA, MS, NC, SC, TN, VA, WV)"
"160621","Southern University and A & M College","2023","Louisiana","Southeast (AL, AR, FL, GA, KY, LA, MS, NC, SC, TN, VA, WV)"
"160630","Southern University at New Orleans","2023","Louisiana","Southeast (AL, AR, FL, GA, KY, LA, MS, NC, SC, TN, VA, WV)"
"160649","Southern University at Shreveport","2023","Louisiana","Southeast (AL, AR, FL, GA, KY, LA, MS, NC, SC, TN, VA, WV)"
"160658","University of Louisiana at Lafayette","2023","Louisiana","Southeast (AL, AR, FL, GA, KY, LA, MS, NC, SC, TN, VA, WV)"
"160667","Northshore Technical Community College","2023","Louisiana","Southeast (AL, AR, FL, GA, KY, LA, MS, NC, SC, TN, VA, WV)"
"160755","Tulane University of Louisiana","2023","Louisiana","Southeast (AL, AR, FL, GA, KY, LA, MS, NC, SC, TN, VA, WV)"
"160904","Xavier University of Louisiana","2023","Louisiana","Southeast (AL, AR, FL, GA, KY, LA, MS, NC, SC, TN, VA, WV)"
"160959","College of the Atlantic","2023","Maine","New England (CT, ME, MA, NH, RI, VT)"
"160977","Bates College","2023","Maine","New England (CT, ME, MA, NH, RI, VT)"
"160995","Beal University","2023","Maine","New England (CT, ME, MA, NH, RI, VT)"
"161004","Bowdoin College","2023","Maine","New England (CT, ME, MA, NH, RI, VT)"
"161022","Maine College of Health Professions","2023","Maine","New England (CT, ME, MA, NH, RI, VT)"
"161077","Central Maine Community College","2023","Maine","New England (CT, ME, MA, NH, RI, VT)"
"161086","Colby College","2023","Maine","New England (CT, ME, MA, NH, RI, VT)"
"161138","Eastern Maine Community College","2023","Maine","New England (CT, ME, MA, NH, RI, VT)"
"161192","Kennebec Valley Community College","2023","Maine","New England (CT, ME, MA, NH, RI, VT)"
"161208","The Landing School","2023","Maine","New England (CT, ME, MA, NH, RI, VT)"
"161217","University of Maine at Augusta","2023","Maine","New England (CT, ME, MA, NH, RI, VT)"
"161226","University of Maine at Farmington","2023","Maine","New England (CT, ME, MA, NH, RI, VT)"
"161235","University of Maine at Fort Kent","2023","Maine","New England (CT, ME, MA, NH, RI, VT)"
"161253","University of Maine","2023","Maine","New England (CT, ME, MA, NH, RI, VT)"
"161280","University of Maine-System Central Office","2023","Maine","New England (CT, ME, MA, NH, RI, VT)"
"161299","Maine Maritime Academy","2023","Maine","New England (CT, ME, MA, NH, RI, VT)"
"161341","University of Maine at Presque Isle","2023","Maine","New England (CT, ME, MA, NH, RI, VT)"
"161457","University of New England","2023","Maine","New England (CT, ME, MA, NH, RI, VT)"
"161484","Northern Maine Community College","2023","Maine","New England (CT, ME, MA, NH, RI, VT)"
"161493","Empire Beauty School-Maine","2023","Maine","New England (CT, ME, MA, NH, RI, VT)"
"161509","Maine College of Art & Design","2023","Maine","New England (CT, ME, MA, NH, RI, VT)"
"161518","Saint Joseph's College of Maine","2023","Maine","New England (CT, ME, MA, NH, RI, VT)"
"161527","Spa Tech Institute-Westbrook","2023","Maine","New England (CT, ME, MA, NH, RI, VT)"
"161545","Southern Maine Community College","2023","Maine","New England (CT, ME, MA, NH, RI, VT)"
"161554","University of Southern Maine","2023","Maine","New England (CT, ME, MA, NH, RI, VT)"
"161563","Thomas College","2023","Maine","New England (CT, ME, MA, NH, RI, VT)"
"161572","Unity Environmental University","2023","Maine","New England (CT, ME, MA, NH, RI, VT)"
"161581","Washington County Community College","2023","Maine","New England (CT, ME, MA, NH, RI, VT)"
"161688","Allegany College of Maryland","2023","Maryland","Mid East (DE, DC, MD, NJ, NY, PA)"
"161767","Anne Arundel Community College","2023","Maryland","Mid East (DE, DC, MD, NJ, NY, PA)"
"161800","Award Beauty School","2023","Maryland","Mid East (DE, DC, MD, NJ, NY, PA)"
"161855","Baltimore Studio of Hair Design","2023","Maryland","Mid East (DE, DC, MD, NJ, NY, PA)"
"161864","Baltimore City Community College","2023","Maryland","Mid East (DE, DC, MD, NJ, NY, PA)"
"161873","University of Baltimore","2023","Maryland","Mid East (DE, DC, MD, NJ, NY, PA)"
"162007","Bowie State University","2023","Maryland","Mid East (DE, DC, MD, NJ, NY, PA)"
"162061","Capitol Technology University","2023","Maryland","Mid East (DE, DC, MD, NJ, NY, PA)"
"162104","Cecil College","2023","Maryland","Mid East (DE, DC, MD, NJ, NY, PA)"
"162122","College of Southern Maryland","2023","Maryland","Mid East (DE, DC, MD, NJ, NY, PA)"
"162168","Chesapeake College","2023","Maryland","Mid East (DE, DC, MD, NJ, NY, PA)"
"162210","Washington Adventist University","2023","Maryland","Mid East (DE, DC, MD, NJ, NY, PA)"
"162283","Coppin State University","2023","Maryland","Mid East (DE, DC, MD, NJ, NY, PA)"
"162335","Del-Mar-Va Beauty Academy","2023","Maryland","Mid East (DE, DC, MD, NJ, NY, PA)"
"162371","North American Trade Schools","2023","Maryland","Mid East (DE, DC, MD, NJ, NY, PA)"
"162557","Frederick Community College","2023","Maryland","Mid East (DE, DC, MD, NJ, NY, PA)"
"162584","Frostburg State University","2023","Maryland","Mid East (DE, DC, MD, NJ, NY, PA)"
"162609","Garrett College","2023","Maryland","Mid East (DE, DC, MD, NJ, NY, PA)"
"162654","Goucher College","2023","Maryland","Mid East (DE, DC, MD, NJ, NY, PA)"
"162690","Hagerstown Community College","2023","Maryland","Mid East (DE, DC, MD, NJ, NY, PA)"
"162706","Harford Community College","2023","Maryland","Mid East (DE, DC, MD, NJ, NY, PA)"
"162760","Hood College","2023","Maryland","Mid East (DE, DC, MD, NJ, NY, PA)"
"162779","Howard Community College","2023","Maryland","Mid East (DE, DC, MD, NJ, NY, PA)"
"162830","Aveda Institute-Maryland","2023","Maryland","Mid East (DE, DC, MD, NJ, NY, PA)"
"162928","Johns Hopkins University","2023","Maryland","Mid East (DE, DC, MD, NJ, NY, PA)"
"163028","Lincoln College of Technology-Columbia","2023","Maryland","Mid East (DE, DC, MD, NJ, NY, PA)"
"163046","Loyola University Maryland","2023","Maryland","Mid East (DE, DC, MD, NJ, NY, PA)"
"163204","University of Maryland Global Campus","2023","Maryland","Mid East (DE, DC, MD, NJ, NY, PA)"
"163259","University of Maryland, Baltimore","2023","Maryland","Mid East (DE, DC, MD, NJ, NY, PA)"
"163268","University of Maryland-Baltimore County","2023","Maryland","Mid East (DE, DC, MD, NJ, NY, PA)"
"163286","University of Maryland-College Park","2023","Maryland","Mid East (DE, DC, MD, NJ, NY, PA)"
"163295","Maryland Institute College of Art","2023","Maryland","Mid East (DE, DC, MD, NJ, NY, PA)"
"163338","University of Maryland Eastern Shore","2023","Maryland","Mid East (DE, DC, MD, NJ, NY, PA)"
"163347","Fortis Institute-Towson","2023","Maryland","Mid East (DE, DC, MD, NJ, NY, PA)"
"163408","Montgomery Beauty School","2023","Maryland","Mid East (DE, DC, MD, NJ, NY, PA)"
"163426","Montgomery College","2023","Maryland","Mid East (DE, DC, MD, NJ, NY, PA)"
"163453","Morgan State University","2023","Maryland","Mid East (DE, DC, MD, NJ, NY, PA)"
"163462","Mount St. Mary's University","2023","Maryland","Mid East (DE, DC, MD, NJ, NY, PA)"
"163532","Ner Israel Rabbinical College","2023","Maryland","Mid East (DE, DC, MD, NJ, NY, PA)"
"163541","Hair Academy","2023","Maryland","Mid East (DE, DC, MD, NJ, NY, PA)"
"163578","Notre Dame of Maryland University","2023","Maryland","Mid East (DE, DC, MD, NJ, NY, PA)"
"163657","Prince George's Community College","2023","Maryland","Mid East (DE, DC, MD, NJ, NY, PA)"
"163815","Maryland Beauty Academy of Essex","2023","Maryland","Mid East (DE, DC, MD, NJ, NY, PA)"
"163851","Salisbury University","2023","Maryland","Mid East (DE, DC, MD, NJ, NY, PA)"
"163912","St. Mary's College of Maryland","2023","Maryland","Mid East (DE, DC, MD, NJ, NY, PA)"
"163976","St. John's College","2023","Maryland","Mid East (DE, DC, MD, NJ, NY, PA)"
"164076","Towson University","2023","Maryland","Mid East (DE, DC, MD, NJ, NY, PA)"
"164085","Maryland University of Integrative Health","2023","Maryland","Mid East (DE, DC, MD, NJ, NY, PA)"
"164146","University System of Maryland","2023","Maryland","Mid East (DE, DC, MD, NJ, NY, PA)"
"164155","United States Naval Academy","2023","Maryland","U.S. Service schools"
"164173","Stevenson University","2023","Maryland","Mid East (DE, DC, MD, NJ, NY, PA)"
"164216","Washington College","2023","Maryland","Mid East (DE, DC, MD, NJ, NY, PA)"
"164270","McDaniel College","2023","Maryland","Mid East (DE, DC, MD, NJ, NY, PA)"
"164313","Wor-Wic Community College","2023","Maryland","Mid East (DE, DC, MD, NJ, NY, PA)"
"164368","Hult International Business School","2023","Massachusetts","New England (CT, ME, MA, NH, RI, VT)"
"164447","American International College","2023","Massachusetts","New England (CT, ME, MA, NH, RI, VT)"
"164465","Amherst College","2023","Massachusetts","New England (CT, ME, MA, NH, RI, VT)"
"164492","Anna Maria College","2023","Massachusetts","New England (CT, ME, MA, NH, RI, VT)"
"164535","Assabet Valley Regional Technical School","2023","Massachusetts","New England (CT, ME, MA, NH, RI, VT)"
"164562","Assumption University","2023","Massachusetts","New England (CT, ME, MA, NH, RI, VT)"
"164580","Babson College","2023","Massachusetts","New England (CT, ME, MA, NH, RI, VT)"
"164599","Bancroft School of Massage Therapy","2023","Massachusetts","New England (CT, ME, MA, NH, RI, VT)"
"164614","Boston Baptist College","2023","Massachusetts","New England (CT, ME, MA, NH, RI, VT)"
"164632","Bay Path University","2023","Massachusetts","New England (CT, ME, MA, NH, RI, VT)"
"164641","Bay State College","2023","Massachusetts","New England (CT, ME, MA, NH, RI, VT)"
"164739","Bentley University","2023","Massachusetts","New England (CT, ME, MA, NH, RI, VT)"
"164748","Berklee College of Music","2023","Massachusetts","New England (CT, ME, MA, NH, RI, VT)"
"164775","Berkshire Community College","2023","Massachusetts","New England (CT, ME, MA, NH, RI, VT)"
"164845","Empire Beauty School-Boston","2023","Massachusetts","New England (CT, ME, MA, NH, RI, VT)"
"164872","Boston Architectural College","2023","Massachusetts","New England (CT, ME, MA, NH, RI, VT)"
"164915","Boston Graduate School of Psychoanalysis Inc","2023","Massachusetts","New England (CT, ME, MA, NH, RI, VT)"
"164924","Boston College","2023","Massachusetts","New England (CT, ME, MA, NH, RI, VT)"
"164988","Boston University","2023","Massachusetts","New England (CT, ME, MA, NH, RI, VT)"
"165015","Brandeis University","2023","Massachusetts","New England (CT, ME, MA, NH, RI, VT)"
"165024","Bridgewater State University","2023","Massachusetts","New England (CT, ME, MA, NH, RI, VT)"
"165033","Bristol Community College","2023","Massachusetts","New England (CT, ME, MA, NH, RI, VT)"
"165060","Signature Healthcare Brockton Hospital School of Nursing","2023","Massachusetts","New England (CT, ME, MA, NH, RI, VT)"
"165112","Bunker Hill Community College","2023","Massachusetts","New England (CT, ME, MA, NH, RI, VT)"
"165167","Cambridge College","2023","Massachusetts","New England (CT, ME, MA, NH, RI, VT)"
"165194","Cape Cod Community College","2023","Massachusetts","New England (CT, ME, MA, NH, RI, VT)"
"165255","Catherine Hinds Institute of Esthetics","2023","Massachusetts","New England (CT, ME, MA, NH, RI, VT)"
"165264","Laboure College of Healthcare","2023","Massachusetts","New England (CT, ME, MA, NH, RI, VT)"
"165334","Clark University","2023","Massachusetts","New England (CT, ME, MA, NH, RI, VT)"
"165495","Conway School of Landscape Design","2023","Massachusetts","New England (CT, ME, MA, NH, RI, VT)"
"165529","Curry College","2023","Massachusetts","New England (CT, ME, MA, NH, RI, VT)"
"165556","Lincoln Technical Institute-Somerville","2023","Massachusetts","New England (CT, ME, MA, NH, RI, VT)"
"165574","Dean College","2023","Massachusetts","New England (CT, ME, MA, NH, RI, VT)"
"165608","Diman Regional Technical Institute","2023","Massachusetts","New England (CT, ME, MA, NH, RI, VT)"
"165635","National Aviation Academy of New England","2023","Massachusetts","New England (CT, ME, MA, NH, RI, VT)"
"165644","Eastern Nazarene College","2023","Massachusetts","New England (CT, ME, MA, NH, RI, VT)"
"165662","Emerson College","2023","Massachusetts","New England (CT, ME, MA, NH, RI, VT)"
"165671","Emmanuel College","2023","Massachusetts","New England (CT, ME, MA, NH, RI, VT)"
"165699","Endicott College","2023","Massachusetts","New England (CT, ME, MA, NH, RI, VT)"
"165750","Rob Roy Academy-Fall River","2023","Massachusetts","New England (CT, ME, MA, NH, RI, VT)"
"165802","Fisher College","2023","Massachusetts","New England (CT, ME, MA, NH, RI, VT)"
"165820","Fitchburg State University","2023","Massachusetts","New England (CT, ME, MA, NH, RI, VT)"
"165866","Framingham State University","2023","Massachusetts","New England (CT, ME, MA, NH, RI, VT)"
"165884","Benjamin Franklin Cummings Institute of Technology","2023","Massachusetts","New England (CT, ME, MA, NH, RI, VT)"
"165936","Gordon College","2023","Massachusetts","New England (CT, ME, MA, NH, RI, VT)"
"165945","Gordon-Conwell Theological Seminary","2023","Massachusetts","New England (CT, ME, MA, NH, RI, VT)"
"165981","Greenfield Community College","2023","Massachusetts","New England (CT, ME, MA, NH, RI, VT)"
"166018","Hampshire College","2023","Massachusetts","New England (CT, ME, MA, NH, RI, VT)"
"166027","Harvard University","2023","Massachusetts","New England (CT, ME, MA, NH, RI, VT)"
"166045","Hebrew College","2023","Massachusetts","New England (CT, ME, MA, NH, RI, VT)"
"166054","Hellenic College-Holy Cross Greek Orthodox School of Theology","2023","Massachusetts","New England (CT, ME, MA, NH, RI, VT)"
"166124","College of the Holy Cross","2023","Massachusetts","New England (CT, ME, MA, NH, RI, VT)"
"166133","Holyoke Community College","2023","Massachusetts","New England (CT, ME, MA, NH, RI, VT)"
"166391","Lasell University","2023","Massachusetts","New England (CT, ME, MA, NH, RI, VT)"
"166407","Lawrence Memorial Hospital School of Nursing","2023","Massachusetts","New England (CT, ME, MA, NH, RI, VT)"
"166452","Lesley University","2023","Massachusetts","New England (CT, ME, MA, NH, RI, VT)"
"166489","Longy School of Music of Bard College","2023","Massachusetts","New England (CT, ME, MA, NH, RI, VT)"
"166498","Lowell Academy Hairstyling Institute","2023","Massachusetts","New England (CT, ME, MA, NH, RI, VT)"
"166513","University of Massachusetts-Lowell","2023","Massachusetts","New England (CT, ME, MA, NH, RI, VT)"
"166629","University of Massachusetts-Amherst","2023","Massachusetts","New England (CT, ME, MA, NH, RI, VT)"
"166638","University of Massachusetts-Boston","2023","Massachusetts","New England (CT, ME, MA, NH, RI, VT)"
"166647","Massachusetts Bay Community College","2023","Massachusetts","New England (CT, ME, MA, NH, RI, VT)"
"166656","MCPHS University","2023","Massachusetts","New England (CT, ME, MA, NH, RI, VT)"
"166665","University of Massachusetts-Central Office","2023","Massachusetts","New England (CT, ME, MA, NH, RI, VT)"
"166674","Massachusetts College of Art and Design","2023","Massachusetts","New England (CT, ME, MA, NH, RI, VT)"
"166683","Massachusetts Institute of Technology","2023","Massachusetts","New England (CT, ME, MA, NH, RI, VT)"
"166692","Massachusetts Maritime Academy","2023","Massachusetts","New England (CT, ME, MA, NH, RI, VT)"
"166708","University of Massachusetts Chan Medical School","2023","Massachusetts","New England (CT, ME, MA, NH, RI, VT)"
"166717","William James College","2023","Massachusetts","New England (CT, ME, MA, NH, RI, VT)"
"166805","Massachusetts School of Barbering","2023","Massachusetts","New England (CT, ME, MA, NH, RI, VT)"
"166823","Massasoit Community College","2023","Massachusetts","New England (CT, ME, MA, NH, RI, VT)"
"166850","Merrimack College","2023","Massachusetts","New England (CT, ME, MA, NH, RI, VT)"
"166869","MGH Institute of Health Professions","2023","Massachusetts","New England (CT, ME, MA, NH, RI, VT)"
"166887","Middlesex Community College","2023","Massachusetts","New England (CT, ME, MA, NH, RI, VT)"
"166911","Montserrat College of Art","2023","Massachusetts","New England (CT, ME, MA, NH, RI, VT)"
"166939","Mount Holyoke College","2023","Massachusetts","New England (CT, ME, MA, NH, RI, VT)"
"166957","Mount Wachusett Community College","2023","Massachusetts","New England (CT, ME, MA, NH, RI, VT)"
"167039","Rob Roy Academy-New Bedford","2023","Massachusetts","New England (CT, ME, MA, NH, RI, VT)"
"167057","The New England Conservatory of Music","2023","Massachusetts","New England (CT, ME, MA, NH, RI, VT)"
"167093","New England College of Optometry","2023","Massachusetts","New England (CT, ME, MA, NH, RI, VT)"
"167215","New England Law-Boston","2023","Massachusetts","New England (CT, ME, MA, NH, RI, VT)"
"167260","Nichols College","2023","Massachusetts","New England (CT, ME, MA, NH, RI, VT)"
"167288","Massachusetts College of Liberal Arts","2023","Massachusetts","New England (CT, ME, MA, NH, RI, VT)"
"167297","North Bennet Street School","2023","Massachusetts","New England (CT, ME, MA, NH, RI, VT)"
"167312","North Shore Community College","2023","Massachusetts","New England (CT, ME, MA, NH, RI, VT)"
"167358","Northeastern University","2023","Massachusetts","New England (CT, ME, MA, NH, RI, VT)"
"167376","Northern Essex Community College","2023","Massachusetts","New England (CT, ME, MA, NH, RI, VT)"
"167394","College of Our Lady of the Elms","2023","Massachusetts","New England (CT, ME, MA, NH, RI, VT)"
"167464","Pope St John XXIII National Seminary","2023","Massachusetts","New England (CT, ME, MA, NH, RI, VT)"
"167525","Quincy College","2023","Massachusetts","New England (CT, ME, MA, NH, RI, VT)"
"167534","Quinsigamond Community College","2023","Massachusetts","New England (CT, ME, MA, NH, RI, VT)"
"167598","Regis College","2023","Massachusetts","New England (CT, ME, MA, NH, RI, VT)"
"167631","Roxbury Community College","2023","Massachusetts","New England (CT, ME, MA, NH, RI, VT)"
"167677","Saint John's Seminary","2023","Massachusetts","New England (CT, ME, MA, NH, RI, VT)"
"167729","Salem State University","2023","Massachusetts","New England (CT, ME, MA, NH, RI, VT)"
"167783","Simmons University","2023","Massachusetts","New England (CT, ME, MA, NH, RI, VT)"
"167792","Bard College at Simon's Rock","2023","Massachusetts","New England (CT, ME, MA, NH, RI, VT)"
"167835","Smith College","2023","Massachusetts","New England (CT, ME, MA, NH, RI, VT)"
"167871","Southeastern Technical Institute","2023","Massachusetts","New England (CT, ME, MA, NH, RI, VT)"
"167899","Springfield College","2023","Massachusetts","New England (CT, ME, MA, NH, RI, VT)"
"167905","Springfield Technical Community College","2023","Massachusetts","New England (CT, ME, MA, NH, RI, VT)"
"167987","University of Massachusetts-Dartmouth","2023","Massachusetts","New England (CT, ME, MA, NH, RI, VT)"
"167996","Stonehill College","2023","Massachusetts","New England (CT, ME, MA, NH, RI, VT)"
"168005","Suffolk University","2023","Massachusetts","New England (CT, ME, MA, NH, RI, VT)"
"168032","Rob Roy Academy-Taunton","2023","Massachusetts","New England (CT, ME, MA, NH, RI, VT)"
"168148","Tufts University","2023","Massachusetts","New England (CT, ME, MA, NH, RI, VT)"
"168218","Wellesley College","2023","Massachusetts","New England (CT, ME, MA, NH, RI, VT)"
"168227","Wentworth Institute of Technology","2023","Massachusetts","New England (CT, ME, MA, NH, RI, VT)"
"168254","Western New England University","2023","Massachusetts","New England (CT, ME, MA, NH, RI, VT)"
"168263","Westfield State University","2023","Massachusetts","New England (CT, ME, MA, NH, RI, VT)"
"168281","Wheaton College (Massachusetts)","2023","Massachusetts","New England (CT, ME, MA, NH, RI, VT)"
"168342","Williams College","2023","Massachusetts","New England (CT, ME, MA, NH, RI, VT)"
"168421","Worcester Polytechnic Institute","2023","Massachusetts","New England (CT, ME, MA, NH, RI, VT)"
"168430","Worcester State University","2023","Massachusetts","New England (CT, ME, MA, NH, RI, VT)"
"168528","Adrian College","2023","Michigan","Great Lakes (IL, IN, MI, OH, WI)"
"168546","Albion College","2023","Michigan","Great Lakes (IL, IN, MI, OH, WI)"
"168555","Hillsdale Beauty College","2023","Michigan","Great Lakes (IL, IN, MI, OH, WI)"
"168573","Northwestern Technological Institute","2023","Michigan","Great Lakes (IL, IN, MI, OH, WI)"
"168591","Alma College","2023","Michigan","Great Lakes (IL, IN, MI, OH, WI)"
"168607","Alpena Community College","2023","Michigan","Great Lakes (IL, IN, MI, OH, WI)"
"168740","Andrews University","2023","Michigan","Great Lakes (IL, IN, MI, OH, WI)"
"168786","Aquinas College","2023","Michigan","Great Lakes (IL, IN, MI, OH, WI)"
"168847","Baker College","2023","Michigan","Great Lakes (IL, IN, MI, OH, WI)"
"168883","Bay de Noc Community College","2023","Michigan","Great Lakes (IL, IN, MI, OH, WI)"
"168892","Bayshire Academy of Beauty Craft Inc","2023","Michigan","Great Lakes (IL, IN, MI, OH, WI)"
"169080","Calvin University","2023","Michigan","Great Lakes (IL, IN, MI, OH, WI)"
"169099","Calvin Theological Seminary","2023","Michigan","Great Lakes (IL, IN, MI, OH, WI)"
"169187","Carnegie Institute","2023","Michigan","Great Lakes (IL, IN, MI, OH, WI)"
"169220","Michigan School of Psychology","2023","Michigan","Great Lakes (IL, IN, MI, OH, WI)"
"169248","Central Michigan University","2023","Michigan","Great Lakes (IL, IN, MI, OH, WI)"
"169275","Mott Community College","2023","Michigan","Great Lakes (IL, IN, MI, OH, WI)"
"169284","Empire Beauty School-Michigan","2023","Michigan","Great Lakes (IL, IN, MI, OH, WI)"
"169327","Cleary University","2023","Michigan","Great Lakes (IL, IN, MI, OH, WI)"
"169363","Concordia University Ann Arbor","2023","Michigan","Great Lakes (IL, IN, MI, OH, WI)"
"169424","Cranbrook Academy of Art","2023","Michigan","Great Lakes (IL, IN, MI, OH, WI)"
"169442","College for Creative Studies","2023","Michigan","Great Lakes (IL, IN, MI, OH, WI)"
"169479","Davenport University","2023","Michigan","Great Lakes (IL, IN, MI, OH, WI)"
"169503","David Pressley School of Cosmetology","2023","Michigan","Great Lakes (IL, IN, MI, OH, WI)"
"169521","Delta College","2023","Michigan","Great Lakes (IL, IN, MI, OH, WI)"
"169576","Detroit Business Institute-Downriver","2023","Michigan","Great Lakes (IL, IN, MI, OH, WI)"
"169655","MIAT College of Technology","2023","Michigan","Great Lakes (IL, IN, MI, OH, WI)"
"169716","University of Detroit Mercy","2023","Michigan","Great Lakes (IL, IN, MI, OH, WI)"
"169761","Dorsey College","2023","Michigan","Great Lakes (IL, IN, MI, OH, WI)"
"169798","Eastern Michigan University","2023","Michigan","Great Lakes (IL, IN, MI, OH, WI)"
"169813","Creative Hair School of Cosmetology","2023","Michigan","Great Lakes (IL, IN, MI, OH, WI)"
"169910","Ferris State University","2023","Michigan","Great Lakes (IL, IN, MI, OH, WI)"
"169974","Glen Oaks Community College","2023","Michigan","Great Lakes (IL, IN, MI, OH, WI)"
"169983","Kettering University","2023","Michigan","Great Lakes (IL, IN, MI, OH, WI)"
"169992","Gogebic Community College","2023","Michigan","Great Lakes (IL, IN, MI, OH, WI)"
"170000","Grace Christian University","2023","Michigan","Great Lakes (IL, IN, MI, OH, WI)"
"170037","Cornerstone University","2023","Michigan","Great Lakes (IL, IN, MI, OH, WI)"
"170055","Grand Rapids Community College","2023","Michigan","Great Lakes (IL, IN, MI, OH, WI)"
"170082","Grand Valley State University","2023","Michigan","Great Lakes (IL, IN, MI, OH, WI)"
"170091","Great Lakes Christian College","2023","Michigan","Great Lakes (IL, IN, MI, OH, WI)"
"170240","Henry Ford College","2023","Michigan","Great Lakes (IL, IN, MI, OH, WI)"
"170286","Hillsdale College","2023","Michigan","Great Lakes (IL, IN, MI, OH, WI)"
"170301","Hope College","2023","Michigan","Great Lakes (IL, IN, MI, OH, WI)"
"170444","Jackson College","2023","Michigan","Great Lakes (IL, IN, MI, OH, WI)"
"170532","Kalamazoo College","2023","Michigan","Great Lakes (IL, IN, MI, OH, WI)"
"170541","Kalamazoo Valley Community College","2023","Michigan","Great Lakes (IL, IN, MI, OH, WI)"
"170550","Kellogg Community College","2023","Michigan","Great Lakes (IL, IN, MI, OH, WI)"
"170587","Kirtland Community College","2023","Michigan","Great Lakes (IL, IN, MI, OH, WI)"
"170611","Michigan College of Beauty-Monroe","2023","Michigan","Great Lakes (IL, IN, MI, OH, WI)"
"170620","Lake Michigan College","2023","Michigan","Great Lakes (IL, IN, MI, OH, WI)"
"170639","Lake Superior State University","2023","Michigan","Great Lakes (IL, IN, MI, OH, WI)"
"170657","Lansing Community College","2023","Michigan","Great Lakes (IL, IN, MI, OH, WI)"
"170675","Lawrence Technological University","2023","Michigan","Great Lakes (IL, IN, MI, OH, WI)"
"170736","M J Murphy Beauty College of Mount Pleasant","2023","Michigan","Great Lakes (IL, IN, MI, OH, WI)"
"170790","Macomb Community College","2023","Michigan","Great Lakes (IL, IN, MI, OH, WI)"
"170806","Madonna University","2023","Michigan","Great Lakes (IL, IN, MI, OH, WI)"
"170967","Rochester University","2023","Michigan","Great Lakes (IL, IN, MI, OH, WI)"
"170976","University of Michigan-Ann Arbor","2023","Michigan","Great Lakes (IL, IN, MI, OH, WI)"
"171012","The Michigan Barber School","2023","Michigan","Great Lakes (IL, IN, MI, OH, WI)"
"171100","Michigan State University","2023","Michigan","Great Lakes (IL, IN, MI, OH, WI)"
"171128","Michigan Technological University","2023","Michigan","Great Lakes (IL, IN, MI, OH, WI)"
"171137","University of Michigan-Dearborn","2023","Michigan","Great Lakes (IL, IN, MI, OH, WI)"
"171146","University of Michigan-Flint","2023","Michigan","Great Lakes (IL, IN, MI, OH, WI)"
"171155","Mid Michigan College","2023","Michigan","Great Lakes (IL, IN, MI, OH, WI)"
"171225","Monroe County Community College","2023","Michigan","Great Lakes (IL, IN, MI, OH, WI)"
"171234","Montcalm Community College","2023","Michigan","Great Lakes (IL, IN, MI, OH, WI)"
"171304","Muskegon Community College","2023","Michigan","Great Lakes (IL, IN, MI, OH, WI)"
"171395","North Central Michigan College","2023","Michigan","Great Lakes (IL, IN, MI, OH, WI)"
"171456","Northern Michigan University","2023","Michigan","Great Lakes (IL, IN, MI, OH, WI)"
"171483","Northwestern Michigan College","2023","Michigan","Great Lakes (IL, IN, MI, OH, WI)"
"171492","Northwood University","2023","Michigan","Great Lakes (IL, IN, MI, OH, WI)"
"171535","Oakland Community College","2023","Michigan","Great Lakes (IL, IN, MI, OH, WI)"
"171571","Oakland University","2023","Michigan","Great Lakes (IL, IN, MI, OH, WI)"
"171599","The University of Olivet","2023","Michigan","Great Lakes (IL, IN, MI, OH, WI)"
"171775","Port Huron Cosmetology College","2023","Michigan","Great Lakes (IL, IN, MI, OH, WI)"
"171881","Kuyper College","2023","Michigan","Great Lakes (IL, IN, MI, OH, WI)"
"171988","Ross Medical Education Center-Lansing","2023","Michigan","Great Lakes (IL, IN, MI, OH, WI)"
"171997","Ross Medical Education Center-Warren","2023","Michigan","Great Lakes (IL, IN, MI, OH, WI)"
"172015","Ross Medical Education Center-Flint","2023","Michigan","Great Lakes (IL, IN, MI, OH, WI)"
"172033","Sacred Heart Major Seminary","2023","Michigan","Great Lakes (IL, IN, MI, OH, WI)"
"172051","Saginaw Valley State University","2023","Michigan","Great Lakes (IL, IN, MI, OH, WI)"
"172200","Schoolcraft Community College District","2023","Michigan","Great Lakes (IL, IN, MI, OH, WI)"
"172264","Siena Heights University","2023","Michigan","Great Lakes (IL, IN, MI, OH, WI)"
"172291","St Clair County Community College","2023","Michigan","Great Lakes (IL, IN, MI, OH, WI)"
"172307","Southwestern Michigan College","2023","Michigan","Great Lakes (IL, IN, MI, OH, WI)"
"172334","Spring Arbor University","2023","Michigan","Great Lakes (IL, IN, MI, OH, WI)"
"172422","Michigan Career and Technical Institute","2023","Michigan","Great Lakes (IL, IN, MI, OH, WI)"
"172440","Finlandia University","2023","Michigan","Great Lakes (IL, IN, MI, OH, WI)"
"172477","Thomas M Cooley Law School","2023","Michigan","Great Lakes (IL, IN, MI, OH, WI)"
"172495","Twin City Beauty College","2023","Michigan","Great Lakes (IL, IN, MI, OH, WI)"
"172608","Walsh College","2023","Michigan","Great Lakes (IL, IN, MI, OH, WI)"
"172617","Washtenaw Community College","2023","Michigan","Great Lakes (IL, IN, MI, OH, WI)"
"172635","Wayne County Community College District","2023","Michigan","Great Lakes (IL, IN, MI, OH, WI)"
"172644","Wayne State University","2023","Michigan","Great Lakes (IL, IN, MI, OH, WI)"
"172671","West Shore Community College","2023","Michigan","Great Lakes (IL, IN, MI, OH, WI)"
"172680","Paul Mitchell the School-Grand Rapids","2023","Michigan","Great Lakes (IL, IN, MI, OH, WI)"
"172699","Western Michigan University","2023","Michigan","Great Lakes (IL, IN, MI, OH, WI)"
"172705","Western Theological Seminary","2023","Michigan","Great Lakes (IL, IN, MI, OH, WI)"
"172866","Academy College","2023","Minnesota","Plains (IA, KS, MN, MO, NE, ND, SD)"
"172918","Alexandria Technical & Community College","2023","Minnesota","Plains (IA, KS, MN, MO, NE, ND, SD)"
"172954","Anoka Technical College","2023","Minnesota","Plains (IA, KS, MN, MO, NE, ND, SD)"
"172963","Anoka-Ramsey Community College","2023","Minnesota","Plains (IA, KS, MN, MO, NE, ND, SD)"
"173045","Augsburg University","2023","Minnesota","Plains (IA, KS, MN, MO, NE, ND, SD)"
"173063","Riverland Community College","2023","Minnesota","Plains (IA, KS, MN, MO, NE, ND, SD)"
"173115","Northwest Technical College","2023","Minnesota","Plains (IA, KS, MN, MO, NE, ND, SD)"
"173124","Bemidji State University","2023","Minnesota","Plains (IA, KS, MN, MO, NE, ND, SD)"
"173142","Bethany Lutheran College","2023","Minnesota","Plains (IA, KS, MN, MO, NE, ND, SD)"
"173160","Bethel University","2023","Minnesota","Plains (IA, KS, MN, MO, NE, ND, SD)"
"173203","Central Lakes College-Brainerd","2023","Minnesota","Plains (IA, KS, MN, MO, NE, ND, SD)"
"173258","Carleton College","2023","Minnesota","Plains (IA, KS, MN, MO, NE, ND, SD)"
"173300","Concordia College at Moorhead","2023","Minnesota","Plains (IA, KS, MN, MO, NE, ND, SD)"
"173328","Concordia University-Saint Paul","2023","Minnesota","Plains (IA, KS, MN, MO, NE, ND, SD)"
"173416","Dakota County Technical College","2023","Minnesota","Plains (IA, KS, MN, MO, NE, ND, SD)"
"173452","Martin Luther College","2023","Minnesota","Plains (IA, KS, MN, MO, NE, ND, SD)"
"173461","Lake Superior College","2023","Minnesota","Plains (IA, KS, MN, MO, NE, ND, SD)"
"173559","Minnesota State Community and Technical College","2023","Minnesota","Plains (IA, KS, MN, MO, NE, ND, SD)"
"173638","Minnesota West Community and Technical College","2023","Minnesota","Plains (IA, KS, MN, MO, NE, ND, SD)"
"173647","Gustavus Adolphus College","2023","Minnesota","Plains (IA, KS, MN, MO, NE, ND, SD)"
"173665","Hamline University","2023","Minnesota","Plains (IA, KS, MN, MO, NE, ND, SD)"
"173683","Hazelden Betty Ford Graduate School","2023","Minnesota","Plains (IA, KS, MN, MO, NE, ND, SD)"
"173708","Hennepin Technical College","2023","Minnesota","Plains (IA, KS, MN, MO, NE, ND, SD)"
"173735","Minnesota North College","2023","Minnesota","Plains (IA, KS, MN, MO, NE, ND, SD)"
"173744","Aveda Arts & Sciences Institute Minneapolis","2023","Minnesota","Plains (IA, KS, MN, MO, NE, ND, SD)"
"173799","Inver Hills Community College","2023","Minnesota","Plains (IA, KS, MN, MO, NE, ND, SD)"
"173896","Luther Seminary","2023","Minnesota","Plains (IA, KS, MN, MO, NE, ND, SD)"
"173902","Macalester College","2023","Minnesota","Plains (IA, KS, MN, MO, NE, ND, SD)"
"173911","South Central College","2023","Minnesota","Plains (IA, KS, MN, MO, NE, ND, SD)"
"173920","Minnesota State University-Mankato","2023","Minnesota","Plains (IA, KS, MN, MO, NE, ND, SD)"
"173957","Mayo Clinic College of Medicine and Science","2023","Minnesota","Plains (IA, KS, MN, MO, NE, ND, SD)"
"174020","Metropolitan State University","2023","Minnesota","Plains (IA, KS, MN, MO, NE, ND, SD)"
"174066","University of Minnesota-Twin Cities","2023","Minnesota","Plains (IA, KS, MN, MO, NE, ND, SD)"
"174075","University of Minnesota-Crookston","2023","Minnesota","Plains (IA, KS, MN, MO, NE, ND, SD)"
"174127","Minneapolis College of Art and Design","2023","Minnesota","Plains (IA, KS, MN, MO, NE, ND, SD)"
"174136","Minneapolis Community and Technical College","2023","Minnesota","Plains (IA, KS, MN, MO, NE, ND, SD)"
"174154","Herzing University-Minneapolis","2023","Minnesota","Plains (IA, KS, MN, MO, NE, ND, SD)"
"174190","Nova Academy of Cosmetology Woodbury","2023","Minnesota","Plains (IA, KS, MN, MO, NE, ND, SD)"
"174233","University of Minnesota-Duluth","2023","Minnesota","Plains (IA, KS, MN, MO, NE, ND, SD)"
"174251","University of Minnesota-Morris","2023","Minnesota","Plains (IA, KS, MN, MO, NE, ND, SD)"
"174321","Model College of Hair Design","2023","Minnesota","Plains (IA, KS, MN, MO, NE, ND, SD)"
"174358","Minnesota State University Moorhead","2023","Minnesota","Plains (IA, KS, MN, MO, NE, ND, SD)"
"174376","North Hennepin Community College","2023","Minnesota","Plains (IA, KS, MN, MO, NE, ND, SD)"
"174428","Normandale Community College","2023","Minnesota","Plains (IA, KS, MN, MO, NE, ND, SD)"
"174437","North Central University","2023","Minnesota","Plains (IA, KS, MN, MO, NE, ND, SD)"
"174473","Northland Community and Technical College","2023","Minnesota","Plains (IA, KS, MN, MO, NE, ND, SD)"
"174491","University of Northwestern-St Paul","2023","Minnesota","Plains (IA, KS, MN, MO, NE, ND, SD)"
"174507","Northwestern Health Sciences University","2023","Minnesota","Plains (IA, KS, MN, MO, NE, ND, SD)"
"174525","Oak Hills Christian College","2023","Minnesota","Plains (IA, KS, MN, MO, NE, ND, SD)"
"174570","Pine Technical & Community College","2023","Minnesota","Plains (IA, KS, MN, MO, NE, ND, SD)"
"174738","Rochester Community and Technical College","2023","Minnesota","Plains (IA, KS, MN, MO, NE, ND, SD)"
"174747","College of Saint Benedict","2023","Minnesota","Plains (IA, KS, MN, MO, NE, ND, SD)"
"174756","St Cloud Technical and Community College","2023","Minnesota","Plains (IA, KS, MN, MO, NE, ND, SD)"
"174783","Saint Cloud State University","2023","Minnesota","Plains (IA, KS, MN, MO, NE, ND, SD)"
"174792","Saint Johns University","2023","Minnesota","Plains (IA, KS, MN, MO, NE, ND, SD)"
"174817","Saint Mary's University of Minnesota","2023","Minnesota","Plains (IA, KS, MN, MO, NE, ND, SD)"
"174844","St Olaf College","2023","Minnesota","Plains (IA, KS, MN, MO, NE, ND, SD)"
"174862","Crown College","2023","Minnesota","Plains (IA, KS, MN, MO, NE, ND, SD)"
"174899","The College of Saint Scholastica","2023","Minnesota","Plains (IA, KS, MN, MO, NE, ND, SD)"
"174914","University of St Thomas","2023","Minnesota","Plains (IA, KS, MN, MO, NE, ND, SD)"
"174978","Empire Beauty School-Bloomington","2023","Minnesota","Plains (IA, KS, MN, MO, NE, ND, SD)"
"175005","St Catherine University","2023","Minnesota","Plains (IA, KS, MN, MO, NE, ND, SD)"
"175014","Rasmussen University-Minnesota","2023","Minnesota","Plains (IA, KS, MN, MO, NE, ND, SD)"
"175041","Saint Paul College","2023","Minnesota","Plains (IA, KS, MN, MO, NE, ND, SD)"
"175078","Southwest Minnesota State University","2023","Minnesota","Plains (IA, KS, MN, MO, NE, ND, SD)"
"175120","Summit Academy Opportunities Industrialization Center","2023","Minnesota","Plains (IA, KS, MN, MO, NE, ND, SD)"
"175139","United Theological Seminary of the Twin Cities","2023","Minnesota","Plains (IA, KS, MN, MO, NE, ND, SD)"
"175227","Dunwoody College of Technology","2023","Minnesota","Plains (IA, KS, MN, MO, NE, ND, SD)"
"175236","Ridgewater College","2023","Minnesota","Plains (IA, KS, MN, MO, NE, ND, SD)"
"175263","Minnesota State College Southeast","2023","Minnesota","Plains (IA, KS, MN, MO, NE, ND, SD)"
"175272","Winona State University","2023","Minnesota","Plains (IA, KS, MN, MO, NE, ND, SD)"
"175281","Mitchell Hamline School of Law","2023","Minnesota","Plains (IA, KS, MN, MO, NE, ND, SD)"
"175315","Century College","2023","Minnesota","Plains (IA, KS, MN, MO, NE, ND, SD)"
"175342","Alcorn State University","2023","Mississippi","Southeast (AL, AR, FL, GA, KY, LA, MS, NC, SC, TN, VA, WV)"
"175421","Belhaven University","2023","Mississippi","Southeast (AL, AR, FL, GA, KY, LA, MS, NC, SC, TN, VA, WV)"
"175430","Blue Mountain Christian University","2023","Mississippi","Southeast (AL, AR, FL, GA, KY, LA, MS, NC, SC, TN, VA, WV)"
"175494","Chris Beauty College","2023","Mississippi","Southeast (AL, AR, FL, GA, KY, LA, MS, NC, SC, TN, VA, WV)"
"175519","Coahoma Community College","2023","Mississippi","Southeast (AL, AR, FL, GA, KY, LA, MS, NC, SC, TN, VA, WV)"
"175573","Copiah-Lincoln Community College","2023","Mississippi","Southeast (AL, AR, FL, GA, KY, LA, MS, NC, SC, TN, VA, WV)"
"175616","Delta State University","2023","Mississippi","Southeast (AL, AR, FL, GA, KY, LA, MS, NC, SC, TN, VA, WV)"
"175643","East Central Community College","2023","Mississippi","Southeast (AL, AR, FL, GA, KY, LA, MS, NC, SC, TN, VA, WV)"
"175652","East Mississippi Community College","2023","Mississippi","Southeast (AL, AR, FL, GA, KY, LA, MS, NC, SC, TN, VA, WV)"
"175698","Fosters Cosmetology College","2023","Mississippi","Southeast (AL, AR, FL, GA, KY, LA, MS, NC, SC, TN, VA, WV)"
"175722","Academy of Hair Design-Grenada","2023","Mississippi","Southeast (AL, AR, FL, GA, KY, LA, MS, NC, SC, TN, VA, WV)"
"175786","Hinds Community College","2023","Mississippi","Southeast (AL, AR, FL, GA, KY, LA, MS, NC, SC, TN, VA, WV)"
"175810","Holmes Community College","2023","Mississippi","Southeast (AL, AR, FL, GA, KY, LA, MS, NC, SC, TN, VA, WV)"
"175829","Itawamba Community College","2023","Mississippi","Southeast (AL, AR, FL, GA, KY, LA, MS, NC, SC, TN, VA, WV)"
"175856","Jackson State University","2023","Mississippi","Southeast (AL, AR, FL, GA, KY, LA, MS, NC, SC, TN, VA, WV)"
"175883","Jones County Junior College","2023","Mississippi","Southeast (AL, AR, FL, GA, KY, LA, MS, NC, SC, TN, VA, WV)"
"175935","Meridian Community College","2023","Mississippi","Southeast (AL, AR, FL, GA, KY, LA, MS, NC, SC, TN, VA, WV)"
"175980","Millsaps College","2023","Mississippi","Southeast (AL, AR, FL, GA, KY, LA, MS, NC, SC, TN, VA, WV)"
"175999","Board of Trustees-Mississippi State Institutions of Higher Learning","2023","Mississippi","Southeast (AL, AR, FL, GA, KY, LA, MS, NC, SC, TN, VA, WV)"
"176008","Mississippi Delta Community College","2023","Mississippi","Southeast (AL, AR, FL, GA, KY, LA, MS, NC, SC, TN, VA, WV)"
"176017","University of Mississippi","2023","Mississippi","Southeast (AL, AR, FL, GA, KY, LA, MS, NC, SC, TN, VA, WV)"
"176035","Mississippi University for Women","2023","Mississippi","Southeast (AL, AR, FL, GA, KY, LA, MS, NC, SC, TN, VA, WV)"
"176044","Mississippi Valley State University","2023","Mississippi","Southeast (AL, AR, FL, GA, KY, LA, MS, NC, SC, TN, VA, WV)"
"176053","Mississippi College","2023","Mississippi","Southeast (AL, AR, FL, GA, KY, LA, MS, NC, SC, TN, VA, WV)"
"176062","Hatfield's Mississippi College of Beauty Culture","2023","Mississippi","Southeast (AL, AR, FL, GA, KY, LA, MS, NC, SC, TN, VA, WV)"
"176071","Mississippi Gulf Coast Community College","2023","Mississippi","Southeast (AL, AR, FL, GA, KY, LA, MS, NC, SC, TN, VA, WV)"
"176080","Mississippi State University","2023","Mississippi","Southeast (AL, AR, FL, GA, KY, LA, MS, NC, SC, TN, VA, WV)"
"176169","Northeast Mississippi Community College","2023","Mississippi","Southeast (AL, AR, FL, GA, KY, LA, MS, NC, SC, TN, VA, WV)"
"176178","Northwest Mississippi Community College","2023","Mississippi","Southeast (AL, AR, FL, GA, KY, LA, MS, NC, SC, TN, VA, WV)"
"176239","Pearl River Community College","2023","Mississippi","Southeast (AL, AR, FL, GA, KY, LA, MS, NC, SC, TN, VA, WV)"
"176318","Rust College","2023","Mississippi","Southeast (AL, AR, FL, GA, KY, LA, MS, NC, SC, TN, VA, WV)"
"176336","Southeastern Baptist College","2023","Mississippi","Southeast (AL, AR, FL, GA, KY, LA, MS, NC, SC, TN, VA, WV)"
"176354","Southwest Mississippi Community College","2023","Mississippi","Southeast (AL, AR, FL, GA, KY, LA, MS, NC, SC, TN, VA, WV)"
"176372","University of Southern Mississippi","2023","Mississippi","Southeast (AL, AR, FL, GA, KY, LA, MS, NC, SC, TN, VA, WV)"
"176406","Tougaloo College","2023","Mississippi","Southeast (AL, AR, FL, GA, KY, LA, MS, NC, SC, TN, VA, WV)"
"176433","Vaughn Beauty College","2023","Mississippi","Southeast (AL, AR, FL, GA, KY, LA, MS, NC, SC, TN, VA, WV)"
"176451","Wesley Biblical Seminary","2023","Mississippi","Southeast (AL, AR, FL, GA, KY, LA, MS, NC, SC, TN, VA, WV)"
"176479","William Carey University","2023","Mississippi","Southeast (AL, AR, FL, GA, KY, LA, MS, NC, SC, TN, VA, WV)"
"176600","Aquinas Institute of Theology","2023","Missouri","Plains (IA, KS, MN, MO, NE, ND, SD)"
"176628","Avila University","2023","Missouri","Plains (IA, KS, MN, MO, NE, ND, SD)"
"176664","Mission University","2023","Missouri","Plains (IA, KS, MN, MO, NE, ND, SD)"
"176716","House of Heavilin Beauty College-Blue Springs","2023","Missouri","Plains (IA, KS, MN, MO, NE, ND, SD)"
"176770","Cox College","2023","Missouri","Plains (IA, KS, MN, MO, NE, ND, SD)"
"176789","Calvary University","2023","Missouri","Plains (IA, KS, MN, MO, NE, ND, SD)"
"176798","Cape Girardeau Career and Technology Center","2023","Missouri","Plains (IA, KS, MN, MO, NE, ND, SD)"
"176910","Central Christian College of the Bible","2023","Missouri","Plains (IA, KS, MN, MO, NE, ND, SD)"
"176947","Central Methodist University-College of Liberal Arts and Sciences","2023","Missouri","Plains (IA, KS, MN, MO, NE, ND, SD)"
"176965","University of Central Missouri","2023","Missouri","Plains (IA, KS, MN, MO, NE, ND, SD)"
"176983","Grand River Technical School","2023","Missouri","Plains (IA, KS, MN, MO, NE, ND, SD)"
"177038","Cleveland University-Kansas City","2023","Kansas","Plains (IA, KS, MN, MO, NE, ND, SD)"
"177065","Columbia College","2023","Missouri","Plains (IA, KS, MN, MO, NE, ND, SD)"
"177083","Conception Seminary College","2023","Missouri","Plains (IA, KS, MN, MO, NE, ND, SD)"
"177092","Concordia Seminary","2023","Missouri","Plains (IA, KS, MN, MO, NE, ND, SD)"
"177117","Cottey College","2023","Missouri","Plains (IA, KS, MN, MO, NE, ND, SD)"
"177126","Covenant Theological Seminary","2023","Missouri","Plains (IA, KS, MN, MO, NE, ND, SD)"
"177135","Crowder College","2023","Missouri","Plains (IA, KS, MN, MO, NE, ND, SD)"
"177144","Culver-Stockton College","2023","Missouri","Plains (IA, KS, MN, MO, NE, ND, SD)"
"177214","Drury University","2023","Missouri","Plains (IA, KS, MN, MO, NE, ND, SD)"
"177250","East Central College","2023","Missouri","Plains (IA, KS, MN, MO, NE, ND, SD)"
"177278","Eden Theological Seminary","2023","Missouri","Plains (IA, KS, MN, MO, NE, ND, SD)"
"177302","Pinnacle Career Institute","2023","Missouri","Plains (IA, KS, MN, MO, NE, ND, SD)"
"177339","Evangel University","2023","Missouri","Plains (IA, KS, MN, MO, NE, ND, SD)"
"177418","Fontbonne University","2023","Missouri","Plains (IA, KS, MN, MO, NE, ND, SD)"
"177436","Four Rivers Career Center","2023","Missouri","Plains (IA, KS, MN, MO, NE, ND, SD)"
"177472","Ozarks Technical Community College","2023","Missouri","Plains (IA, KS, MN, MO, NE, ND, SD)"
"177542","Hannibal-LaGrange University","2023","Missouri","Plains (IA, KS, MN, MO, NE, ND, SD)"
"177551","Harris-Stowe State University","2023","Missouri","Plains (IA, KS, MN, MO, NE, ND, SD)"
"177588","House of Heavilin Beauty College-Kansas City","2023","Missouri","Plains (IA, KS, MN, MO, NE, ND, SD)"
"177603","Summit Salon Academy Kansas City","2023","Missouri","Plains (IA, KS, MN, MO, NE, ND, SD)"
"177676","Jefferson College","2023","Missouri","Plains (IA, KS, MN, MO, NE, ND, SD)"
"177685","Paul Mitchell the School-Missouri Columbia","2023","Missouri","Plains (IA, KS, MN, MO, NE, ND, SD)"
"177719","Barnes-Jewish College Goldfarb School of Nursing","2023","Missouri","Plains (IA, KS, MN, MO, NE, ND, SD)"
"177746","Kansas City Art Institute","2023","Missouri","Plains (IA, KS, MN, MO, NE, ND, SD)"
"177816","Kenrick Glennon Seminary","2023","Missouri","Plains (IA, KS, MN, MO, NE, ND, SD)"
"177834","A T Still University of Health Sciences","2023","Missouri","Plains (IA, KS, MN, MO, NE, ND, SD)"
"177931","Lex La-Ray Technical Center","2023","Missouri","Plains (IA, KS, MN, MO, NE, ND, SD)"
"177940","Lincoln University","2023","Missouri","Plains (IA, KS, MN, MO, NE, ND, SD)"
"177968","Lindenwood University","2023","Missouri","Plains (IA, KS, MN, MO, NE, ND, SD)"
"177977","State Technical College of Missouri","2023","Missouri","Plains (IA, KS, MN, MO, NE, ND, SD)"
"177986","Logan University","2023","Missouri","Plains (IA, KS, MN, MO, NE, ND, SD)"
"177995","Metropolitan Community College-Kansas City","2023","Missouri","Plains (IA, KS, MN, MO, NE, ND, SD)"
"178059","Maryville University of Saint Louis","2023","Missouri","Plains (IA, KS, MN, MO, NE, ND, SD)"
"178077","Missouri College of Cosmetology and Esthetics","2023","Missouri","Plains (IA, KS, MN, MO, NE, ND, SD)"
"178183","Midwest Institute","2023","Missouri","Plains (IA, KS, MN, MO, NE, ND, SD)"
"178208","Midwestern Baptist Theological Seminary","2023","Missouri","Plains (IA, KS, MN, MO, NE, ND, SD)"
"178217","Mineral Area College","2023","Missouri","Plains (IA, KS, MN, MO, NE, ND, SD)"
"178244","Missouri Baptist University","2023","Missouri","Plains (IA, KS, MN, MO, NE, ND, SD)"
"178341","Missouri Southern State University","2023","Missouri","Plains (IA, KS, MN, MO, NE, ND, SD)"
"178369","Missouri Valley College","2023","Missouri","Plains (IA, KS, MN, MO, NE, ND, SD)"
"178387","Missouri Western State University","2023","Missouri","Plains (IA, KS, MN, MO, NE, ND, SD)"
"178396","University of Missouri-Columbia","2023","Missouri","Plains (IA, KS, MN, MO, NE, ND, SD)"
"178402","University of Missouri-Kansas City","2023","Missouri","Plains (IA, KS, MN, MO, NE, ND, SD)"
"178411","Missouri University of Science and Technology","2023","Missouri","Plains (IA, KS, MN, MO, NE, ND, SD)"
"178420","University of Missouri-St Louis","2023","Missouri","Plains (IA, KS, MN, MO, NE, ND, SD)"
"178439","University of Missouri-System Office","2023","Missouri","Plains (IA, KS, MN, MO, NE, ND, SD)"
"178448","Moberly Area Community College","2023","Missouri","Plains (IA, KS, MN, MO, NE, ND, SD)"
"178518","Nazarene Theological Seminary","2023","Missouri","Plains (IA, KS, MN, MO, NE, ND, SD)"
"178527","Neosho Beauty College","2023","Missouri","Plains (IA, KS, MN, MO, NE, ND, SD)"
"178615","Truman State University","2023","Missouri","Plains (IA, KS, MN, MO, NE, ND, SD)"
"178624","Northwest Missouri State University","2023","Missouri","Plains (IA, KS, MN, MO, NE, ND, SD)"
"178679","Ozark Christian College","2023","Missouri","Plains (IA, KS, MN, MO, NE, ND, SD)"
"178697","College of the Ozarks","2023","Missouri","Plains (IA, KS, MN, MO, NE, ND, SD)"
"178721","Park University","2023","Missouri","Plains (IA, KS, MN, MO, NE, ND, SD)"
"178767","Stevens-The Institute of Business & Arts","2023","Missouri","Plains (IA, KS, MN, MO, NE, ND, SD)"
"178828","Poplar Bluff Technical Career Center","2023","Missouri","Plains (IA, KS, MN, MO, NE, ND, SD)"
"178891","Ranken Technical College","2023","Missouri","Plains (IA, KS, MN, MO, NE, ND, SD)"
"178989","Research College of Nursing","2023","Missouri","Plains (IA, KS, MN, MO, NE, ND, SD)"
"179043","Rockhurst University","2023","Missouri","Plains (IA, KS, MN, MO, NE, ND, SD)"
"179159","Saint Louis University","2023","Missouri","Plains (IA, KS, MN, MO, NE, ND, SD)"
"179195","Salem College of Hairstyling","2023","Missouri","Plains (IA, KS, MN, MO, NE, ND, SD)"
"179265","University of Health Sciences and Pharmacy in St. Louis","2023","Missouri","Plains (IA, KS, MN, MO, NE, ND, SD)"
"179308","Saint Louis Community College","2023","Missouri","Plains (IA, KS, MN, MO, NE, ND, SD)"
"179317","Saint Paul School of Theology","2023","Kansas","Plains (IA, KS, MN, MO, NE, ND, SD)"
"179326","Southwest Baptist University","2023","Missouri","Plains (IA, KS, MN, MO, NE, ND, SD)"
"179344","Missouri State University-West Plains","2023","Missouri","Plains (IA, KS, MN, MO, NE, ND, SD)"
"179511","St Louis College of Health Careers-St Louis","2023","Missouri","Plains (IA, KS, MN, MO, NE, ND, SD)"
"179539","State Fair Community College","2023","Missouri","Plains (IA, KS, MN, MO, NE, ND, SD)"
"179548","Stephens College","2023","Missouri","Plains (IA, KS, MN, MO, NE, ND, SD)"
"179557","Southeast Missouri State University","2023","Missouri","Plains (IA, KS, MN, MO, NE, ND, SD)"
"179566","Missouri State University-Springfield","2023","Missouri","Plains (IA, KS, MN, MO, NE, ND, SD)"
"179645","Three Rivers College","2023","Missouri","Plains (IA, KS, MN, MO, NE, ND, SD)"
"179715","North Central Missouri College","2023","Missouri","Plains (IA, KS, MN, MO, NE, ND, SD)"
"179812","Kansas City University","2023","Missouri","Plains (IA, KS, MN, MO, NE, ND, SD)"
"179867","Washington University in St Louis","2023","Missouri","Plains (IA, KS, MN, MO, NE, ND, SD)"
"179894","Webster University","2023","Missouri","Plains (IA, KS, MN, MO, NE, ND, SD)"
"179946","Westminster College","2023","Missouri","Plains (IA, KS, MN, MO, NE, ND, SD)"
"179955","William Jewell College","2023","Missouri","Plains (IA, KS, MN, MO, NE, ND, SD)"
"179964","William Woods University","2023","Missouri","Plains (IA, KS, MN, MO, NE, ND, SD)"
"179991","Academy of Cosmetology Inc","2023","Montana","Rocky Mountains (CO, ID, MT, UT, WY)"
"180054","Blackfeet Community College","2023","Montana","Rocky Mountains (CO, ID, MT, UT, WY)"
"180063","Butte Academy of Beauty Culture","2023","Montana","Rocky Mountains (CO, ID, MT, UT, WY)"
"180081","Highlands College of Montana Tech","2023","Montana","Rocky Mountains (CO, ID, MT, UT, WY)"
"180090","Crevier's Academy of Cosmetology Arts","2023","Montana","Rocky Mountains (CO, ID, MT, UT, WY)"
"180106","Carroll College","2023","Montana","Rocky Mountains (CO, ID, MT, UT, WY)"
"180151","Dawson Community College","2023","Montana","Rocky Mountains (CO, ID, MT, UT, WY)"
"180160","Chief Dull Knife College","2023","Montana","Rocky Mountains (CO, ID, MT, UT, WY)"
"180179","Montana State University Billings","2023","Montana","Rocky Mountains (CO, ID, MT, UT, WY)"
"180197","Flathead Valley Community College","2023","Montana","Rocky Mountains (CO, ID, MT, UT, WY)"
"180203","Aaniiih Nakoda College","2023","Montana","Rocky Mountains (CO, ID, MT, UT, WY)"
"180212","Fort Peck Community College","2023","Montana","Rocky Mountains (CO, ID, MT, UT, WY)"
"180249","Great Falls College Montana State University","2023","Montana","Rocky Mountains (CO, ID, MT, UT, WY)"
"180258","University of Providence","2023","Montana","Rocky Mountains (CO, ID, MT, UT, WY)"
"180276","Helena College University of Montana","2023","Montana","Rocky Mountains (CO, ID, MT, UT, WY)"
"180328","Little Big Horn College","2023","Montana","Rocky Mountains (CO, ID, MT, UT, WY)"
"180373","Miles Community College","2023","Montana","Rocky Mountains (CO, ID, MT, UT, WY)"
"180416","Montana Technological University","2023","Montana","Rocky Mountains (CO, ID, MT, UT, WY)"
"180461","Montana State University","2023","Montana","Rocky Mountains (CO, ID, MT, UT, WY)"
"180489","The University of Montana","2023","Montana","Rocky Mountains (CO, ID, MT, UT, WY)"
"180522","Montana State University-Northern","2023","Montana","Rocky Mountains (CO, ID, MT, UT, WY)"
"180595","Rocky Mountain College","2023","Montana","Rocky Mountains (CO, ID, MT, UT, WY)"
"180647","Salish Kootenai College","2023","Montana","Rocky Mountains (CO, ID, MT, UT, WY)"
"180692","The University of Montana-Western","2023","Montana","Rocky Mountains (CO, ID, MT, UT, WY)"
"180814","Bellevue University","2023","Nebraska","Plains (IA, KS, MN, MO, NE, ND, SD)"
"180832","Clarkson College","2023","Nebraska","Plains (IA, KS, MN, MO, NE, ND, SD)"
"180878","Bryan College of Health Sciences","2023","Nebraska","Plains (IA, KS, MN, MO, NE, ND, SD)"
"180902","Central Community College","2023","Nebraska","Plains (IA, KS, MN, MO, NE, ND, SD)"
"180948","Chadron State College","2023","Nebraska","Plains (IA, KS, MN, MO, NE, ND, SD)"
"180957","College of Hair Design-Downtown","2023","Nebraska","Plains (IA, KS, MN, MO, NE, ND, SD)"
"180984","Concordia University-Nebraska","2023","Nebraska","Plains (IA, KS, MN, MO, NE, ND, SD)"
"181002","Creighton University","2023","Nebraska","Plains (IA, KS, MN, MO, NE, ND, SD)"
"181020","Doane University","2023","Nebraska","Plains (IA, KS, MN, MO, NE, ND, SD)"
"181127","Hastings College","2023","Nebraska","Plains (IA, KS, MN, MO, NE, ND, SD)"
"181145","CHI Health School of Radiologic Technology","2023","Nebraska","Plains (IA, KS, MN, MO, NE, ND, SD)"
"181190","Joseph's College Cosmetology","2023","Nebraska","Plains (IA, KS, MN, MO, NE, ND, SD)"
"181215","University of Nebraska at Kearney","2023","Nebraska","Plains (IA, KS, MN, MO, NE, ND, SD)"
"181297","Nebraska Methodist College of Nursing & Allied Health","2023","Nebraska","Plains (IA, KS, MN, MO, NE, ND, SD)"
"181303","Metropolitan Community College Area","2023","Nebraska","Plains (IA, KS, MN, MO, NE, ND, SD)"
"181312","Mid-Plains Community College","2023","Nebraska","Plains (IA, KS, MN, MO, NE, ND, SD)"
"181330","Midland University","2023","Nebraska","Plains (IA, KS, MN, MO, NE, ND, SD)"
"181394","University of Nebraska at Omaha","2023","Nebraska","Plains (IA, KS, MN, MO, NE, ND, SD)"
"181419","Nebraska Indian Community College","2023","Nebraska","Plains (IA, KS, MN, MO, NE, ND, SD)"
"181428","University of Nebraska Medical Center","2023","Nebraska","Plains (IA, KS, MN, MO, NE, ND, SD)"
"181446","Nebraska Wesleyan University","2023","Nebraska","Plains (IA, KS, MN, MO, NE, ND, SD)"
"181464","University of Nebraska-Lincoln","2023","Nebraska","Plains (IA, KS, MN, MO, NE, ND, SD)"
"181491","Northeast Community College","2023","Nebraska","Plains (IA, KS, MN, MO, NE, ND, SD)"
"181534","Peru State College","2023","Nebraska","Plains (IA, KS, MN, MO, NE, ND, SD)"
"181543","Summit Christian College","2023","Nebraska","Plains (IA, KS, MN, MO, NE, ND, SD)"
"181604","College of Saint Mary","2023","Nebraska","Plains (IA, KS, MN, MO, NE, ND, SD)"
"181640","Southeast Community College Area","2023","Nebraska","Plains (IA, KS, MN, MO, NE, ND, SD)"
"181738","Union Adventist University","2023","Nebraska","Plains (IA, KS, MN, MO, NE, ND, SD)"
"181747","University of Nebraska-Central Administration System Office","2023","Nebraska","Plains (IA, KS, MN, MO, NE, ND, SD)"
"181765","Nebraska College of Technical Agriculture","2023","Nebraska","Plains (IA, KS, MN, MO, NE, ND, SD)"
"181783","Wayne State College","2023","Nebraska","Plains (IA, KS, MN, MO, NE, ND, SD)"
"181817","Western Nebraska Community College","2023","Nebraska","Plains (IA, KS, MN, MO, NE, ND, SD)"
"181853","York University","2023","Nebraska","Plains (IA, KS, MN, MO, NE, ND, SD)"
"181880","Academy of Hair Design-Las Vegas","2023","Nevada","Far West (AK, CA, HI, NV, OR, WA)"
"181941","Career College of Northern Nevada","2023","Nevada","Far West (AK, CA, HI, NV, OR, WA)"
"182005","College of Southern Nevada","2023","Nevada","Far West (AK, CA, HI, NV, OR, WA)"
"182148","Las Vegas College","2023","Nevada","Far West (AK, CA, HI, NV, OR, WA)"
"182281","University of Nevada-Las Vegas","2023","Nevada","Far West (AK, CA, HI, NV, OR, WA)"
"182290","University of Nevada-Reno","2023","Nevada","Far West (AK, CA, HI, NV, OR, WA)"
"182306","Great Basin College","2023","Nevada","Far West (AK, CA, HI, NV, OR, WA)"
"182500","Truckee Meadows Community College","2023","Nevada","Far West (AK, CA, HI, NV, OR, WA)"
"182519","Nevada System of Higher Education-System Office","2023","Nevada","Far West (AK, CA, HI, NV, OR, WA)"
"182564","Western Nevada College","2023","Nevada","Far West (AK, CA, HI, NV, OR, WA)"
"182634","Colby-Sawyer College","2023","New Hampshire","New England (CT, ME, MA, NH, RI, VT)"
"182670","Dartmouth College","2023","New Hampshire","New England (CT, ME, MA, NH, RI, VT)"
"182704","Empire Beauty School-Laconia","2023","New Hampshire","New England (CT, ME, MA, NH, RI, VT)"
"182722","Empire Beauty School-Somersworth","2023","New Hampshire","New England (CT, ME, MA, NH, RI, VT)"
"182795","Franklin Pierce University","2023","New Hampshire","New England (CT, ME, MA, NH, RI, VT)"
"182829","University of New Hampshire-Franklin Pierce School of Law","2023","New Hampshire","New England (CT, ME, MA, NH, RI, VT)"
"182892","Keene Beauty Academy","2023","New Hampshire","New England (CT, ME, MA, NH, RI, VT)"
"182917","Magdalen College","2023","New Hampshire","New England (CT, ME, MA, NH, RI, VT)"
"182980","New England College","2023","New Hampshire","New England (CT, ME, MA, NH, RI, VT)"
"182999","New England School of Hair Design","2023","New Hampshire","New England (CT, ME, MA, NH, RI, VT)"
"183026","Southern New Hampshire University","2023","New Hampshire","New England (CT, ME, MA, NH, RI, VT)"
"183035","New Hampshire Institute for Therapeutic Arts","2023","New Hampshire","New England (CT, ME, MA, NH, RI, VT)"
"183044","University of New Hampshire-Main Campus","2023","New Hampshire","New England (CT, ME, MA, NH, RI, VT)"
"183062","Keene State College","2023","New Hampshire","New England (CT, ME, MA, NH, RI, VT)"
"183071","University of New Hampshire at Manchester","2023","New Hampshire","New England (CT, ME, MA, NH, RI, VT)"
"183080","Plymouth State University","2023","New Hampshire","New England (CT, ME, MA, NH, RI, VT)"
"183099","NHTI-Concord's Community College","2023","New Hampshire","New England (CT, ME, MA, NH, RI, VT)"
"183105","White Mountains Community College","2023","New Hampshire","New England (CT, ME, MA, NH, RI, VT)"
"183114","River Valley Community College","2023","New Hampshire","New England (CT, ME, MA, NH, RI, VT)"
"183123","Lakes Region Community College","2023","New Hampshire","New England (CT, ME, MA, NH, RI, VT)"
"183132","Manchester Community College","2023","New Hampshire","New England (CT, ME, MA, NH, RI, VT)"
"183141","Nashua Community College","2023","New Hampshire","New England (CT, ME, MA, NH, RI, VT)"
"183150","Great Bay Community College","2023","New Hampshire","New England (CT, ME, MA, NH, RI, VT)"
"183202","Paul Mitchell the School-Portsmouth","2023","New Hampshire","New England (CT, ME, MA, NH, RI, VT)"
"183211","Rivier University","2023","New Hampshire","New England (CT, ME, MA, NH, RI, VT)"
"183239","Saint Anselm College","2023","New Hampshire","New England (CT, ME, MA, NH, RI, VT)"
"183248","St Joseph School of Nursing","2023","New Hampshire","New England (CT, ME, MA, NH, RI, VT)"
"183257","University of New Hampshire College of Professional Studies Online","2023","New Hampshire","New England (CT, ME, MA, NH, RI, VT)"
"183275","Thomas More College of Liberal Arts","2023","New Hampshire","New England (CT, ME, MA, NH, RI, VT)"
"183327","University System of New Hampshire System Office","2023","New Hampshire","New England (CT, ME, MA, NH, RI, VT)"
"183488","Eastwick College-Hackensack","2023","New Jersey","Mid East (DE, DC, MD, NJ, NY, PA)"
"183600","Assumption College for Sisters","2023","New Jersey","Mid East (DE, DC, MD, NJ, NY, PA)"
"183655","Atlantic Cape Community College","2023","New Jersey","Mid East (DE, DC, MD, NJ, NY, PA)"
"183725","Fortis Institute-Wayne","2023","New Jersey","Mid East (DE, DC, MD, NJ, NY, PA)"
"183743","Bergen Community College","2023","New Jersey","Mid East (DE, DC, MD, NJ, NY, PA)"
"183789","Berkeley College-Woodland Park","2023","New Jersey","Mid East (DE, DC, MD, NJ, NY, PA)"
"183804","Beth Medrash Govoha","2023","New Jersey","Mid East (DE, DC, MD, NJ, NY, PA)"
"183822","Bloomfield College","2023","New Jersey","Mid East (DE, DC, MD, NJ, NY, PA)"
"183859","Brookdale Community College","2023","New Jersey","Mid East (DE, DC, MD, NJ, NY, PA)"
"183877","Rowan College at Burlington County","2023","New Jersey","Mid East (DE, DC, MD, NJ, NY, PA)"
"183910","Caldwell University","2023","New Jersey","Mid East (DE, DC, MD, NJ, NY, PA)"
"183938","Camden County College","2023","New Jersey","Mid East (DE, DC, MD, NJ, NY, PA)"
"183974","Centenary University","2023","New Jersey","Mid East (DE, DC, MD, NJ, NY, PA)"
"183983","Adult and Continuing Education-BCTS","2023","New Jersey","Mid East (DE, DC, MD, NJ, NY, PA)"
"184056","Lincoln Technical Institute-Iselin","2023","New Jersey","Mid East (DE, DC, MD, NJ, NY, PA)"
"184092","American Institute-Clifton","2023","New Jersey","Mid East (DE, DC, MD, NJ, NY, PA)"
"184180","County College of Morris","2023","New Jersey","Mid East (DE, DC, MD, NJ, NY, PA)"
"184205","Rowan College of South Jersey-Cumberland Campus","2023","New Jersey","Mid East (DE, DC, MD, NJ, NY, PA)"
"184348","Drew University","2023","New Jersey","Mid East (DE, DC, MD, NJ, NY, PA)"
"184427","Lincoln Technical Institute-South Plainfield","2023","New Jersey","Mid East (DE, DC, MD, NJ, NY, PA)"
"184481","Essex County College","2023","New Jersey","Mid East (DE, DC, MD, NJ, NY, PA)"
"184506","Empire Beauty School-Union","2023","New Jersey","Mid East (DE, DC, MD, NJ, NY, PA)"
"184603","Fairleigh Dickinson University-Metropolitan Campus","2023","New Jersey","Mid East (DE, DC, MD, NJ, NY, PA)"
"184612","Felician University","2023","New Jersey","Mid East (DE, DC, MD, NJ, NY, PA)"
"184694","Fairleigh Dickinson University-Florham Campus","2023","New Jersey","Mid East (DE, DC, MD, NJ, NY, PA)"
"184746","Hohokus School of Trade and Technical Sciences","2023","New Jersey","Mid East (DE, DC, MD, NJ, NY, PA)"
"184773","Georgian Court University","2023","New Jersey","Mid East (DE, DC, MD, NJ, NY, PA)"
"184782","Rowan University","2023","New Jersey","Mid East (DE, DC, MD, NJ, NY, PA)"
"184791","Rowan College of South Jersey-Gloucester Campus","2023","New Jersey","Mid East (DE, DC, MD, NJ, NY, PA)"
"184816","Empire Beauty School-Cherry Hill","2023","New Jersey","Mid East (DE, DC, MD, NJ, NY, PA)"
"184959","Eastwick College-Ramsey","2023","New Jersey","Mid East (DE, DC, MD, NJ, NY, PA)"
"184968","Holy Name Medical Center-Sister Claire Tynan School of Nursing","2023","New Jersey","Mid East (DE, DC, MD, NJ, NY, PA)"
"184995","Hudson County Community College","2023","New Jersey","Mid East (DE, DC, MD, NJ, NY, PA)"
"185129","New Jersey City University","2023","New Jersey","Mid East (DE, DC, MD, NJ, NY, PA)"
"185174","Joe Kubert School of Cartoon and Graphic Art","2023","New Jersey","Mid East (DE, DC, MD, NJ, NY, PA)"
"185262","Kean University","2023","New Jersey","Mid East (DE, DC, MD, NJ, NY, PA)"
"185396","Lincoln Technical Institute-Union","2023","New Jersey","Mid East (DE, DC, MD, NJ, NY, PA)"
"185466","Rizzieri Aveda School for Beauty and Wellness","2023","New Jersey","Mid East (DE, DC, MD, NJ, NY, PA)"
"185509","Mercer County Community College","2023","New Jersey","Mid East (DE, DC, MD, NJ, NY, PA)"
"185536","Middlesex College","2023","New Jersey","Mid East (DE, DC, MD, NJ, NY, PA)"
"185572","Monmouth University","2023","New Jersey","Mid East (DE, DC, MD, NJ, NY, PA)"
"185590","Montclair State University","2023","New Jersey","Mid East (DE, DC, MD, NJ, NY, PA)"
"185679","JFK Muhlenberg Harold B. and Dorothy A. Snyder Schools","2023","New Jersey","Mid East (DE, DC, MD, NJ, NY, PA)"
"185721","Eastwick College-Nutley","2023","New Jersey","Mid East (DE, DC, MD, NJ, NY, PA)"
"185758","New Brunswick Theological Seminary","2023","New Jersey","Mid East (DE, DC, MD, NJ, NY, PA)"
"185767","Robert Fiance Beauty Schools-West New York","2023","New Jersey","Mid East (DE, DC, MD, NJ, NY, PA)"
"185828","New Jersey Institute of Technology","2023","New Jersey","Mid East (DE, DC, MD, NJ, NY, PA)"
"185873","Ocean County College","2023","New Jersey","Mid East (DE, DC, MD, NJ, NY, PA)"
"185970","P B Cosmetology Education Center","2023","New Jersey","Mid East (DE, DC, MD, NJ, NY, PA)"
"186016","Parisian Beauty School","2023","New Jersey","Mid East (DE, DC, MD, NJ, NY, PA)"
"186034","Passaic County Community College","2023","New Jersey","Mid East (DE, DC, MD, NJ, NY, PA)"
"186052","Pennco Tech-Blackwood","2023","New Jersey","Mid East (DE, DC, MD, NJ, NY, PA)"
"186122","Princeton Theological Seminary","2023","New Jersey","Mid East (DE, DC, MD, NJ, NY, PA)"
"186131","Princeton University","2023","New Jersey","Mid East (DE, DC, MD, NJ, NY, PA)"
"186186","Rabbinical College of America","2023","New Jersey","Mid East (DE, DC, MD, NJ, NY, PA)"
"186201","Ramapo College of New Jersey","2023","New Jersey","Mid East (DE, DC, MD, NJ, NY, PA)"
"186274","Robert Fiance Beauty Schools","2023","Florida","Southeast (AL, AR, FL, GA, KY, LA, MS, NC, SC, TN, VA, WV)"
"186283","Rider University","2023","New Jersey","Mid East (DE, DC, MD, NJ, NY, PA)"
"186371","Rutgers University-Camden","2023","New Jersey","Mid East (DE, DC, MD, NJ, NY, PA)"
"186380","Rutgers University-New Brunswick","2023","New Jersey","Mid East (DE, DC, MD, NJ, NY, PA)"
"186399","Rutgers University-Newark","2023","New Jersey","Mid East (DE, DC, MD, NJ, NY, PA)"
"186405","Capital Health School of Radiologic Technology","2023","New Jersey","Mid East (DE, DC, MD, NJ, NY, PA)"
"186423","Capital Health School of Nursing","2023","New Jersey","Mid East (DE, DC, MD, NJ, NY, PA)"
"186432","Saint Peter's University","2023","New Jersey","Mid East (DE, DC, MD, NJ, NY, PA)"
"186469","Salem Community College","2023","New Jersey","Mid East (DE, DC, MD, NJ, NY, PA)"
"186584","Seton Hall University","2023","New Jersey","Mid East (DE, DC, MD, NJ, NY, PA)"
"186593","Shore Beauty School","2023","New Jersey","Mid East (DE, DC, MD, NJ, NY, PA)"
"186618","Saint Elizabeth University","2023","New Jersey","Mid East (DE, DC, MD, NJ, NY, PA)"
"186645","Raritan Valley Community College","2023","New Jersey","Mid East (DE, DC, MD, NJ, NY, PA)"
"186867","Stevens Institute of Technology","2023","New Jersey","Mid East (DE, DC, MD, NJ, NY, PA)"
"186876","Stockton University","2023","New Jersey","Mid East (DE, DC, MD, NJ, NY, PA)"
"186900","Talmudical Academy-New Jersey","2023","New Jersey","Mid East (DE, DC, MD, NJ, NY, PA)"
"187000","Aviation Institute of Maintenance-Teterboro","2023","New Jersey","Mid East (DE, DC, MD, NJ, NY, PA)"
"187046","Thomas Edison State University","2023","New Jersey","Mid East (DE, DC, MD, NJ, NY, PA)"
"187134","The College of New Jersey","2023","New Jersey","Mid East (DE, DC, MD, NJ, NY, PA)"
"187198","UCNJ Union College of Union County, NJ","2023","New Jersey","Mid East (DE, DC, MD, NJ, NY, PA)"
"187444","William Paterson University of New Jersey","2023","New Jersey","Mid East (DE, DC, MD, NJ, NY, PA)"
"187505","Olympian Academy of Cosmetology","2023","New Mexico","Southwest (AZ, NM, OK, TX)"
"187532","Central New Mexico Community College","2023","New Mexico","Southwest (AZ, NM, OK, TX)"
"187596","Navajo Technical University","2023","New Mexico","Southwest (AZ, NM, OK, TX)"
"187620","New Mexico State University-Dona Ana","2023","New Mexico","Southwest (AZ, NM, OK, TX)"
"187639","Clovis Community College","2023","New Mexico","Southwest (AZ, NM, OK, TX)"
"187648","Eastern New Mexico University-Main Campus","2023","New Mexico","Southwest (AZ, NM, OK, TX)"
"187666","Eastern New Mexico University-Roswell Campus","2023","New Mexico","Southwest (AZ, NM, OK, TX)"
"187745","Institute of American Indian and Alaska Native Culture and Arts Development","2023","New Mexico","Southwest (AZ, NM, OK, TX)"
"187897","New Mexico Highlands University","2023","New Mexico","Southwest (AZ, NM, OK, TX)"
"187903","New Mexico Junior College","2023","New Mexico","Southwest (AZ, NM, OK, TX)"
"187912","New Mexico Military Institute","2023","New Mexico","Southwest (AZ, NM, OK, TX)"
"187958","University of New Mexico-Gallup Campus","2023","New Mexico","Southwest (AZ, NM, OK, TX)"
"187967","New Mexico Institute of Mining and Technology","2023","New Mexico","Southwest (AZ, NM, OK, TX)"
"187976","University of New Mexico-Los Alamos Campus","2023","New Mexico","Southwest (AZ, NM, OK, TX)"
"187985","University of New Mexico-Main Campus","2023","New Mexico","Southwest (AZ, NM, OK, TX)"
"187994","New Mexico State University-Alamogordo","2023","New Mexico","Southwest (AZ, NM, OK, TX)"
"188003","Southeast New Mexico College","2023","New Mexico","Southwest (AZ, NM, OK, TX)"
"188021","New Mexico State University-Grants","2023","New Mexico","Southwest (AZ, NM, OK, TX)"
"188030","New Mexico State University-Main Campus","2023","New Mexico","Southwest (AZ, NM, OK, TX)"
"188049","University of New Mexico-Valencia County Campus","2023","New Mexico","Southwest (AZ, NM, OK, TX)"
"188058","Northern New Mexico College","2023","New Mexico","Southwest (AZ, NM, OK, TX)"
"188100","San Juan College","2023","New Mexico","Southwest (AZ, NM, OK, TX)"
"188137","Santa Fe Community College","2023","New Mexico","Southwest (AZ, NM, OK, TX)"
"188182","University of the Southwest","2023","New Mexico","Southwest (AZ, NM, OK, TX)"
"188207","Southwestern College","2023","New Mexico","Southwest (AZ, NM, OK, TX)"
"188216","Southwestern Indian Polytechnic Institute","2023","New Mexico","Southwest (AZ, NM, OK, TX)"
"188225","University of New Mexico-Taos Campus","2023","New Mexico","Southwest (AZ, NM, OK, TX)"
"188261","Mesalands Community College","2023","New Mexico","Southwest (AZ, NM, OK, TX)"
"188289","Vogue College of Cosmetology-Santa Fe","2023","New Mexico","Southwest (AZ, NM, OK, TX)"
"188304","Western New Mexico University","2023","New Mexico","Southwest (AZ, NM, OK, TX)"
"188340","Vaughn College of Aeronautics and Technology","2023","New York","Mid East (DE, DC, MD, NJ, NY, PA)"
"188429","Adelphi University","2023","New York","Mid East (DE, DC, MD, NJ, NY, PA)"
"188438","SUNY Adirondack","2023","New York","Mid East (DE, DC, MD, NJ, NY, PA)"
"188517","Bryant & Stratton College-Albany","2023","New York","Mid East (DE, DC, MD, NJ, NY, PA)"
"188526","Albany College of Pharmacy and Health Sciences","2023","New York","Mid East (DE, DC, MD, NJ, NY, PA)"
"188535","Albany Law School","2023","New York","Mid East (DE, DC, MD, NJ, NY, PA)"
"188580","Albany Medical College","2023","New York","Mid East (DE, DC, MD, NJ, NY, PA)"
"188641","Alfred University","2023","New York","Mid East (DE, DC, MD, NJ, NY, PA)"
"188650","Allen School-Brooklyn","2023","New York","Mid East (DE, DC, MD, NJ, NY, PA)"
"188669","The Ailey School","2023","New York","Mid East (DE, DC, MD, NJ, NY, PA)"
"188678","American Academy of Dramatic Arts-New York","2023","New York","Mid East (DE, DC, MD, NJ, NY, PA)"
"188687","American Academy McAllister Institute of Funeral Service","2023","New York","Mid East (DE, DC, MD, NJ, NY, PA)"
"188696","Joffrey Ballet School","2023","New York","Mid East (DE, DC, MD, NJ, NY, PA)"
"188854","American Musical and Dramatic Academy","2023","New York","Mid East (DE, DC, MD, NJ, NY, PA)"
"188890","Apex Technical School","2023","New York","Mid East (DE, DC, MD, NJ, NY, PA)"
"188915","Arnot Ogden Medical Center","2023","New York","Mid East (DE, DC, MD, NJ, NY, PA)"
"188942","Associated Beth Rivkah Schools","2023","New York","Mid East (DE, DC, MD, NJ, NY, PA)"
"189015","Bank Street College of Education","2023","New York","Mid East (DE, DC, MD, NJ, NY, PA)"
"189088","Bard College","2023","New York","Mid East (DE, DC, MD, NJ, NY, PA)"
"189097","Barnard College","2023","New York","Mid East (DE, DC, MD, NJ, NY, PA)"
"189219","Berk Trade and Business School","2023","New York","Mid East (DE, DC, MD, NJ, NY, PA)"
"189228","Berkeley College-New York","2023","New York","Mid East (DE, DC, MD, NJ, NY, PA)"
"189255","Berkowits School of Electrolysis","2023","New York","Mid East (DE, DC, MD, NJ, NY, PA)"
"189273","Beth Hamedrash Shaarei Yosher Institute","2023","New York","Mid East (DE, DC, MD, NJ, NY, PA)"
"189282","Mount Sinai Phillips School of Nursing","2023","New York","Mid East (DE, DC, MD, NJ, NY, PA)"
"189404","Brittany Beauty Academy","2023","New York","Mid East (DE, DC, MD, NJ, NY, PA)"
"189413","Boricua College","2023","New York","Mid East (DE, DC, MD, NJ, NY, PA)"
"189468","Brittany Beauty Academy","2023","New York","Mid East (DE, DC, MD, NJ, NY, PA)"
"189477","American Beauty School","2023","New York","Mid East (DE, DC, MD, NJ, NY, PA)"
"189501","Brooklyn Law School","2023","New York","Mid East (DE, DC, MD, NJ, NY, PA)"
"189547","SUNY Broome Community College","2023","New York","Mid East (DE, DC, MD, NJ, NY, PA)"
"189565","Bryant & Stratton College-Syracuse North","2023","New York","Mid East (DE, DC, MD, NJ, NY, PA)"
"189583","Bryant & Stratton College-Buffalo","2023","New York","Mid East (DE, DC, MD, NJ, NY, PA)"
"189592","Bryant & Stratton College-Greece","2023","New York","Mid East (DE, DC, MD, NJ, NY, PA)"
"189705","Canisius University","2023","New York","Mid East (DE, DC, MD, NJ, NY, PA)"
"189714","Capri Cosmetology Learning Centers","2023","New York","Mid East (DE, DC, MD, NJ, NY, PA)"
"189811","St Paul's School of Nursing-Queens","2023","New York","Mid East (DE, DC, MD, NJ, NY, PA)"
"189839","Cayuga County Community College","2023","New York","Mid East (DE, DC, MD, NJ, NY, PA)"
"189848","Cazenovia College","2023","New York","Mid East (DE, DC, MD, NJ, NY, PA)"
"189857","Central Yeshiva Tomchei Tmimim Lubavitz","2023","New York","Mid East (DE, DC, MD, NJ, NY, PA)"
"189990","Christine Valmy International School for Esthetics, Skin Care & Makeup","2023","New York","Mid East (DE, DC, MD, NJ, NY, PA)"
"190008","Circle in the Square Theatre School","2023","New York","Mid East (DE, DC, MD, NJ, NY, PA)"
"190035","CUNY System Office","2023","New York","Mid East (DE, DC, MD, NJ, NY, PA)"
"190044","Clarkson University","2023","New York","Mid East (DE, DC, MD, NJ, NY, PA)"
"190053","Clinton Community College","2023","New York","Mid East (DE, DC, MD, NJ, NY, PA)"
"190071","Cochran School of Nursing","2023","New York","Mid East (DE, DC, MD, NJ, NY, PA)"
"190080","Colgate Rochester Crozer Divinity School","2023","New York","Mid East (DE, DC, MD, NJ, NY, PA)"
"190099","Colgate University","2023","New York","Mid East (DE, DC, MD, NJ, NY, PA)"
"190114","Metropolitan College of New York","2023","New York","Mid East (DE, DC, MD, NJ, NY, PA)"
"190150","Columbia University in the City of New York","2023","New York","Mid East (DE, DC, MD, NJ, NY, PA)"
"190169","Columbia-Greene Community College","2023","New York","Mid East (DE, DC, MD, NJ, NY, PA)"
"190239","Empire Beauty School-Queens","2023","New York","Mid East (DE, DC, MD, NJ, NY, PA)"
"190318","Continental School of Beauty Culture-Rochester","2023","New York","Mid East (DE, DC, MD, NJ, NY, PA)"
"190372","The Cooper Union for the Advancement of Science and Art","2023","New York","Mid East (DE, DC, MD, NJ, NY, PA)"
"190415","Cornell University","2023","New York","Mid East (DE, DC, MD, NJ, NY, PA)"
"190424","Weill Medical College of Cornell University","2023","New York","Mid East (DE, DC, MD, NJ, NY, PA)"
"190442","SUNY Corning Community College","2023","New York","Mid East (DE, DC, MD, NJ, NY, PA)"
"190451","Pomeroy College of Nursing at Crouse Hospital","2023","New York","Mid East (DE, DC, MD, NJ, NY, PA)"
"190503","Culinary Institute of America","2023","New York","Mid East (DE, DC, MD, NJ, NY, PA)"
"190512","CUNY Bernard M Baruch College","2023","New York","Mid East (DE, DC, MD, NJ, NY, PA)"
"190521","CUNY Borough of Manhattan Community College","2023","New York","Mid East (DE, DC, MD, NJ, NY, PA)"
"190530","CUNY Bronx Community College","2023","New York","Mid East (DE, DC, MD, NJ, NY, PA)"
"190549","CUNY Brooklyn College","2023","New York","Mid East (DE, DC, MD, NJ, NY, PA)"
"190558","College of Staten Island CUNY","2023","New York","Mid East (DE, DC, MD, NJ, NY, PA)"
"190567","CUNY City College","2023","New York","Mid East (DE, DC, MD, NJ, NY, PA)"
"190576","CUNY Graduate School and University Center","2023","New York","Mid East (DE, DC, MD, NJ, NY, PA)"
"190585","CUNY Hostos Community College","2023","New York","Mid East (DE, DC, MD, NJ, NY, PA)"
"190594","CUNY Hunter College","2023","New York","Mid East (DE, DC, MD, NJ, NY, PA)"
"190600","CUNY John Jay College of Criminal Justice","2023","New York","Mid East (DE, DC, MD, NJ, NY, PA)"
"190619","CUNY Kingsborough Community College","2023","New York","Mid East (DE, DC, MD, NJ, NY, PA)"
"190628","CUNY LaGuardia Community College","2023","New York","Mid East (DE, DC, MD, NJ, NY, PA)"
"190637","CUNY Lehman College","2023","New York","Mid East (DE, DC, MD, NJ, NY, PA)"
"190646","CUNY Medgar Evers College","2023","New York","Mid East (DE, DC, MD, NJ, NY, PA)"
"190655","CUNY New York City College of Technology","2023","New York","Mid East (DE, DC, MD, NJ, NY, PA)"
"190664","CUNY Queens College","2023","New York","Mid East (DE, DC, MD, NJ, NY, PA)"
"190673","CUNY Queensborough Community College","2023","New York","Mid East (DE, DC, MD, NJ, NY, PA)"
"190682","CUNY School of Law","2023","New York","Mid East (DE, DC, MD, NJ, NY, PA)"
"190691","CUNY York College","2023","New York","Mid East (DE, DC, MD, NJ, NY, PA)"
"190707","CVPH Medical Center School of Radiologic Technology","2023","New York","Mid East (DE, DC, MD, NJ, NY, PA)"
"190716","D'Youville  University","2023","New York","Mid East (DE, DC, MD, NJ, NY, PA)"
"190725","Daemen University","2023","New York","Mid East (DE, DC, MD, NJ, NY, PA)"
"190752","Yeshiva of Far Rockaway Derech Ayson Rabbinical Seminary","2023","New York","Mid East (DE, DC, MD, NJ, NY, PA)"
"190761","Dominican University New York","2023","New York","Mid East (DE, DC, MD, NJ, NY, PA)"
"190840","Dutchess Community College","2023","New York","Mid East (DE, DC, MD, NJ, NY, PA)"
"190956","Belanger School of Nursing","2023","New York","Mid East (DE, DC, MD, NJ, NY, PA)"
"190983","Elmira College","2023","New York","Mid East (DE, DC, MD, NJ, NY, PA)"
"191083","Erie Community College","2023","New York","Mid East (DE, DC, MD, NJ, NY, PA)"
"191126","Fashion Institute of Technology","2023","New York","Mid East (DE, DC, MD, NJ, NY, PA)"
"191199","Finger Lakes Community College","2023","New York","Mid East (DE, DC, MD, NJ, NY, PA)"
"191205","Five Towns College","2023","New York","Mid East (DE, DC, MD, NJ, NY, PA)"
"191241","Fordham University","2023","New York","Mid East (DE, DC, MD, NJ, NY, PA)"
"191302","Fulton-Montgomery Community College","2023","New York","Mid East (DE, DC, MD, NJ, NY, PA)"
"191311","Gemological Institute of America-New York","2023","New York","Mid East (DE, DC, MD, NJ, NY, PA)"
"191339","Genesee Community College","2023","New York","Mid East (DE, DC, MD, NJ, NY, PA)"
"191515","Hamilton College","2023","New York","Mid East (DE, DC, MD, NJ, NY, PA)"
"191533","Hartwick College","2023","New York","Mid East (DE, DC, MD, NJ, NY, PA)"
"191597","Helene Fuld College of Nursing","2023","New York","Mid East (DE, DC, MD, NJ, NY, PA)"
"191612","Herkimer County Community College","2023","New York","Mid East (DE, DC, MD, NJ, NY, PA)"
"191621","Hilbert College","2023","New York","Mid East (DE, DC, MD, NJ, NY, PA)"
"191630","Hobart William Smith Colleges","2023","New York","Mid East (DE, DC, MD, NJ, NY, PA)"
"191649","Hofstra University","2023","New York","Mid East (DE, DC, MD, NJ, NY, PA)"
"191676","Houghton University","2023","New York","Mid East (DE, DC, MD, NJ, NY, PA)"
"191719","Hudson Valley Community College","2023","New York","Mid East (DE, DC, MD, NJ, NY, PA)"
"191728","Hunter Business School","2023","New York","Mid East (DE, DC, MD, NJ, NY, PA)"
"191931","Iona University","2023","New York","Mid East (DE, DC, MD, NJ, NY, PA)"
"191940","Isabella Graham Hart School of Practical Nursing","2023","New York","Mid East (DE, DC, MD, NJ, NY, PA)"
"191959","Island Drafting and Technical Institute","2023","New York","Mid East (DE, DC, MD, NJ, NY, PA)"
"191968","Ithaca College","2023","New York","Mid East (DE, DC, MD, NJ, NY, PA)"
"191986","Jamestown Community College","2023","New York","Mid East (DE, DC, MD, NJ, NY, PA)"
"192004","Jamestown Business College","2023","New York","Mid East (DE, DC, MD, NJ, NY, PA)"
"192022","Jefferson Community College","2023","New York","Mid East (DE, DC, MD, NJ, NY, PA)"
"192040","Jewish Theological Seminary of America","2023","New York","Mid East (DE, DC, MD, NJ, NY, PA)"
"192110","The Juilliard School","2023","New York","Mid East (DE, DC, MD, NJ, NY, PA)"
"192165","Kehilath Yakov Rabbinical Seminary","2023","New York","Mid East (DE, DC, MD, NJ, NY, PA)"
"192192","Keuka College","2023","New York","Mid East (DE, DC, MD, NJ, NY, PA)"
"192271","LIM College","2023","New York","Mid East (DE, DC, MD, NJ, NY, PA)"
"192323","Le Moyne College","2023","New York","Mid East (DE, DC, MD, NJ, NY, PA)"
"192448","Long Island University","2023","New York","Mid East (DE, DC, MD, NJ, NY, PA)"
"192484","Long Island Beauty School-Hempstead","2023","New York","Mid East (DE, DC, MD, NJ, NY, PA)"
"192509","Long Island Business Institute","2023","New York","Mid East (DE, DC, MD, NJ, NY, PA)"
"192624","Machzikei Hadath Rabbinical College","2023","New York","Mid East (DE, DC, MD, NJ, NY, PA)"
"192688","Mandl School-The College of Allied Health","2023","New York","Mid East (DE, DC, MD, NJ, NY, PA)"
"192703","Manhattan College","2023","New York","Mid East (DE, DC, MD, NJ, NY, PA)"
"192712","Manhattan School of Music","2023","New York","Mid East (DE, DC, MD, NJ, NY, PA)"
"192749","Manhattanville College","2023","New York","Mid East (DE, DC, MD, NJ, NY, PA)"
"192785","Maria College of Albany","2023","New York","Mid East (DE, DC, MD, NJ, NY, PA)"
"192800","Marion S Whelan School of Nursing of Geneva General Hospital","2023","New York","Mid East (DE, DC, MD, NJ, NY, PA)"
"192819","Marist College","2023","New York","Mid East (DE, DC, MD, NJ, NY, PA)"
"192864","Marymount Manhattan College","2023","New York","Mid East (DE, DC, MD, NJ, NY, PA)"
"192925","Medaille University","2023","New York","Mid East (DE, DC, MD, NJ, NY, PA)"
"192961","St. Peter's Hospital College of Nursing","2023","New York","Mid East (DE, DC, MD, NJ, NY, PA)"
"192970","Memorial Hospital School of Radiation Therapy Technology","2023","New York","Mid East (DE, DC, MD, NJ, NY, PA)"
"193016","Mercy University","2023","New York","Mid East (DE, DC, MD, NJ, NY, PA)"
"193052","Mesivta Torah Vodaath Rabbinical Seminary","2023","New York","Mid East (DE, DC, MD, NJ, NY, PA)"
"193061","Mesivta of Eastern Parkway-Yeshiva Zichron Meilech","2023","New York","Mid East (DE, DC, MD, NJ, NY, PA)"
"193070","Mesivtha Tifereth Jerusalem of America","2023","New York","Mid East (DE, DC, MD, NJ, NY, PA)"
"193201","Mildred Elley School-Albany Campus","2023","New York","Mid East (DE, DC, MD, NJ, NY, PA)"
"193247","Mirrer Yeshiva Cent Institute","2023","New York","Mid East (DE, DC, MD, NJ, NY, PA)"
"193265","Modern Welding School","2023","New York","Mid East (DE, DC, MD, NJ, NY, PA)"
"193283","Mohawk Valley Community College","2023","New York","Mid East (DE, DC, MD, NJ, NY, PA)"
"193292","Molloy College","2023","New York","Mid East (DE, DC, MD, NJ, NY, PA)"
"193308","Monroe College","2023","New York","Mid East (DE, DC, MD, NJ, NY, PA)"
"193326","Monroe Community College","2023","New York","Mid East (DE, DC, MD, NJ, NY, PA)"
"193353","Mount Saint Mary College","2023","New York","Mid East (DE, DC, MD, NJ, NY, PA)"
"193380","Montefiore School of Nursing","2023","New York","Mid East (DE, DC, MD, NJ, NY, PA)"
"193399","University of Mount Saint Vincent","2023","New York","Mid East (DE, DC, MD, NJ, NY, PA)"
"193405","Icahn School of Medicine at Mount Sinai","2023","New York","Mid East (DE, DC, MD, NJ, NY, PA)"
"193478","Nassau Community College","2023","New York","Mid East (DE, DC, MD, NJ, NY, PA)"
"193584","Nazareth University","2023","New York","Mid East (DE, DC, MD, NJ, NY, PA)"
"193609","Neighborhood Playhouse School of the Theater","2023","New York","Mid East (DE, DC, MD, NJ, NY, PA)"
"193654","The New School","2023","New York","Mid East (DE, DC, MD, NJ, NY, PA)"
"193751","Northeast College of Health Sciences","2023","New York","Mid East (DE, DC, MD, NJ, NY, PA)"
"193821","New York Law School","2023","New York","Mid East (DE, DC, MD, NJ, NY, PA)"
"193830","New York Medical College","2023","New York","Mid East (DE, DC, MD, NJ, NY, PA)"
"193858","New York School for Medical and Dental Assistants","2023","New York","Mid East (DE, DC, MD, NJ, NY, PA)"
"193894","New York Theological Seminary","2023","New York","Mid East (DE, DC, MD, NJ, NY, PA)"
"193900","New York University","2023","New York","Mid East (DE, DC, MD, NJ, NY, PA)"
"193946","Niagara County Community College","2023","New York","Mid East (DE, DC, MD, NJ, NY, PA)"
"193973","Niagara University","2023","New York","Mid East (DE, DC, MD, NJ, NY, PA)"
"193991","Empire Beauty School-Peekskill","2023","New York","Mid East (DE, DC, MD, NJ, NY, PA)"
"194028","North Country Community College","2023","New York","Mid East (DE, DC, MD, NJ, NY, PA)"
"194073","New York College of Podiatric Medicine","2023","New York","Mid East (DE, DC, MD, NJ, NY, PA)"
"194091","New York Institute of Technology","2023","New York","Mid East (DE, DC, MD, NJ, NY, PA)"
"194116","New York School of Interior Design","2023","New York","Mid East (DE, DC, MD, NJ, NY, PA)"
"194161","Alliance University","2023","New York","Mid East (DE, DC, MD, NJ, NY, PA)"
"194189","Ohr Hameir Theological Seminary","2023","New York","Mid East (DE, DC, MD, NJ, NY, PA)"
"194222","Onondaga Community College","2023","New York","Mid East (DE, DC, MD, NJ, NY, PA)"
"194240","Orange County Community College","2023","New York","Mid East (DE, DC, MD, NJ, NY, PA)"
"194259","Otsego Area BOCES-Practical Nursing Program","2023","New York","Mid East (DE, DC, MD, NJ, NY, PA)"
"194310","Pace University","2023","New York","Mid East (DE, DC, MD, NJ, NY, PA)"
"194392","Paul Smiths College of Arts and Science","2023","New York","Mid East (DE, DC, MD, NJ, NY, PA)"
"194435","Continental School of Beauty Culture-West Seneca","2023","New York","Mid East (DE, DC, MD, NJ, NY, PA)"
"194499","Plaza College","2023","New York","Mid East (DE, DC, MD, NJ, NY, PA)"
"194569","Davis College","2023","New York","Mid East (DE, DC, MD, NJ, NY, PA)"
"194578","Pratt Institute-Main","2023","New York","Mid East (DE, DC, MD, NJ, NY, PA)"
"194657","Rabbinical Academy Mesivta Rabbi Chaim Berlin","2023","New York","Mid East (DE, DC, MD, NJ, NY, PA)"
"194666","Rabbinical College Bobover Yeshiva Bnei Zion","2023","New York","Mid East (DE, DC, MD, NJ, NY, PA)"
"194693","Rabbinical College Beth Shraga","2023","New York","Mid East (DE, DC, MD, NJ, NY, PA)"
"194718","Rabbinical Seminary Mkor Chaim","2023","New Jersey","Mid East (DE, DC, MD, NJ, NY, PA)"
"194736","Rabbinical College of Long Island","2023","New York","Mid East (DE, DC, MD, NJ, NY, PA)"
"194763","Rabbinical Seminary of America","2023","New York","Mid East (DE, DC, MD, NJ, NY, PA)"
"194824","Rensselaer Polytechnic Institute","2023","New York","Mid East (DE, DC, MD, NJ, NY, PA)"
"194958","Roberts Wesleyan University","2023","New York","Mid East (DE, DC, MD, NJ, NY, PA)"
"195003","Rochester Institute of Technology","2023","New York","Mid East (DE, DC, MD, NJ, NY, PA)"
"195030","University of Rochester","2023","New York","Mid East (DE, DC, MD, NJ, NY, PA)"
"195049","The Rockefeller University","2023","New York","Mid East (DE, DC, MD, NJ, NY, PA)"
"195058","Rockland Community College","2023","New York","Mid East (DE, DC, MD, NJ, NY, PA)"
"195067","Empire Beauty School-Manhattan","2023","New York","Mid East (DE, DC, MD, NJ, NY, PA)"
"195128","Russell Sage College","2023","New York","Mid East (DE, DC, MD, NJ, NY, PA)"
"195155","St Bernard's School of Theology and Ministry","2023","New York","Mid East (DE, DC, MD, NJ, NY, PA)"
"195164","St Bonaventure University","2023","New York","Mid East (DE, DC, MD, NJ, NY, PA)"
"195173","St. Francis College","2023","New York","Mid East (DE, DC, MD, NJ, NY, PA)"
"195191","St. Joseph's College of Nursing","2023","New York","Mid East (DE, DC, MD, NJ, NY, PA)"
"195216","St Lawrence University","2023","New York","Mid East (DE, DC, MD, NJ, NY, PA)"
"195234","The College of Saint Rose","2023","New York","Mid East (DE, DC, MD, NJ, NY, PA)"
"195243","St. Thomas Aquinas College","2023","New York","Mid East (DE, DC, MD, NJ, NY, PA)"
"195289","Samaritan Hospital School of Nursing","2023","New York","Mid East (DE, DC, MD, NJ, NY, PA)"
"195304","Sarah Lawrence College","2023","New York","Mid East (DE, DC, MD, NJ, NY, PA)"
"195322","Schenectady County Community College","2023","New York","Mid East (DE, DC, MD, NJ, NY, PA)"
"195438","Sh'or Yoshuv Rabbinical College","2023","New York","Mid East (DE, DC, MD, NJ, NY, PA)"
"195474","Siena College","2023","New York","Mid East (DE, DC, MD, NJ, NY, PA)"
"195526","Skidmore College","2023","New York","Mid East (DE, DC, MD, NJ, NY, PA)"
"195544","St. Joseph's University-New York","2023","New York","Mid East (DE, DC, MD, NJ, NY, PA)"
"195580","Saint Vladimirs Orthodox Theological Seminary","2023","New York","Mid East (DE, DC, MD, NJ, NY, PA)"
"195702","Saint Elizabeth College of Nursing","2023","New York","Mid East (DE, DC, MD, NJ, NY, PA)"
"195720","St. John Fisher University","2023","New York","Mid East (DE, DC, MD, NJ, NY, PA)"
"195784","St Paul's School of Nursing-Staten Island","2023","New York","Mid East (DE, DC, MD, NJ, NY, PA)"
"195809","St. John's University-New York","2023","New York","Mid East (DE, DC, MD, NJ, NY, PA)"
"195827","SUNY-System Office","2023","New York","Mid East (DE, DC, MD, NJ, NY, PA)"
"195988","Sullivan County Community College","2023","New York","Mid East (DE, DC, MD, NJ, NY, PA)"
"196006","SUNY College of Technology at Alfred","2023","New York","Mid East (DE, DC, MD, NJ, NY, PA)"
"196015","SUNY College of Technology at Canton","2023","New York","Mid East (DE, DC, MD, NJ, NY, PA)"
"196024","SUNY College of Technology at Delhi","2023","New York","Mid East (DE, DC, MD, NJ, NY, PA)"
"196033","SUNY College of Agriculture and Technology at Cobleskill","2023","New York","Mid East (DE, DC, MD, NJ, NY, PA)"
"196042","Farmingdale State College","2023","New York","Mid East (DE, DC, MD, NJ, NY, PA)"
"196051","SUNY Morrisville","2023","New York","Mid East (DE, DC, MD, NJ, NY, PA)"
"196060","University at Albany","2023","New York","Mid East (DE, DC, MD, NJ, NY, PA)"
"196079","Binghamton University","2023","New York","Mid East (DE, DC, MD, NJ, NY, PA)"
"196088","University at Buffalo","2023","New York","Mid East (DE, DC, MD, NJ, NY, PA)"
"196097","Stony Brook University","2023","New York","Mid East (DE, DC, MD, NJ, NY, PA)"
"196103","SUNY College of Environmental Science and Forestry","2023","New York","Mid East (DE, DC, MD, NJ, NY, PA)"
"196112","SUNY Polytechnic Institute","2023","New York","Mid East (DE, DC, MD, NJ, NY, PA)"
"196121","SUNY Brockport","2023","New York","Mid East (DE, DC, MD, NJ, NY, PA)"
"196130","SUNY Buffalo State University","2023","New York","Mid East (DE, DC, MD, NJ, NY, PA)"
"196149","State University of New York at Cortland","2023","New York","Mid East (DE, DC, MD, NJ, NY, PA)"
"196158","SUNY at Fredonia","2023","New York","Mid East (DE, DC, MD, NJ, NY, PA)"
"196167","SUNY College at Geneseo","2023","New York","Mid East (DE, DC, MD, NJ, NY, PA)"
"196176","State University of New York at New Paltz","2023","New York","Mid East (DE, DC, MD, NJ, NY, PA)"
"196185","SUNY Oneonta","2023","New York","Mid East (DE, DC, MD, NJ, NY, PA)"
"196194","State University of New York at Oswego","2023","New York","Mid East (DE, DC, MD, NJ, NY, PA)"
"196200","SUNY College at Potsdam","2023","New York","Mid East (DE, DC, MD, NJ, NY, PA)"
"196219","SUNY at Purchase College","2023","New York","Mid East (DE, DC, MD, NJ, NY, PA)"
"196228","SUNY College of Optometry","2023","New York","Mid East (DE, DC, MD, NJ, NY, PA)"
"196237","SUNY Old Westbury","2023","New York","Mid East (DE, DC, MD, NJ, NY, PA)"
"196246","SUNY College at Plattsburgh","2023","New York","Mid East (DE, DC, MD, NJ, NY, PA)"
"196255","SUNY Downstate Health Sciences University","2023","New York","Mid East (DE, DC, MD, NJ, NY, PA)"
"196264","Empire State University","2023","New York","Mid East (DE, DC, MD, NJ, NY, PA)"
"196291","SUNY Maritime College","2023","New York","Mid East (DE, DC, MD, NJ, NY, PA)"
"196307","Upstate Medical University","2023","New York","Mid East (DE, DC, MD, NJ, NY, PA)"
"196389","Swedish Institute a College of Health Sciences","2023","New York","Mid East (DE, DC, MD, NJ, NY, PA)"
"196413","Syracuse University","2023","New York","Mid East (DE, DC, MD, NJ, NY, PA)"
"196431","Talmudical Seminary Oholei Torah","2023","New York","Mid East (DE, DC, MD, NJ, NY, PA)"
"196440","Talmudical Institute of Upstate New York","2023","New York","Mid East (DE, DC, MD, NJ, NY, PA)"
"196468","Teachers College at Columbia University","2023","New York","Mid East (DE, DC, MD, NJ, NY, PA)"
"196565","Tompkins Cortland Community College","2023","New York","Mid East (DE, DC, MD, NJ, NY, PA)"
"196583","Torah Temimah Talmudical Seminary","2023","New York","Mid East (DE, DC, MD, NJ, NY, PA)"
"196592","Touro University","2023","New York","Mid East (DE, DC, MD, NJ, NY, PA)"
"196653","Trocaire College","2023","New York","Mid East (DE, DC, MD, NJ, NY, PA)"
"196680","Excelsior University","2023","New York","Mid East (DE, DC, MD, NJ, NY, PA)"
"196699","Ulster County Community College","2023","New York","Mid East (DE, DC, MD, NJ, NY, PA)"
"196866","Union College","2023","New York","Mid East (DE, DC, MD, NJ, NY, PA)"
"196884","Union Theological Seminary in the City of New York","2023","New York","Mid East (DE, DC, MD, NJ, NY, PA)"
"197018","United Talmudical Seminary","2023","New York","Mid East (DE, DC, MD, NJ, NY, PA)"
"197027","United States Merchant Marine Academy","2023","New York","U.S. Service schools"
"197036","United States Military Academy","2023","New York","U.S. Service schools"
"197045","Utica University","2023","New York","Mid East (DE, DC, MD, NJ, NY, PA)"
"197133","Vassar College","2023","New York","Mid East (DE, DC, MD, NJ, NY, PA)"
"197142","Villa Maria College","2023","New York","Mid East (DE, DC, MD, NJ, NY, PA)"
"197151","School of Visual Arts","2023","New York","Mid East (DE, DC, MD, NJ, NY, PA)"
"197197","Wagner College","2023","New York","Mid East (DE, DC, MD, NJ, NY, PA)"
"197221","Webb Institute","2023","New York","Mid East (DE, DC, MD, NJ, NY, PA)"
"197230","Wells College","2023","New York","Mid East (DE, DC, MD, NJ, NY, PA)"
"197285","The College of Westchester","2023","New York","Mid East (DE, DC, MD, NJ, NY, PA)"
"197294","SUNY Westchester Community College","2023","New York","Mid East (DE, DC, MD, NJ, NY, PA)"
"197337","Westchester School of Beauty Culture","2023","New York","Mid East (DE, DC, MD, NJ, NY, PA)"
"197531","Word of Life Bible Institute","2023","New York","Mid East (DE, DC, MD, NJ, NY, PA)"
"197601","Yeshiva Karlin Stolin","2023","New York","Mid East (DE, DC, MD, NJ, NY, PA)"
"197647","Yeshiva Derech Chaim","2023","New York","Mid East (DE, DC, MD, NJ, NY, PA)"
"197674","Yeshiva of Nitra Rabbinical College","2023","New York","Mid East (DE, DC, MD, NJ, NY, PA)"
"197692","Yeshivath Shaar Hatorah","2023","New York","Mid East (DE, DC, MD, NJ, NY, PA)"
"197708","Yeshiva University","2023","New York","Mid East (DE, DC, MD, NJ, NY, PA)"
"197735","Yeshivath Viznitz","2023","New York","Mid East (DE, DC, MD, NJ, NY, PA)"
"197744","Yeshivath Zichron Moshe","2023","New York","Mid East (DE, DC, MD, NJ, NY, PA)"
"197814","College of the Albemarle","2023","North Carolina","Southeast (AL, AR, FL, GA, KY, LA, MS, NC, SC, TN, VA, WV)"
"197850","South Piedmont Community College","2023","North Carolina","Southeast (AL, AR, FL, GA, KY, LA, MS, NC, SC, TN, VA, WV)"
"197869","Appalachian State University","2023","North Carolina","Southeast (AL, AR, FL, GA, KY, LA, MS, NC, SC, TN, VA, WV)"
"197887","Asheville-Buncombe Technical Community College","2023","North Carolina","Southeast (AL, AR, FL, GA, KY, LA, MS, NC, SC, TN, VA, WV)"
"197911","Barton College","2023","North Carolina","Southeast (AL, AR, FL, GA, KY, LA, MS, NC, SC, TN, VA, WV)"
"197966","Beaufort County Community College","2023","North Carolina","Southeast (AL, AR, FL, GA, KY, LA, MS, NC, SC, TN, VA, WV)"
"197984","Belmont Abbey College","2023","North Carolina","Southeast (AL, AR, FL, GA, KY, LA, MS, NC, SC, TN, VA, WV)"
"197993","Bennett College","2023","North Carolina","Southeast (AL, AR, FL, GA, KY, LA, MS, NC, SC, TN, VA, WV)"
"198011","Bladen Community College","2023","North Carolina","Southeast (AL, AR, FL, GA, KY, LA, MS, NC, SC, TN, VA, WV)"
"198039","Blue Ridge Community College","2023","North Carolina","Southeast (AL, AR, FL, GA, KY, LA, MS, NC, SC, TN, VA, WV)"
"198066","Brevard College","2023","North Carolina","Southeast (AL, AR, FL, GA, KY, LA, MS, NC, SC, TN, VA, WV)"
"198084","Brunswick Community College","2023","North Carolina","Southeast (AL, AR, FL, GA, KY, LA, MS, NC, SC, TN, VA, WV)"
"198109","Cabarrus College of Health Sciences","2023","North Carolina","Southeast (AL, AR, FL, GA, KY, LA, MS, NC, SC, TN, VA, WV)"
"198118","Caldwell Community College and Technical Institute","2023","North Carolina","Southeast (AL, AR, FL, GA, KY, LA, MS, NC, SC, TN, VA, WV)"
"198136","Campbell University","2023","North Carolina","Southeast (AL, AR, FL, GA, KY, LA, MS, NC, SC, TN, VA, WV)"
"198154","Cape Fear Community College","2023","North Carolina","Southeast (AL, AR, FL, GA, KY, LA, MS, NC, SC, TN, VA, WV)"
"198206","Carteret Community College","2023","North Carolina","Southeast (AL, AR, FL, GA, KY, LA, MS, NC, SC, TN, VA, WV)"
"198215","Catawba College","2023","North Carolina","Southeast (AL, AR, FL, GA, KY, LA, MS, NC, SC, TN, VA, WV)"
"198233","Catawba Valley Community College","2023","North Carolina","Southeast (AL, AR, FL, GA, KY, LA, MS, NC, SC, TN, VA, WV)"
"198251","Central Carolina Community College","2023","North Carolina","Southeast (AL, AR, FL, GA, KY, LA, MS, NC, SC, TN, VA, WV)"
"198260","Central Piedmont Community College","2023","North Carolina","Southeast (AL, AR, FL, GA, KY, LA, MS, NC, SC, TN, VA, WV)"
"198303","Chowan University","2023","North Carolina","Southeast (AL, AR, FL, GA, KY, LA, MS, NC, SC, TN, VA, WV)"
"198321","Cleveland Community College","2023","North Carolina","Southeast (AL, AR, FL, GA, KY, LA, MS, NC, SC, TN, VA, WV)"
"198330","Coastal Carolina Community College","2023","North Carolina","Southeast (AL, AR, FL, GA, KY, LA, MS, NC, SC, TN, VA, WV)"
"198367","Craven Community College","2023","North Carolina","Southeast (AL, AR, FL, GA, KY, LA, MS, NC, SC, TN, VA, WV)"
"198376","Davidson-Davie Community College","2023","North Carolina","Southeast (AL, AR, FL, GA, KY, LA, MS, NC, SC, TN, VA, WV)"
"198385","Davidson College","2023","North Carolina","Southeast (AL, AR, FL, GA, KY, LA, MS, NC, SC, TN, VA, WV)"
"198419","Duke University","2023","North Carolina","Southeast (AL, AR, FL, GA, KY, LA, MS, NC, SC, TN, VA, WV)"
"198455","Durham Technical Community College","2023","North Carolina","Southeast (AL, AR, FL, GA, KY, LA, MS, NC, SC, TN, VA, WV)"
"198464","East Carolina University","2023","North Carolina","Southeast (AL, AR, FL, GA, KY, LA, MS, NC, SC, TN, VA, WV)"
"198491","Edgecombe Community College","2023","North Carolina","Southeast (AL, AR, FL, GA, KY, LA, MS, NC, SC, TN, VA, WV)"
"198507","Elizabeth City State University","2023","North Carolina","Southeast (AL, AR, FL, GA, KY, LA, MS, NC, SC, TN, VA, WV)"
"198516","Elon University","2023","North Carolina","Southeast (AL, AR, FL, GA, KY, LA, MS, NC, SC, TN, VA, WV)"
"198534","Fayetteville Technical Community College","2023","North Carolina","Southeast (AL, AR, FL, GA, KY, LA, MS, NC, SC, TN, VA, WV)"
"198543","Fayetteville State University","2023","North Carolina","Southeast (AL, AR, FL, GA, KY, LA, MS, NC, SC, TN, VA, WV)"
"198552","Forsyth Technical Community College","2023","North Carolina","Southeast (AL, AR, FL, GA, KY, LA, MS, NC, SC, TN, VA, WV)"
"198561","Gardner-Webb University","2023","North Carolina","Southeast (AL, AR, FL, GA, KY, LA, MS, NC, SC, TN, VA, WV)"
"198570","Gaston College","2023","North Carolina","Southeast (AL, AR, FL, GA, KY, LA, MS, NC, SC, TN, VA, WV)"
"198598","Greensboro College","2023","North Carolina","Southeast (AL, AR, FL, GA, KY, LA, MS, NC, SC, TN, VA, WV)"
"198613","Guilford College","2023","North Carolina","Southeast (AL, AR, FL, GA, KY, LA, MS, NC, SC, TN, VA, WV)"
"198622","Guilford Technical Community College","2023","North Carolina","Southeast (AL, AR, FL, GA, KY, LA, MS, NC, SC, TN, VA, WV)"
"198640","Halifax Community College","2023","North Carolina","Southeast (AL, AR, FL, GA, KY, LA, MS, NC, SC, TN, VA, WV)"
"198668","Haywood Community College","2023","North Carolina","Southeast (AL, AR, FL, GA, KY, LA, MS, NC, SC, TN, VA, WV)"
"198677","Heritage Bible College","2023","North Carolina","Southeast (AL, AR, FL, GA, KY, LA, MS, NC, SC, TN, VA, WV)"
"198695","High Point University","2023","North Carolina","Southeast (AL, AR, FL, GA, KY, LA, MS, NC, SC, TN, VA, WV)"
"198710","Isothermal Community College","2023","North Carolina","Southeast (AL, AR, FL, GA, KY, LA, MS, NC, SC, TN, VA, WV)"
"198729","James Sprunt Community College","2023","North Carolina","Southeast (AL, AR, FL, GA, KY, LA, MS, NC, SC, TN, VA, WV)"
"198756","Johnson C Smith University","2023","North Carolina","Southeast (AL, AR, FL, GA, KY, LA, MS, NC, SC, TN, VA, WV)"
"198774","Johnston Community College","2023","North Carolina","Southeast (AL, AR, FL, GA, KY, LA, MS, NC, SC, TN, VA, WV)"
"198808","Lees-McRae College","2023","North Carolina","Southeast (AL, AR, FL, GA, KY, LA, MS, NC, SC, TN, VA, WV)"
"198817","Lenoir Community College","2023","North Carolina","Southeast (AL, AR, FL, GA, KY, LA, MS, NC, SC, TN, VA, WV)"
"198835","Lenoir-Rhyne University","2023","North Carolina","Southeast (AL, AR, FL, GA, KY, LA, MS, NC, SC, TN, VA, WV)"
"198844","Leons Beauty School Inc","2023","North Carolina","Southeast (AL, AR, FL, GA, KY, LA, MS, NC, SC, TN, VA, WV)"
"198862","Livingstone College","2023","North Carolina","Southeast (AL, AR, FL, GA, KY, LA, MS, NC, SC, TN, VA, WV)"
"198871","Louisburg College","2023","North Carolina","Southeast (AL, AR, FL, GA, KY, LA, MS, NC, SC, TN, VA, WV)"
"198899","Mars Hill University","2023","North Carolina","Southeast (AL, AR, FL, GA, KY, LA, MS, NC, SC, TN, VA, WV)"
"198905","Martin Community College","2023","North Carolina","Southeast (AL, AR, FL, GA, KY, LA, MS, NC, SC, TN, VA, WV)"
"198914","Mayland Community College","2023","North Carolina","Southeast (AL, AR, FL, GA, KY, LA, MS, NC, SC, TN, VA, WV)"
"198923","McDowell Technical Community College","2023","North Carolina","Southeast (AL, AR, FL, GA, KY, LA, MS, NC, SC, TN, VA, WV)"
"198950","Meredith College","2023","North Carolina","Southeast (AL, AR, FL, GA, KY, LA, MS, NC, SC, TN, VA, WV)"
"198969","Methodist University","2023","North Carolina","Southeast (AL, AR, FL, GA, KY, LA, MS, NC, SC, TN, VA, WV)"
"198978","Miller-Motte College-Wilmington","2023","North Carolina","Southeast (AL, AR, FL, GA, KY, LA, MS, NC, SC, TN, VA, WV)"
"198987","Mitchell Community College","2023","North Carolina","Southeast (AL, AR, FL, GA, KY, LA, MS, NC, SC, TN, VA, WV)"
"199005","Mitchells Academy","2023","North Carolina","Southeast (AL, AR, FL, GA, KY, LA, MS, NC, SC, TN, VA, WV)"
"199023","Montgomery Community College","2023","North Carolina","Southeast (AL, AR, FL, GA, KY, LA, MS, NC, SC, TN, VA, WV)"
"199032","Montreat College","2023","North Carolina","Southeast (AL, AR, FL, GA, KY, LA, MS, NC, SC, TN, VA, WV)"
"199069","University of Mount Olive","2023","North Carolina","Southeast (AL, AR, FL, GA, KY, LA, MS, NC, SC, TN, VA, WV)"
"199078","College of Wilmington","2023","North Carolina","Southeast (AL, AR, FL, GA, KY, LA, MS, NC, SC, TN, VA, WV)"
"199087","Nash Community College","2023","North Carolina","Southeast (AL, AR, FL, GA, KY, LA, MS, NC, SC, TN, VA, WV)"
"199102","North Carolina A & T State University","2023","North Carolina","Southeast (AL, AR, FL, GA, KY, LA, MS, NC, SC, TN, VA, WV)"
"199111","University of North Carolina Asheville","2023","North Carolina","Southeast (AL, AR, FL, GA, KY, LA, MS, NC, SC, TN, VA, WV)"
"199120","University of North Carolina at Chapel Hill","2023","North Carolina","Southeast (AL, AR, FL, GA, KY, LA, MS, NC, SC, TN, VA, WV)"
"199139","University of North Carolina at Charlotte","2023","North Carolina","Southeast (AL, AR, FL, GA, KY, LA, MS, NC, SC, TN, VA, WV)"
"199148","University of North Carolina at Greensboro","2023","North Carolina","Southeast (AL, AR, FL, GA, KY, LA, MS, NC, SC, TN, VA, WV)"
"199157","North Carolina Central University","2023","North Carolina","Southeast (AL, AR, FL, GA, KY, LA, MS, NC, SC, TN, VA, WV)"
"199175","University of North Carolina System","2023","North Carolina","Southeast (AL, AR, FL, GA, KY, LA, MS, NC, SC, TN, VA, WV)"
"199184","University of North Carolina School of the Arts","2023","North Carolina","Southeast (AL, AR, FL, GA, KY, LA, MS, NC, SC, TN, VA, WV)"
"199193","North Carolina State University at Raleigh","2023","North Carolina","Southeast (AL, AR, FL, GA, KY, LA, MS, NC, SC, TN, VA, WV)"
"199209","North Carolina Wesleyan University","2023","North Carolina","Southeast (AL, AR, FL, GA, KY, LA, MS, NC, SC, TN, VA, WV)"
"199218","University of North Carolina Wilmington","2023","North Carolina","Southeast (AL, AR, FL, GA, KY, LA, MS, NC, SC, TN, VA, WV)"
"199263","Pamlico Community College","2023","North Carolina","Southeast (AL, AR, FL, GA, KY, LA, MS, NC, SC, TN, VA, WV)"
"199272","William Peace University","2023","North Carolina","Southeast (AL, AR, FL, GA, KY, LA, MS, NC, SC, TN, VA, WV)"
"199281","University of North Carolina at Pembroke","2023","North Carolina","Southeast (AL, AR, FL, GA, KY, LA, MS, NC, SC, TN, VA, WV)"
"199306","Pfeiffer University","2023","North Carolina","Southeast (AL, AR, FL, GA, KY, LA, MS, NC, SC, TN, VA, WV)"
"199324","Piedmont Community College","2023","North Carolina","Southeast (AL, AR, FL, GA, KY, LA, MS, NC, SC, TN, VA, WV)"
"199333","Pitt Community College","2023","North Carolina","Southeast (AL, AR, FL, GA, KY, LA, MS, NC, SC, TN, VA, WV)"
"199412","Queens University of Charlotte","2023","North Carolina","Southeast (AL, AR, FL, GA, KY, LA, MS, NC, SC, TN, VA, WV)"
"199421","Randolph Community College","2023","North Carolina","Southeast (AL, AR, FL, GA, KY, LA, MS, NC, SC, TN, VA, WV)"
"199449","Richmond Community College","2023","North Carolina","Southeast (AL, AR, FL, GA, KY, LA, MS, NC, SC, TN, VA, WV)"
"199458","Mid-Atlantic Christian University","2023","North Carolina","Southeast (AL, AR, FL, GA, KY, LA, MS, NC, SC, TN, VA, WV)"
"199467","Roanoke-Chowan Community College","2023","North Carolina","Southeast (AL, AR, FL, GA, KY, LA, MS, NC, SC, TN, VA, WV)"
"199476","Robeson Community College","2023","North Carolina","Southeast (AL, AR, FL, GA, KY, LA, MS, NC, SC, TN, VA, WV)"
"199485","Rockingham Community College","2023","North Carolina","Southeast (AL, AR, FL, GA, KY, LA, MS, NC, SC, TN, VA, WV)"
"199494","Rowan-Cabarrus Community College","2023","North Carolina","Southeast (AL, AR, FL, GA, KY, LA, MS, NC, SC, TN, VA, WV)"
"199582","Saint Augustine's University","2023","North Carolina","Southeast (AL, AR, FL, GA, KY, LA, MS, NC, SC, TN, VA, WV)"
"199607","Salem College","2023","North Carolina","Southeast (AL, AR, FL, GA, KY, LA, MS, NC, SC, TN, VA, WV)"
"199625","Sampson Community College","2023","North Carolina","Southeast (AL, AR, FL, GA, KY, LA, MS, NC, SC, TN, VA, WV)"
"199634","Sandhills Community College","2023","North Carolina","Southeast (AL, AR, FL, GA, KY, LA, MS, NC, SC, TN, VA, WV)"
"199643","Shaw University","2023","North Carolina","Southeast (AL, AR, FL, GA, KY, LA, MS, NC, SC, TN, VA, WV)"
"199689","Paul Mitchell the School-Fayetteville","2023","North Carolina","Southeast (AL, AR, FL, GA, KY, LA, MS, NC, SC, TN, VA, WV)"
"199698","St. Andrews University","2023","North Carolina","Southeast (AL, AR, FL, GA, KY, LA, MS, NC, SC, TN, VA, WV)"
"199722","Southeastern Community College","2023","North Carolina","Southeast (AL, AR, FL, GA, KY, LA, MS, NC, SC, TN, VA, WV)"
"199731","Southwestern Community College","2023","North Carolina","Southeast (AL, AR, FL, GA, KY, LA, MS, NC, SC, TN, VA, WV)"
"199740","Stanly Community College","2023","North Carolina","Southeast (AL, AR, FL, GA, KY, LA, MS, NC, SC, TN, VA, WV)"
"199759","Southeastern Baptist Theological Seminary","2023","North Carolina","Southeast (AL, AR, FL, GA, KY, LA, MS, NC, SC, TN, VA, WV)"
"199768","Surry Community College","2023","North Carolina","Southeast (AL, AR, FL, GA, KY, LA, MS, NC, SC, TN, VA, WV)"
"199786","Alamance Community College","2023","North Carolina","Southeast (AL, AR, FL, GA, KY, LA, MS, NC, SC, TN, VA, WV)"
"199795","Tri-County Community College","2023","North Carolina","Southeast (AL, AR, FL, GA, KY, LA, MS, NC, SC, TN, VA, WV)"
"199838","Vance-Granville Community College","2023","North Carolina","Southeast (AL, AR, FL, GA, KY, LA, MS, NC, SC, TN, VA, WV)"
"199847","Wake Forest University","2023","North Carolina","Southeast (AL, AR, FL, GA, KY, LA, MS, NC, SC, TN, VA, WV)"
"199856","Wake Technical Community College","2023","North Carolina","Southeast (AL, AR, FL, GA, KY, LA, MS, NC, SC, TN, VA, WV)"
"199865","Warren Wilson College","2023","North Carolina","Southeast (AL, AR, FL, GA, KY, LA, MS, NC, SC, TN, VA, WV)"
"199883","Watts College of Nursing","2023","North Carolina","Southeast (AL, AR, FL, GA, KY, LA, MS, NC, SC, TN, VA, WV)"
"199892","Wayne Community College","2023","North Carolina","Southeast (AL, AR, FL, GA, KY, LA, MS, NC, SC, TN, VA, WV)"
"199908","Western Piedmont Community College","2023","North Carolina","Southeast (AL, AR, FL, GA, KY, LA, MS, NC, SC, TN, VA, WV)"
"199926","Wilkes Community College","2023","North Carolina","Southeast (AL, AR, FL, GA, KY, LA, MS, NC, SC, TN, VA, WV)"
"199953","Wilson Community College","2023","North Carolina","Southeast (AL, AR, FL, GA, KY, LA, MS, NC, SC, TN, VA, WV)"
"199962","Wingate University","2023","North Carolina","Southeast (AL, AR, FL, GA, KY, LA, MS, NC, SC, TN, VA, WV)"
"199971","Carolina Christian College","2023","North Carolina","Southeast (AL, AR, FL, GA, KY, LA, MS, NC, SC, TN, VA, WV)"
"199980","Winston Salem Barber School","2023","North Carolina","Southeast (AL, AR, FL, GA, KY, LA, MS, NC, SC, TN, VA, WV)"
"199999","Winston-Salem State University","2023","North Carolina","Southeast (AL, AR, FL, GA, KY, LA, MS, NC, SC, TN, VA, WV)"
"200004","Western Carolina University","2023","North Carolina","Southeast (AL, AR, FL, GA, KY, LA, MS, NC, SC, TN, VA, WV)"
"200013","Rasmussen University-North Dakota","2023","North Dakota","Plains (IA, KS, MN, MO, NE, ND, SD)"
"200022","Bismarck State College","2023","North Dakota","Plains (IA, KS, MN, MO, NE, ND, SD)"
"200059","Dickinson State University","2023","North Dakota","Plains (IA, KS, MN, MO, NE, ND, SD)"
"200086","Nueta Hidatsa Sahnish College","2023","North Dakota","Plains (IA, KS, MN, MO, NE, ND, SD)"
"200110","Josef's School of Hair, Skin & Body-Grand Forks","2023","North Dakota","Plains (IA, KS, MN, MO, NE, ND, SD)"
"200156","University of Jamestown","2023","North Dakota","Plains (IA, KS, MN, MO, NE, ND, SD)"
"200192","Lake Region State College","2023","North Dakota","Plains (IA, KS, MN, MO, NE, ND, SD)"
"200208","Cankdeska Cikana Community College","2023","North Dakota","Plains (IA, KS, MN, MO, NE, ND, SD)"
"200217","University of Mary","2023","North Dakota","Plains (IA, KS, MN, MO, NE, ND, SD)"
"200226","Mayville State University","2023","North Dakota","Plains (IA, KS, MN, MO, NE, ND, SD)"
"200253","Minot State University","2023","North Dakota","Plains (IA, KS, MN, MO, NE, ND, SD)"
"200280","University of North Dakota","2023","North Dakota","Plains (IA, KS, MN, MO, NE, ND, SD)"
"200305","North Dakota State College of Science","2023","North Dakota","Plains (IA, KS, MN, MO, NE, ND, SD)"
"200314","Dakota College at Bottineau","2023","North Dakota","Plains (IA, KS, MN, MO, NE, ND, SD)"
"200332","North Dakota State University-Main Campus","2023","North Dakota","Plains (IA, KS, MN, MO, NE, ND, SD)"
"200341","Williston State College","2023","North Dakota","Plains (IA, KS, MN, MO, NE, ND, SD)"
"200466","Sitting Bull College","2023","North Dakota","Plains (IA, KS, MN, MO, NE, ND, SD)"
"200484","Trinity Bible College and Graduate School","2023","North Dakota","Plains (IA, KS, MN, MO, NE, ND, SD)"
"200527","Turtle Mountain Community College","2023","North Dakota","Plains (IA, KS, MN, MO, NE, ND, SD)"
"200554","United Tribes Technical College","2023","North Dakota","Plains (IA, KS, MN, MO, NE, ND, SD)"
"200572","Valley City State University","2023","North Dakota","Plains (IA, KS, MN, MO, NE, ND, SD)"
"200590","ETI Technical College","2023","Ohio","Great Lakes (IL, IN, MI, OH, WI)"
"200697","Air Force Institute of Technology-Graduate School of Engineering & Management","2023","Ohio","U.S. Service schools"
"200785","Herzing University-Akron","2023","Ohio","Great Lakes (IL, IN, MI, OH, WI)"
"200800","University of Akron Main Campus","2023","Ohio","Great Lakes (IL, IN, MI, OH, WI)"
"200846","University of Akron Wayne College","2023","Ohio","Great Lakes (IL, IN, MI, OH, WI)"
"200873","Allegheny Wesleyan College","2023","Ohio","Great Lakes (IL, IN, MI, OH, WI)"
"201034","Apollo Career Center","2023","Ohio","Great Lakes (IL, IN, MI, OH, WI)"
"201061","Art Academy of Cincinnati","2023","Ohio","Great Lakes (IL, IN, MI, OH, WI)"
"201098","Ashland County-West Holmes Career Center","2023","Ohio","Great Lakes (IL, IN, MI, OH, WI)"
"201104","Ashland University","2023","Ohio","Great Lakes (IL, IN, MI, OH, WI)"
"201131","Ashtabula County Technical and Career Campus","2023","Ohio","Great Lakes (IL, IN, MI, OH, WI)"
"201140","Athenaeum of Ohio","2023","Ohio","Great Lakes (IL, IN, MI, OH, WI)"
"201159","Auburn Career Center","2023","Ohio","Great Lakes (IL, IN, MI, OH, WI)"
"201177","Aultman College of Nursing and Health Sciences","2023","Ohio","Great Lakes (IL, IN, MI, OH, WI)"
"201195","Baldwin Wallace University","2023","Ohio","Great Lakes (IL, IN, MI, OH, WI)"
"201283","Belmont College","2023","Ohio","Great Lakes (IL, IN, MI, OH, WI)"
"201371","Bluffton University","2023","Ohio","Great Lakes (IL, IN, MI, OH, WI)"
"201432","Bowling Green State University-Firelands","2023","Ohio","Great Lakes (IL, IN, MI, OH, WI)"
"201441","Bowling Green State University-Main Campus","2023","Ohio","Great Lakes (IL, IN, MI, OH, WI)"
"201469","Bryant & Stratton College-Parma","2023","Ohio","Great Lakes (IL, IN, MI, OH, WI)"
"201478","Buckeye Hills Career Center","2023","Ohio","Great Lakes (IL, IN, MI, OH, WI)"
"201496","Butler Technology and Career Development Schools","2023","Ohio","Great Lakes (IL, IN, MI, OH, WI)"
"201539","Canton City Schools Adult Career and Technical Education","2023","Ohio","Great Lakes (IL, IN, MI, OH, WI)"
"201548","Capital University","2023","Ohio","Great Lakes (IL, IN, MI, OH, WI)"
"201645","Case Western Reserve University","2023","Ohio","Great Lakes (IL, IN, MI, OH, WI)"
"201654","Cedarville University","2023","Ohio","Great Lakes (IL, IN, MI, OH, WI)"
"201672","Central Ohio Technical College","2023","Ohio","Great Lakes (IL, IN, MI, OH, WI)"
"201681","Central School of Practical Nursing","2023","Ohio","Great Lakes (IL, IN, MI, OH, WI)"
"201690","Central State University","2023","Ohio","Great Lakes (IL, IN, MI, OH, WI)"
"201751","Chatfield College","2023","Ohio","Great Lakes (IL, IN, MI, OH, WI)"
"201803","Choffin Career  and Technical Center","2023","Ohio","Great Lakes (IL, IN, MI, OH, WI)"
"201821","The Christ College of Nursing and Health Sciences","2023","Ohio","Great Lakes (IL, IN, MI, OH, WI)"
"201867","Cincinnati College of Mortuary Science","2023","Ohio","Great Lakes (IL, IN, MI, OH, WI)"
"201885","University of Cincinnati-Main Campus","2023","Ohio","Great Lakes (IL, IN, MI, OH, WI)"
"201928","Cincinnati State Technical and Community College","2023","Ohio","Great Lakes (IL, IN, MI, OH, WI)"
"201946","University of Cincinnati-Clermont College","2023","Ohio","Great Lakes (IL, IN, MI, OH, WI)"
"201955","University of Cincinnati-Blue Ash College","2023","Ohio","Great Lakes (IL, IN, MI, OH, WI)"
"201964","Ohio Christian University","2023","Ohio","Great Lakes (IL, IN, MI, OH, WI)"
"201973","Clark State College","2023","Ohio","Great Lakes (IL, IN, MI, OH, WI)"
"202046","Cleveland Institute of Art","2023","Ohio","Great Lakes (IL, IN, MI, OH, WI)"
"202073","Cleveland Institute of Music","2023","Ohio","Great Lakes (IL, IN, MI, OH, WI)"
"202134","Cleveland State University","2023","Ohio","Great Lakes (IL, IN, MI, OH, WI)"
"202152","Columbiana County Career and Technical Center","2023","Ohio","Great Lakes (IL, IN, MI, OH, WI)"
"202170","Columbus College of Art & Design","2023","Ohio","Great Lakes (IL, IN, MI, OH, WI)"
"202222","Columbus State Community College","2023","Ohio","Great Lakes (IL, IN, MI, OH, WI)"
"202356","Cuyahoga Community College District","2023","Ohio","Great Lakes (IL, IN, MI, OH, WI)"
"202435","Davis College","2023","Ohio","Great Lakes (IL, IN, MI, OH, WI)"
"202453","Dayton Barber College","2023","Ohio","Great Lakes (IL, IN, MI, OH, WI)"
"202480","University of Dayton","2023","Ohio","Great Lakes (IL, IN, MI, OH, WI)"
"202514","Defiance College","2023","Ohio","Great Lakes (IL, IN, MI, OH, WI)"
"202523","Denison University","2023","Ohio","Great Lakes (IL, IN, MI, OH, WI)"
"202648","Edison State Community College","2023","Ohio","Great Lakes (IL, IN, MI, OH, WI)"
"202657","EHOVE Career Center","2023","Ohio","Great Lakes (IL, IN, MI, OH, WI)"
"202763","The University of Findlay","2023","Ohio","Great Lakes (IL, IN, MI, OH, WI)"
"202806","Franklin University","2023","Ohio","Great Lakes (IL, IN, MI, OH, WI)"
"202888","Gerbers Akron Beauty School","2023","Ohio","Great Lakes (IL, IN, MI, OH, WI)"
"202903","Gods Bible School and College","2023","Ohio","Great Lakes (IL, IN, MI, OH, WI)"
"202912","Good Samaritan College of Nursing and Health Science","2023","Ohio","Great Lakes (IL, IN, MI, OH, WI)"
"202949","Great Oaks Career Campuses","2023","Ohio","Great Lakes (IL, IN, MI, OH, WI)"
"202985","Hannah E Mullins School of Practical Nursing","2023","Ohio","Great Lakes (IL, IN, MI, OH, WI)"
"203030","Adult and Community Education-Hudson","2023","Ohio","Great Lakes (IL, IN, MI, OH, WI)"
"203067","Hebrew Union College-Jewish Institute of Religion","2023","New York","Mid East (DE, DC, MD, NJ, NY, PA)"
"203085","Heidelberg University","2023","Ohio","Great Lakes (IL, IN, MI, OH, WI)"
"203128","Hiram College","2023","Ohio","Great Lakes (IL, IN, MI, OH, WI)"
"203146","Hobart Institute of Welding Technology","2023","Ohio","Great Lakes (IL, IN, MI, OH, WI)"
"203155","Hocking College","2023","Ohio","Great Lakes (IL, IN, MI, OH, WI)"
"203234","Ross Medical Education Center-Cincinnati","2023","Ohio","Great Lakes (IL, IN, MI, OH, WI)"
"203289","International College of Broadcasting","2023","Ohio","Great Lakes (IL, IN, MI, OH, WI)"
"203331","Eastern Gateway Community College","2023","Ohio","Great Lakes (IL, IN, MI, OH, WI)"
"203368","John Carroll University","2023","Ohio","Great Lakes (IL, IN, MI, OH, WI)"
"203386","Hondros College of Nursing","2023","Ohio","Great Lakes (IL, IN, MI, OH, WI)"
"203438","Casal Aveda Institute","2023","Ohio","Great Lakes (IL, IN, MI, OH, WI)"
"203447","Kent State University at Ashtabula","2023","Ohio","Great Lakes (IL, IN, MI, OH, WI)"
"203456","Kent State University at East Liverpool","2023","Ohio","Great Lakes (IL, IN, MI, OH, WI)"
"203465","Kent State University at Stark","2023","Ohio","Great Lakes (IL, IN, MI, OH, WI)"
"203474","Kent State University at Trumbull","2023","Ohio","Great Lakes (IL, IN, MI, OH, WI)"
"203483","Kent State University at Tuscarawas","2023","Ohio","Great Lakes (IL, IN, MI, OH, WI)"
"203492","Kent State University at Salem","2023","Ohio","Great Lakes (IL, IN, MI, OH, WI)"
"203517","Kent State University at Kent","2023","Ohio","Great Lakes (IL, IN, MI, OH, WI)"
"203526","Kent State University at Geauga","2023","Ohio","Great Lakes (IL, IN, MI, OH, WI)"
"203535","Kenyon College","2023","Ohio","Great Lakes (IL, IN, MI, OH, WI)"
"203544","Kettering College","2023","Ohio","Great Lakes (IL, IN, MI, OH, WI)"
"203580","Lake Erie College","2023","Ohio","Great Lakes (IL, IN, MI, OH, WI)"
"203599","Lakeland Community College","2023","Ohio","Great Lakes (IL, IN, MI, OH, WI)"
"203614","Collins Career Technical Center","2023","Ohio","Great Lakes (IL, IN, MI, OH, WI)"
"203678","James A. Rhodes State College","2023","Ohio","Great Lakes (IL, IN, MI, OH, WI)"
"203720","Ohio Business College-Sheffield","2023","Ohio","Great Lakes (IL, IN, MI, OH, WI)"
"203739","Ohio Business College-Sandusky","2023","Ohio","Great Lakes (IL, IN, MI, OH, WI)"
"203748","Lorain County Community College","2023","Ohio","Great Lakes (IL, IN, MI, OH, WI)"
"203757","Lourdes University","2023","Ohio","Great Lakes (IL, IN, MI, OH, WI)"
"203775","Malone University","2023","Ohio","Great Lakes (IL, IN, MI, OH, WI)"
"203845","Marietta College","2023","Ohio","Great Lakes (IL, IN, MI, OH, WI)"
"203881","Marion Technical College","2023","Ohio","Great Lakes (IL, IN, MI, OH, WI)"
"203942","Medina County Career Center","2023","Ohio","Great Lakes (IL, IN, MI, OH, WI)"
"203960","Mercy College of Ohio","2023","Ohio","Great Lakes (IL, IN, MI, OH, WI)"
"203997","Methodist Theological School in Ohio","2023","Ohio","Great Lakes (IL, IN, MI, OH, WI)"
"204006","Miami University-Hamilton","2023","Ohio","Great Lakes (IL, IN, MI, OH, WI)"
"204015","Miami University-Middletown","2023","Ohio","Great Lakes (IL, IN, MI, OH, WI)"
"204024","Miami University-Oxford","2023","Ohio","Great Lakes (IL, IN, MI, OH, WI)"
"204121","Moler Hollywood Beauty Academy","2023","Ohio","Great Lakes (IL, IN, MI, OH, WI)"
"204158","Miami Valley Career Technology Center","2023","Ohio","Great Lakes (IL, IN, MI, OH, WI)"
"204176","Mount Carmel College of Nursing","2023","Ohio","Great Lakes (IL, IN, MI, OH, WI)"
"204185","University of Mount Union","2023","Ohio","Great Lakes (IL, IN, MI, OH, WI)"
"204194","Mount Vernon Nazarene University","2023","Ohio","Great Lakes (IL, IN, MI, OH, WI)"
"204200","Mount St. Joseph University","2023","Ohio","Great Lakes (IL, IN, MI, OH, WI)"
"204255","Zane State College","2023","Ohio","Great Lakes (IL, IN, MI, OH, WI)"
"204264","Muskingum University","2023","Ohio","Great Lakes (IL, IN, MI, OH, WI)"
"204334","National Beauty College","2023","Ohio","Great Lakes (IL, IN, MI, OH, WI)"
"204422","North Central State College","2023","Ohio","Great Lakes (IL, IN, MI, OH, WI)"
"204431","Northern Institute of Cosmetology","2023","Ohio","Great Lakes (IL, IN, MI, OH, WI)"
"204440","Northwest State Community College","2023","Ohio","Great Lakes (IL, IN, MI, OH, WI)"
"204459","Toledo Public Schools Adult and Continuing Education","2023","Ohio","Great Lakes (IL, IN, MI, OH, WI)"
"204468","Notre Dame College","2023","Ohio","Great Lakes (IL, IN, MI, OH, WI)"
"204477","Northeast Ohio Medical University","2023","Ohio","Great Lakes (IL, IN, MI, OH, WI)"
"204486","University of Northwestern Ohio","2023","Ohio","Great Lakes (IL, IN, MI, OH, WI)"
"204501","Oberlin College","2023","Ohio","Great Lakes (IL, IN, MI, OH, WI)"
"204608","Ohio Technical College","2023","Ohio","Great Lakes (IL, IN, MI, OH, WI)"
"204617","Ohio Dominican University","2023","Ohio","Great Lakes (IL, IN, MI, OH, WI)"
"204635","Ohio Northern University","2023","Ohio","Great Lakes (IL, IN, MI, OH, WI)"
"204662","Ohio State University Agricultural Technical Institute","2023","Ohio","Great Lakes (IL, IN, MI, OH, WI)"
"204671","Ohio State University-Lima Campus","2023","Ohio","Great Lakes (IL, IN, MI, OH, WI)"
"204680","Ohio State University-Mansfield Campus","2023","Ohio","Great Lakes (IL, IN, MI, OH, WI)"
"204699","Ohio State University-Marion Campus","2023","Ohio","Great Lakes (IL, IN, MI, OH, WI)"
"204705","Ohio State University-Newark Campus","2023","Ohio","Great Lakes (IL, IN, MI, OH, WI)"
"204714","Ohio State Beauty Academy","2023","Ohio","Great Lakes (IL, IN, MI, OH, WI)"
"204723","Ohio State College of Barber Styling","2023","Ohio","Great Lakes (IL, IN, MI, OH, WI)"
"204769","The Spa School","2023","Ohio","Great Lakes (IL, IN, MI, OH, WI)"
"204778","Ohio State School of Cosmetology-Canal Winchester","2023","Ohio","Great Lakes (IL, IN, MI, OH, WI)"
"204796","Ohio State University-Main Campus","2023","Ohio","Great Lakes (IL, IN, MI, OH, WI)"
"204802","Ohio University-Eastern Campus","2023","Ohio","Great Lakes (IL, IN, MI, OH, WI)"
"204820","Ohio University-Chillicothe Campus","2023","Ohio","Great Lakes (IL, IN, MI, OH, WI)"
"204839","Ohio University-Southern Campus","2023","Ohio","Great Lakes (IL, IN, MI, OH, WI)"
"204848","Ohio University-Lancaster Campus","2023","Ohio","Great Lakes (IL, IN, MI, OH, WI)"
"204857","Ohio University-Main Campus","2023","Ohio","Great Lakes (IL, IN, MI, OH, WI)"
"204866","Ohio University-Zanesville Campus","2023","Ohio","Great Lakes (IL, IN, MI, OH, WI)"
"204884","East Ohio College","2023","Ohio","Great Lakes (IL, IN, MI, OH, WI)"
"204893","Trinity Health System School of Nursing","2023","Ohio","Great Lakes (IL, IN, MI, OH, WI)"
"204909","Ohio Wesleyan University","2023","Ohio","Great Lakes (IL, IN, MI, OH, WI)"
"204936","Otterbein University","2023","Ohio","Great Lakes (IL, IN, MI, OH, WI)"
"204945","Owens Community College","2023","Ohio","Great Lakes (IL, IN, MI, OH, WI)"
"204963","Paramount Beauty Academy","2023","Ohio","Great Lakes (IL, IN, MI, OH, WI)"
"204981","Cuyahoga Valley Career Center","2023","Ohio","Great Lakes (IL, IN, MI, OH, WI)"
"204990","Payne Theological Seminary","2023","Ohio","Great Lakes (IL, IN, MI, OH, WI)"
"205027","Pontifical College Josephinum","2023","Ohio","Great Lakes (IL, IN, MI, OH, WI)"
"205054","Professional Skills Institute","2023","Ohio","Great Lakes (IL, IN, MI, OH, WI)"
"205090","Firelands Regional Medical Center School of Nursing","2023","Ohio","Great Lakes (IL, IN, MI, OH, WI)"
"205124","Rabbinical College Telshe","2023","Ohio","Great Lakes (IL, IN, MI, OH, WI)"
"205142","Raphael's School of Beauty Culture Inc-Niles","2023","Ohio","Great Lakes (IL, IN, MI, OH, WI)"
"205179","Fortis College-Centerville","2023","Ohio","Great Lakes (IL, IN, MI, OH, WI)"
"205203","University of Rio Grande","2023","Ohio","Great Lakes (IL, IN, MI, OH, WI)"
"205391","The Modern College of Design","2023","Ohio","Great Lakes (IL, IN, MI, OH, WI)"
"205443","Shawnee State University","2023","Ohio","Great Lakes (IL, IN, MI, OH, WI)"
"205470","Sinclair Community College","2023","Ohio","Great Lakes (IL, IN, MI, OH, WI)"
"205559","Hussian College-Daymar College Columbus","2023","Ohio","Great Lakes (IL, IN, MI, OH, WI)"
"205841","Stark State College","2023","Ohio","Great Lakes (IL, IN, MI, OH, WI)"
"205887","Stautzenberger College-Maumee","2023","Ohio","Great Lakes (IL, IN, MI, OH, WI)"
"205957","Franciscan University of Steubenville","2023","Ohio","Great Lakes (IL, IN, MI, OH, WI)"
"205966","Southern State Community College","2023","Ohio","Great Lakes (IL, IN, MI, OH, WI)"
"206011","Terra State Community College","2023","Ohio","Great Lakes (IL, IN, MI, OH, WI)"
"206039","Tiffin Academy of Hair Design","2023","Ohio","Great Lakes (IL, IN, MI, OH, WI)"
"206048","Tiffin University","2023","Ohio","Great Lakes (IL, IN, MI, OH, WI)"
"206084","University of Toledo","2023","Ohio","Great Lakes (IL, IN, MI, OH, WI)"
"206154","Tri-State Bible College","2023","Ohio","Great Lakes (IL, IN, MI, OH, WI)"
"206172","Tri-County Adult Career Center","2023","Ohio","Great Lakes (IL, IN, MI, OH, WI)"
"206181","Tri-Rivers Career Center","2023","Ohio","Great Lakes (IL, IN, MI, OH, WI)"
"206279","Union Institute & University","2023","Ohio","Great Lakes (IL, IN, MI, OH, WI)"
"206288","United Theological Seminary","2023","Ohio","Great Lakes (IL, IN, MI, OH, WI)"
"206321","Upper Valley Career Center","2023","Ohio","Great Lakes (IL, IN, MI, OH, WI)"
"206349","Ursuline College","2023","Ohio","Great Lakes (IL, IN, MI, OH, WI)"
"206394","The North Coast College","2023","Ohio","Great Lakes (IL, IN, MI, OH, WI)"
"206437","Walsh University","2023","Ohio","Great Lakes (IL, IN, MI, OH, WI)"
"206446","Washington State Community College","2023","Ohio","Great Lakes (IL, IN, MI, OH, WI)"
"206491","Wilberforce University","2023","Ohio","Great Lakes (IL, IN, MI, OH, WI)"
"206507","Wilmington College","2023","Ohio","Great Lakes (IL, IN, MI, OH, WI)"
"206516","Winebrenner Theological Seminary","2023","Ohio","Great Lakes (IL, IN, MI, OH, WI)"
"206525","Wittenberg University","2023","Ohio","Great Lakes (IL, IN, MI, OH, WI)"
"206589","The College of Wooster","2023","Ohio","Great Lakes (IL, IN, MI, OH, WI)"
"206604","Wright State University-Main Campus","2023","Ohio","Great Lakes (IL, IN, MI, OH, WI)"
"206613","Wright State University-Lake Campus","2023","Ohio","Great Lakes (IL, IN, MI, OH, WI)"
"206622","Xavier University","2023","Ohio","Great Lakes (IL, IN, MI, OH, WI)"
"206695","Youngstown State University","2023","Ohio","Great Lakes (IL, IN, MI, OH, WI)"
"206817","Bacone College","2023","Oklahoma","Southwest (AZ, NM, OK, TX)"
"206835","Oklahoma Wesleyan University","2023","Oklahoma","Southwest (AZ, NM, OK, TX)"
"206862","Southern Nazarene University","2023","Oklahoma","Southwest (AZ, NM, OK, TX)"
"206905","Pontotoc Technology Center","2023","Oklahoma","Southwest (AZ, NM, OK, TX)"
"206914","Cameron University","2023","Oklahoma","Southwest (AZ, NM, OK, TX)"
"206923","Carl Albert State College","2023","Oklahoma","Southwest (AZ, NM, OK, TX)"
"206932","Central Oklahoma College","2023","Oklahoma","Southwest (AZ, NM, OK, TX)"
"206941","University of Central Oklahoma","2023","Oklahoma","Southwest (AZ, NM, OK, TX)"
"206996","Connors State College","2023","Oklahoma","Southwest (AZ, NM, OK, TX)"
"207041","East Central University","2023","Oklahoma","Southwest (AZ, NM, OK, TX)"
"207050","Eastern Oklahoma State College","2023","Oklahoma","Southwest (AZ, NM, OK, TX)"
"207069","Redlands Community College","2023","Oklahoma","Southwest (AZ, NM, OK, TX)"
"207087","Formations Institute","2023","Oklahoma","Southwest (AZ, NM, OK, TX)"
"207102","Eves College of Hairstyling","2023","Oklahoma","Southwest (AZ, NM, OK, TX)"
"207157","Randall University","2023","Oklahoma","Southwest (AZ, NM, OK, TX)"
"207209","Langston University","2023","Oklahoma","Southwest (AZ, NM, OK, TX)"
"207236","Murray State College","2023","Oklahoma","Southwest (AZ, NM, OK, TX)"
"207254","Spartan College of Aeronautics and Technology","2023","Oklahoma","Southwest (AZ, NM, OK, TX)"
"207263","Northeastern State University","2023","Oklahoma","Southwest (AZ, NM, OK, TX)"
"207281","Northern Oklahoma College","2023","Oklahoma","Southwest (AZ, NM, OK, TX)"
"207290","Northeastern Oklahoma A&M College","2023","Oklahoma","Southwest (AZ, NM, OK, TX)"
"207306","Northwestern Oklahoma State University","2023","Oklahoma","Southwest (AZ, NM, OK, TX)"
"207315","Oklahoma State University Center for Health Sciences","2023","Oklahoma","Southwest (AZ, NM, OK, TX)"
"207324","Oklahoma Christian University","2023","Oklahoma","Southwest (AZ, NM, OK, TX)"
"207342","University of Oklahoma-Health Sciences Center","2023","Oklahoma","Southwest (AZ, NM, OK, TX)"
"207351","Oklahoma Panhandle State University","2023","Oklahoma","Southwest (AZ, NM, OK, TX)"
"207388","Oklahoma State University-Main Campus","2023","Oklahoma","Southwest (AZ, NM, OK, TX)"
"207397","Oklahoma State University-Oklahoma City","2023","Oklahoma","Southwest (AZ, NM, OK, TX)"
"207403","Oklahoma Baptist University","2023","Oklahoma","Southwest (AZ, NM, OK, TX)"
"207449","Oklahoma City Community College","2023","Oklahoma","Southwest (AZ, NM, OK, TX)"
"207458","Oklahoma City University","2023","Oklahoma","Southwest (AZ, NM, OK, TX)"
"207500","University of Oklahoma-Norman Campus","2023","Oklahoma","Southwest (AZ, NM, OK, TX)"
"207564","Oklahoma State University Institute of Technology","2023","Oklahoma","Southwest (AZ, NM, OK, TX)"
"207582","Oral Roberts University","2023","Oklahoma","Southwest (AZ, NM, OK, TX)"
"207661","Rogers State University","2023","Oklahoma","Southwest (AZ, NM, OK, TX)"
"207670","Rose State College","2023","Oklahoma","Southwest (AZ, NM, OK, TX)"
"207704","Jenks Beauty College","2023","Oklahoma","Southwest (AZ, NM, OK, TX)"
"207722","University of Science and Arts of Oklahoma","2023","Oklahoma","Southwest (AZ, NM, OK, TX)"
"207740","Seminole State College","2023","Oklahoma","Southwest (AZ, NM, OK, TX)"
"207786","Southern School of Beauty Inc","2023","Oklahoma","Southwest (AZ, NM, OK, TX)"
"207847","Southeastern Oklahoma State University","2023","Oklahoma","Southwest (AZ, NM, OK, TX)"
"207856","Southwestern Christian University","2023","Oklahoma","Southwest (AZ, NM, OK, TX)"
"207865","Southwestern Oklahoma State University","2023","Oklahoma","Southwest (AZ, NM, OK, TX)"
"207935","Tulsa Community College","2023","Oklahoma","Southwest (AZ, NM, OK, TX)"
"207962","Tulsa Welding School-Tulsa","2023","Oklahoma","Southwest (AZ, NM, OK, TX)"
"207971","University of Tulsa","2023","Oklahoma","Southwest (AZ, NM, OK, TX)"
"208035","Western Oklahoma State College","2023","Oklahoma","Southwest (AZ, NM, OK, TX)"
"208044","Formations Institute of Cosmetology & Barbering","2023","Oklahoma","Southwest (AZ, NM, OK, TX)"
"208053","High Plains Technology Center","2023","Oklahoma","Southwest (AZ, NM, OK, TX)"
"208275","Blue Mountain Community College","2023","Oregon","Far West (AK, CA, HI, NV, OR, WA)"
"208318","Central Oregon Community College","2023","Oregon","Far West (AK, CA, HI, NV, OR, WA)"
"208390","Chemeketa Community College","2023","Oregon","Far West (AK, CA, HI, NV, OR, WA)"
"208406","Clackamas Community College","2023","Oregon","Far West (AK, CA, HI, NV, OR, WA)"
"208415","Clatsop Community College","2023","Oregon","Far West (AK, CA, HI, NV, OR, WA)"
"208433","College of Hair Design Careers","2023","Oregon","Far West (AK, CA, HI, NV, OR, WA)"
"208479","Concorde Career College-Portland","2023","Oregon","Far West (AK, CA, HI, NV, OR, WA)"
"208512","Sumner College","2023","Oregon","Far West (AK, CA, HI, NV, OR, WA)"
"208637","East West College of the Healing Arts","2023","Oregon","Far West (AK, CA, HI, NV, OR, WA)"
"208646","Eastern Oregon University","2023","Oregon","Far West (AK, CA, HI, NV, OR, WA)"
"208725","New Hope Christian College-Eugene","2023","Oregon","Far West (AK, CA, HI, NV, OR, WA)"
"208822","George Fox University","2023","Oregon","Far West (AK, CA, HI, NV, OR, WA)"
"208859","Phagans Grants Pass College of Beauty","2023","Oregon","Far West (AK, CA, HI, NV, OR, WA)"
"209038","Lane Community College","2023","Oregon","Far West (AK, CA, HI, NV, OR, WA)"
"209056","Lewis & Clark College","2023","Oregon","Far West (AK, CA, HI, NV, OR, WA)"
"209065","Linfield University","2023","Oregon","Far West (AK, CA, HI, NV, OR, WA)"
"209074","Linn-Benton Community College","2023","Oregon","Far West (AK, CA, HI, NV, OR, WA)"
"209083","Northwest College-Beaverton","2023","Oregon","Far West (AK, CA, HI, NV, OR, WA)"
"209153","Phagans Medford Beauty School","2023","Oregon","Far West (AK, CA, HI, NV, OR, WA)"
"209205","Northwest College-Clackamas","2023","Oregon","Far West (AK, CA, HI, NV, OR, WA)"
"209241","Mount Angel Seminary","2023","Oregon","Far West (AK, CA, HI, NV, OR, WA)"
"209250","Mt Hood Community College","2023","Oregon","Far West (AK, CA, HI, NV, OR, WA)"
"209287","Multnomah University","2023","Oregon","Far West (AK, CA, HI, NV, OR, WA)"
"209296","National University of Natural Medicine","2023","Oregon","Far West (AK, CA, HI, NV, OR, WA)"
"209409","Bushnell University","2023","Oregon","Far West (AK, CA, HI, NV, OR, WA)"
"209490","Oregon Health & Science University","2023","Oregon","Far West (AK, CA, HI, NV, OR, WA)"
"209506","Oregon Institute of Technology","2023","Oregon","Far West (AK, CA, HI, NV, OR, WA)"
"209542","Oregon State University","2023","Oregon","Far West (AK, CA, HI, NV, OR, WA)"
"209551","University of Oregon","2023","Oregon","Far West (AK, CA, HI, NV, OR, WA)"
"209603","Pacific Northwest College of Art","2023","Oregon","Far West (AK, CA, HI, NV, OR, WA)"
"209612","Pacific University","2023","Oregon","Far West (AK, CA, HI, NV, OR, WA)"
"209667","Phagans Beauty College","2023","Oregon","Far West (AK, CA, HI, NV, OR, WA)"
"209676","Phagans Central Oregon Beauty College","2023","Oregon","Far West (AK, CA, HI, NV, OR, WA)"
"209694","Phagans School of Beauty","2023","Oregon","Far West (AK, CA, HI, NV, OR, WA)"
"209700","Phagans School of Hair Design","2023","Oregon","Far West (AK, CA, HI, NV, OR, WA)"
"209719","Summit Salon Academy-Portland","2023","Oregon","Far West (AK, CA, HI, NV, OR, WA)"
"209746","Portland Community College","2023","Oregon","Far West (AK, CA, HI, NV, OR, WA)"
"209807","Portland State University","2023","Oregon","Far West (AK, CA, HI, NV, OR, WA)"
"209825","University of Portland","2023","Oregon","Far West (AK, CA, HI, NV, OR, WA)"
"209922","Reed College","2023","Oregon","Far West (AK, CA, HI, NV, OR, WA)"
"209940","Rogue Community College","2023","Oregon","Far West (AK, CA, HI, NV, OR, WA)"
"210146","Southern Oregon University","2023","Oregon","Far West (AK, CA, HI, NV, OR, WA)"
"210155","Southwestern Oregon Community College","2023","Oregon","Far West (AK, CA, HI, NV, OR, WA)"
"210234","Treasure Valley Community College","2023","Oregon","Far West (AK, CA, HI, NV, OR, WA)"
"210270","Umpqua Community College","2023","Oregon","Far West (AK, CA, HI, NV, OR, WA)"
"210304","Warner Pacific University","2023","Oregon","Far West (AK, CA, HI, NV, OR, WA)"
"210331","Corban University","2023","Oregon","Far West (AK, CA, HI, NV, OR, WA)"
"210368","Western Seminary","2023","Oregon","Far West (AK, CA, HI, NV, OR, WA)"
"210401","Willamette University","2023","Oregon","Far West (AK, CA, HI, NV, OR, WA)"
"210429","Western Oregon University","2023","Oregon","Far West (AK, CA, HI, NV, OR, WA)"
"210438","University of Western States","2023","Oregon","Far West (AK, CA, HI, NV, OR, WA)"
"210492","Bryn Athyn College of the New Church","2023","Pennsylvania","Mid East (DE, DC, MD, NJ, NY, PA)"
"210508","Academy of Vocal Arts","2023","Pennsylvania","Mid East (DE, DC, MD, NJ, NY, PA)"
"210571","Albright College","2023","Pennsylvania","Mid East (DE, DC, MD, NJ, NY, PA)"
"210599","All-State Career School","2023","Pennsylvania","Mid East (DE, DC, MD, NJ, NY, PA)"
"210605","Community College of Allegheny County","2023","Pennsylvania","Mid East (DE, DC, MD, NJ, NY, PA)"
"210669","Allegheny College","2023","Pennsylvania","Mid East (DE, DC, MD, NJ, NY, PA)"
"210711","The  Beauty Institute","2023","Pennsylvania","Mid East (DE, DC, MD, NJ, NY, PA)"
"210739","DeSales University","2023","Pennsylvania","Mid East (DE, DC, MD, NJ, NY, PA)"
"210748","Altoona Beauty School Inc","2023","Pennsylvania","Mid East (DE, DC, MD, NJ, NY, PA)"
"210775","Alvernia University","2023","Pennsylvania","Mid East (DE, DC, MD, NJ, NY, PA)"
"210784","The Beauty Institute-Ambler","2023","Pennsylvania","Mid East (DE, DC, MD, NJ, NY, PA)"
"210809","American College of Financial Services","2023","Pennsylvania","Mid East (DE, DC, MD, NJ, NY, PA)"
"211006","Automotive Training Center-Exton","2023","Pennsylvania","Mid East (DE, DC, MD, NJ, NY, PA)"
"211024","Clarks Summit University","2023","Pennsylvania","Mid East (DE, DC, MD, NJ, NY, PA)"
"211079","Community College of Beaver County","2023","Pennsylvania","Mid East (DE, DC, MD, NJ, NY, PA)"
"211088","Arcadia University","2023","Pennsylvania","Mid East (DE, DC, MD, NJ, NY, PA)"
"211130","Missio Theological Seminary","2023","Pennsylvania","Mid East (DE, DC, MD, NJ, NY, PA)"
"211273","Bryn Mawr College","2023","Pennsylvania","Mid East (DE, DC, MD, NJ, NY, PA)"
"211291","Bucknell University","2023","Pennsylvania","Mid East (DE, DC, MD, NJ, NY, PA)"
"211307","Bucks County Community College","2023","Pennsylvania","Mid East (DE, DC, MD, NJ, NY, PA)"
"211316","Bucks County School of Beauty Culture Inc","2023","Pennsylvania","Mid East (DE, DC, MD, NJ, NY, PA)"
"211334","Butler Beauty Academy","2023","Pennsylvania","Mid East (DE, DC, MD, NJ, NY, PA)"
"211343","Butler County Community College","2023","Pennsylvania","Mid East (DE, DC, MD, NJ, NY, PA)"
"211352","Cabrini University","2023","Pennsylvania","Mid East (DE, DC, MD, NJ, NY, PA)"
"211431","Carlow University","2023","Pennsylvania","Mid East (DE, DC, MD, NJ, NY, PA)"
"211440","Carnegie Mellon University","2023","Pennsylvania","Mid East (DE, DC, MD, NJ, NY, PA)"
"211468","Cedar Crest College","2023","Pennsylvania","Mid East (DE, DC, MD, NJ, NY, PA)"
"211477","Central Penn College","2023","Pennsylvania","Mid East (DE, DC, MD, NJ, NY, PA)"
"211556","Chatham University","2023","Pennsylvania","Mid East (DE, DC, MD, NJ, NY, PA)"
"211583","Chestnut Hill College","2023","Pennsylvania","Mid East (DE, DC, MD, NJ, NY, PA)"
"211608","Cheyney University of Pennsylvania","2023","Pennsylvania","Mid East (DE, DC, MD, NJ, NY, PA)"
"211635","Citizens School of Nursing","2023","Pennsylvania","Mid East (DE, DC, MD, NJ, NY, PA)"
"211802","DLP Conemaugh Memorial Medical Center","2023","Pennsylvania","Mid East (DE, DC, MD, NJ, NY, PA)"
"211893","Curtis Institute of Music","2023","Pennsylvania","Mid East (DE, DC, MD, NJ, NY, PA)"
"211927","Delaware County Community College","2023","Pennsylvania","Mid East (DE, DC, MD, NJ, NY, PA)"
"211981","Delaware Valley University","2023","Pennsylvania","Mid East (DE, DC, MD, NJ, NY, PA)"
"212009","Dickinson College","2023","Pennsylvania","Mid East (DE, DC, MD, NJ, NY, PA)"
"212045","Douglas Education Center","2023","Pennsylvania","Mid East (DE, DC, MD, NJ, NY, PA)"
"212054","Drexel University","2023","Pennsylvania","Mid East (DE, DC, MD, NJ, NY, PA)"
"212106","Duquesne University","2023","Pennsylvania","Mid East (DE, DC, MD, NJ, NY, PA)"
"212115","East Stroudsburg University of Pennsylvania","2023","Pennsylvania","Mid East (DE, DC, MD, NJ, NY, PA)"
"212133","Eastern University","2023","Pennsylvania","Mid East (DE, DC, MD, NJ, NY, PA)"
"212197","Elizabethtown College","2023","Pennsylvania","Mid East (DE, DC, MD, NJ, NY, PA)"
"212230","Empire Beauty School-Lebanon","2023","Pennsylvania","Mid East (DE, DC, MD, NJ, NY, PA)"
"212267","Empire Beauty School-York","2023","Pennsylvania","Mid East (DE, DC, MD, NJ, NY, PA)"
"212276","Empire Beauty School-Lancaster","2023","Pennsylvania","Mid East (DE, DC, MD, NJ, NY, PA)"
"212294","Empire Beauty School-Shamokin Dam","2023","Pennsylvania","Mid East (DE, DC, MD, NJ, NY, PA)"
"212300","Empire Beauty School-Pottsville","2023","Pennsylvania","Mid East (DE, DC, MD, NJ, NY, PA)"
"212328","Empire Beauty  School-Lehigh Valley","2023","Pennsylvania","Mid East (DE, DC, MD, NJ, NY, PA)"
"212337","Empire Beauty School-Gwinnett","2023","Georgia","Southeast (AL, AR, FL, GA, KY, LA, MS, NC, SC, TN, VA, WV)"
"212355","Empire Beauty School-Wyoming Valley","2023","Pennsylvania","Mid East (DE, DC, MD, NJ, NY, PA)"
"212382","Empire Beauty School-Harrisburg","2023","Pennsylvania","Mid East (DE, DC, MD, NJ, NY, PA)"
"212391","Empire Beauty School-Reading","2023","Pennsylvania","Mid East (DE, DC, MD, NJ, NY, PA)"
"212434","Erie Institute of Technology Inc","2023","Pennsylvania","Mid East (DE, DC, MD, NJ, NY, PA)"
"212577","Franklin and Marshall College","2023","Pennsylvania","Mid East (DE, DC, MD, NJ, NY, PA)"
"212601","Gannon University","2023","Pennsylvania","Mid East (DE, DC, MD, NJ, NY, PA)"
"212656","Geneva College","2023","Pennsylvania","Mid East (DE, DC, MD, NJ, NY, PA)"
"212674","Gettysburg College","2023","Pennsylvania","Mid East (DE, DC, MD, NJ, NY, PA)"
"212753","Empire Beauty School-NE Philadelphia","2023","Pennsylvania","Mid East (DE, DC, MD, NJ, NY, PA)"
"212771","Gratz College","2023","Pennsylvania","Mid East (DE, DC, MD, NJ, NY, PA)"
"212805","Grove City College","2023","Pennsylvania","Mid East (DE, DC, MD, NJ, NY, PA)"
"212832","Gwynedd Mercy University","2023","Pennsylvania","Mid East (DE, DC, MD, NJ, NY, PA)"
"212869","Harcum College","2023","Pennsylvania","Mid East (DE, DC, MD, NJ, NY, PA)"
"212878","Harrisburg Area Community College","2023","Pennsylvania","Mid East (DE, DC, MD, NJ, NY, PA)"
"212911","Haverford College","2023","Pennsylvania","Mid East (DE, DC, MD, NJ, NY, PA)"
"212975","Commonwealth Technical Institute","2023","Pennsylvania","Mid East (DE, DC, MD, NJ, NY, PA)"
"212984","Holy Family University","2023","Pennsylvania","Mid East (DE, DC, MD, NJ, NY, PA)"
"212993","Hussian College-Philadelphia","2023","Pennsylvania","Mid East (DE, DC, MD, NJ, NY, PA)"
"213011","Immaculata University","2023","Pennsylvania","Mid East (DE, DC, MD, NJ, NY, PA)"
"213020","Indiana University of Pennsylvania-Main Campus","2023","Pennsylvania","Mid East (DE, DC, MD, NJ, NY, PA)"
"213163","UPMC Jameson School of Nursing","2023","Pennsylvania","Mid East (DE, DC, MD, NJ, NY, PA)"
"213181","Great Lakes Institute of Technology","2023","Pennsylvania","Mid East (DE, DC, MD, NJ, NY, PA)"
"213233","Johnson College","2023","Pennsylvania","Mid East (DE, DC, MD, NJ, NY, PA)"
"213251","Juniata College","2023","Pennsylvania","Mid East (DE, DC, MD, NJ, NY, PA)"
"213303","Keystone College","2023","Pennsylvania","Mid East (DE, DC, MD, NJ, NY, PA)"
"213321","King's College","2023","Pennsylvania","Mid East (DE, DC, MD, NJ, NY, PA)"
"213330","Butler Beauty Academy-Kittanning Beauty Academy","2023","Pennsylvania","Mid East (DE, DC, MD, NJ, NY, PA)"
"213349","Kutztown University of Pennsylvania","2023","Pennsylvania","Mid East (DE, DC, MD, NJ, NY, PA)"
"213358","La Roche University","2023","Pennsylvania","Mid East (DE, DC, MD, NJ, NY, PA)"
"213367","La Salle University","2023","Pennsylvania","Mid East (DE, DC, MD, NJ, NY, PA)"
"213376","Lackawanna College","2023","Pennsylvania","Mid East (DE, DC, MD, NJ, NY, PA)"
"213385","Lafayette College","2023","Pennsylvania","Mid East (DE, DC, MD, NJ, NY, PA)"
"213400","Lancaster Bible College","2023","Pennsylvania","Mid East (DE, DC, MD, NJ, NY, PA)"
"213446","Lancaster Theological Seminary","2023","Pennsylvania","Mid East (DE, DC, MD, NJ, NY, PA)"
"213455","Lancaster School of Cosmetology & Therapeutic Bodywork","2023","Pennsylvania","Mid East (DE, DC, MD, NJ, NY, PA)"
"213473","Lansdale School of Business","2023","Pennsylvania","Mid East (DE, DC, MD, NJ, NY, PA)"
"213491","Lansdale School of Cosmetology Inc","2023","Pennsylvania","Mid East (DE, DC, MD, NJ, NY, PA)"
"213507","Lebanon Valley College","2023","Pennsylvania","Mid East (DE, DC, MD, NJ, NY, PA)"
"213525","Lehigh Carbon Community College","2023","Pennsylvania","Mid East (DE, DC, MD, NJ, NY, PA)"
"213534","Miller-Motte College-Berks Technical Institute","2023","Pennsylvania","Mid East (DE, DC, MD, NJ, NY, PA)"
"213543","Lehigh University","2023","Pennsylvania","Mid East (DE, DC, MD, NJ, NY, PA)"
"213570","Lincoln Technical Institute-Allentown","2023","Pennsylvania","Mid East (DE, DC, MD, NJ, NY, PA)"
"213589","Lincoln Technical Institute-Philadelphia","2023","Pennsylvania","Mid East (DE, DC, MD, NJ, NY, PA)"
"213598","Lincoln University","2023","Pennsylvania","Mid East (DE, DC, MD, NJ, NY, PA)"
"213622","UPMC St. Margaret School of Nursing","2023","Pennsylvania","Mid East (DE, DC, MD, NJ, NY, PA)"
"213631","United Lutheran Seminary","2023","Pennsylvania","Mid East (DE, DC, MD, NJ, NY, PA)"
"213659","Luzerne County Community College","2023","Pennsylvania","Mid East (DE, DC, MD, NJ, NY, PA)"
"213668","Lycoming College","2023","Pennsylvania","Mid East (DE, DC, MD, NJ, NY, PA)"
"213774","Manor College","2023","Pennsylvania","Mid East (DE, DC, MD, NJ, NY, PA)"
"213826","Marywood University","2023","Pennsylvania","Mid East (DE, DC, MD, NJ, NY, PA)"
"213914","Vet Tech Institute","2023","Pennsylvania","Mid East (DE, DC, MD, NJ, NY, PA)"
"213932","Roxborough Memorial Hospital School of Nursing","2023","Pennsylvania","Mid East (DE, DC, MD, NJ, NY, PA)"
"213987","Mercyhurst University","2023","Pennsylvania","Mid East (DE, DC, MD, NJ, NY, PA)"
"213996","Messiah University","2023","Pennsylvania","Mid East (DE, DC, MD, NJ, NY, PA)"
"214023","ASPIRA City College","2023","Pennsylvania","Mid East (DE, DC, MD, NJ, NY, PA)"
"214041","Millersville University of Pennsylvania","2023","Pennsylvania","Mid East (DE, DC, MD, NJ, NY, PA)"
"214069","Misericordia University","2023","Pennsylvania","Mid East (DE, DC, MD, NJ, NY, PA)"
"214111","Montgomery County Community College","2023","Pennsylvania","Mid East (DE, DC, MD, NJ, NY, PA)"
"214148","Moore College of Art and Design","2023","Pennsylvania","Mid East (DE, DC, MD, NJ, NY, PA)"
"214157","Moravian University","2023","Pennsylvania","Mid East (DE, DC, MD, NJ, NY, PA)"
"214166","Mount Aloysius College","2023","Pennsylvania","Mid East (DE, DC, MD, NJ, NY, PA)"
"214175","Muhlenberg College","2023","Pennsylvania","Mid East (DE, DC, MD, NJ, NY, PA)"
"214272","Neumann University","2023","Pennsylvania","Mid East (DE, DC, MD, NJ, NY, PA)"
"214290","New Castle School of Trades","2023","Pennsylvania","Mid East (DE, DC, MD, NJ, NY, PA)"
"214379","Northampton County Area Community College","2023","Pennsylvania","Mid East (DE, DC, MD, NJ, NY, PA)"
"214476","Heritage Valley Health System School of Nursing","2023","Pennsylvania","Mid East (DE, DC, MD, NJ, NY, PA)"
"214528","Orleans Technical College","2023","Pennsylvania","Mid East (DE, DC, MD, NJ, NY, PA)"
"214564","Salus University","2023","Pennsylvania","Mid East (DE, DC, MD, NJ, NY, PA)"
"214582","Pennsylvania Institute of Technology","2023","Pennsylvania","Mid East (DE, DC, MD, NJ, NY, PA)"
"214661","Pennsylvania State System of Higher Education-Central Office","2023","Pennsylvania","Mid East (DE, DC, MD, NJ, NY, PA)"
"214883","Peirce College","2023","Pennsylvania","Mid East (DE, DC, MD, NJ, NY, PA)"
"214892","Penn Commercial Business/Technical School","2023","Pennsylvania","Mid East (DE, DC, MD, NJ, NY, PA)"
"214944","Pennco Tech-Bristol","2023","Pennsylvania","Mid East (DE, DC, MD, NJ, NY, PA)"
"214971","Pennsylvania Academy of the Fine Arts","2023","Pennsylvania","Mid East (DE, DC, MD, NJ, NY, PA)"
"215008","Pennsylvania Gunsmith School","2023","Pennsylvania","Mid East (DE, DC, MD, NJ, NY, PA)"
"215044","Cortiva Institute","2023","Pennsylvania","Mid East (DE, DC, MD, NJ, NY, PA)"
"215053","Pennsylvania College of Art and Design","2023","Pennsylvania","Mid East (DE, DC, MD, NJ, NY, PA)"
"215062","University of Pennsylvania","2023","Pennsylvania","Mid East (DE, DC, MD, NJ, NY, PA)"
"215105","University of the Arts","2023","Pennsylvania","Mid East (DE, DC, MD, NJ, NY, PA)"
"215114","Cairn University-Langhorne","2023","Pennsylvania","Mid East (DE, DC, MD, NJ, NY, PA)"
"215123","Philadelphia College of Osteopathic Medicine","2023","Pennsylvania","Mid East (DE, DC, MD, NJ, NY, PA)"
"215239","Community College of Philadelphia","2023","Pennsylvania","Mid East (DE, DC, MD, NJ, NY, PA)"
"215266","University of Pittsburgh-Bradford","2023","Pennsylvania","Mid East (DE, DC, MD, NJ, NY, PA)"
"215275","University of Pittsburgh-Greensburg","2023","Pennsylvania","Mid East (DE, DC, MD, NJ, NY, PA)"
"215284","University of Pittsburgh-Johnstown","2023","Pennsylvania","Mid East (DE, DC, MD, NJ, NY, PA)"
"215293","University of Pittsburgh-Pittsburgh Campus","2023","Pennsylvania","Mid East (DE, DC, MD, NJ, NY, PA)"
"215309","University of Pittsburgh-Titusville","2023","Pennsylvania","Mid East (DE, DC, MD, NJ, NY, PA)"
"215336","Beaver Falls Beauty Academy","2023","Pennsylvania","Mid East (DE, DC, MD, NJ, NY, PA)"
"215381","Pittsburgh Institute of Aeronautics","2023","Pennsylvania","Mid East (DE, DC, MD, NJ, NY, PA)"
"215390","Pittsburgh Institute of Mortuary Science Inc","2023","Pennsylvania","Mid East (DE, DC, MD, NJ, NY, PA)"
"215415","Pittsburgh Technical College","2023","Pennsylvania","Mid East (DE, DC, MD, NJ, NY, PA)"
"215424","Pittsburgh Theological Seminary","2023","Pennsylvania","Mid East (DE, DC, MD, NJ, NY, PA)"
"215442","Point Park University","2023","Pennsylvania","Mid East (DE, DC, MD, NJ, NY, PA)"
"215479","Joseph F McCloskey School of Nursing","2023","Pennsylvania","Mid East (DE, DC, MD, NJ, NY, PA)"
"215530","The Salon Professional Academy-Altoona","2023","Pennsylvania","Mid East (DE, DC, MD, NJ, NY, PA)"
"215585","Reading Area Community College","2023","Pennsylvania","Mid East (DE, DC, MD, NJ, NY, PA)"
"215594","Reading Hospital School of Health Sciences","2023","Pennsylvania","Mid East (DE, DC, MD, NJ, NY, PA)"
"215619","Reconstructionist Rabbinical College","2023","Pennsylvania","Mid East (DE, DC, MD, NJ, NY, PA)"
"215637","Walnut Hill College","2023","Pennsylvania","Mid East (DE, DC, MD, NJ, NY, PA)"
"215655","Robert Morris University","2023","Pennsylvania","Mid East (DE, DC, MD, NJ, NY, PA)"
"215682","Rosedale Technical College","2023","Pennsylvania","Mid East (DE, DC, MD, NJ, NY, PA)"
"215691","Rosemont College","2023","Pennsylvania","Mid East (DE, DC, MD, NJ, NY, PA)"
"215743","Saint Francis University","2023","Pennsylvania","Mid East (DE, DC, MD, NJ, NY, PA)"
"215770","Saint Joseph's University","2023","Pennsylvania","Mid East (DE, DC, MD, NJ, NY, PA)"
"215798","Saint Vincent College","2023","Pennsylvania","Mid East (DE, DC, MD, NJ, NY, PA)"
"215813","Saint Vincent Seminary","2023","Pennsylvania","Mid East (DE, DC, MD, NJ, NY, PA)"
"215886","Schuylkill Technology Center","2023","Pennsylvania","Mid East (DE, DC, MD, NJ, NY, PA)"
"215929","University of Scranton","2023","Pennsylvania","Mid East (DE, DC, MD, NJ, NY, PA)"
"215947","Seton Hill University","2023","Pennsylvania","Mid East (DE, DC, MD, NJ, NY, PA)"
"215974","UPMC Shadyside School of Nursing","2023","Pennsylvania","Mid East (DE, DC, MD, NJ, NY, PA)"
"215983","Sharon Regional School of Nursing","2023","Pennsylvania","Mid East (DE, DC, MD, NJ, NY, PA)"
"215992","Laurel Technical Institute","2023","Pennsylvania","Mid East (DE, DC, MD, NJ, NY, PA)"
"216010","Shippensburg University of Pennsylvania","2023","Pennsylvania","Mid East (DE, DC, MD, NJ, NY, PA)"
"216038","Slippery Rock University of Pennsylvania","2023","Pennsylvania","Mid East (DE, DC, MD, NJ, NY, PA)"
"216047","Saint Charles Borromeo Seminary-Overbrook","2023","Pennsylvania","Mid East (DE, DC, MD, NJ, NY, PA)"
"216074","South Hills Beauty Academy","2023","Pennsylvania","Mid East (DE, DC, MD, NJ, NY, PA)"
"216083","South Hills School of Business & Technology","2023","Pennsylvania","Mid East (DE, DC, MD, NJ, NY, PA)"
"216162","St Lukes Hospital School of Nursing","2023","Pennsylvania","Mid East (DE, DC, MD, NJ, NY, PA)"
"216223","The Beauty Institute","2023","Pennsylvania","Mid East (DE, DC, MD, NJ, NY, PA)"
"216278","Susquehanna University","2023","Pennsylvania","Mid East (DE, DC, MD, NJ, NY, PA)"
"216287","Swarthmore College","2023","Pennsylvania","Mid East (DE, DC, MD, NJ, NY, PA)"
"216296","Thaddeus Stevens College of Technology","2023","Pennsylvania","Mid East (DE, DC, MD, NJ, NY, PA)"
"216311","Talmudical Yeshiva of Philadelphia","2023","Pennsylvania","Mid East (DE, DC, MD, NJ, NY, PA)"
"216339","Temple University","2023","Pennsylvania","Mid East (DE, DC, MD, NJ, NY, PA)"
"216348","Theological Seminary of the Reformed Episcopal Church","2023","Pennsylvania","Mid East (DE, DC, MD, NJ, NY, PA)"
"216357","Thiel College","2023","Pennsylvania","Mid East (DE, DC, MD, NJ, NY, PA)"
"216366","Thomas Jefferson University","2023","Pennsylvania","Mid East (DE, DC, MD, NJ, NY, PA)"
"216436","Triangle Tech Inc-Pittsburgh","2023","Pennsylvania","Mid East (DE, DC, MD, NJ, NY, PA)"
"216445","Triangle Tech Inc-Greensburg","2023","Pennsylvania","Mid East (DE, DC, MD, NJ, NY, PA)"
"216454","Triangle Tech Inc-Dubois","2023","Pennsylvania","Mid East (DE, DC, MD, NJ, NY, PA)"
"216463","Trinity Episcopal School for Ministry","2023","Pennsylvania","Mid East (DE, DC, MD, NJ, NY, PA)"
"216524","Ursinus College","2023","Pennsylvania","Mid East (DE, DC, MD, NJ, NY, PA)"
"216542","University of Valley Forge","2023","Pennsylvania","Mid East (DE, DC, MD, NJ, NY, PA)"
"216551","Valley Forge Military College","2023","Pennsylvania","Mid East (DE, DC, MD, NJ, NY, PA)"
"216579","Venus Beauty Academy","2023","Pennsylvania","Mid East (DE, DC, MD, NJ, NY, PA)"
"216597","Villanova University","2023","Pennsylvania","Mid East (DE, DC, MD, NJ, NY, PA)"
"216630","Washington Health System School of Nursing","2023","Pennsylvania","Mid East (DE, DC, MD, NJ, NY, PA)"
"216667","Washington & Jefferson College","2023","Pennsylvania","Mid East (DE, DC, MD, NJ, NY, PA)"
"216694","Waynesburg University","2023","Pennsylvania","Mid East (DE, DC, MD, NJ, NY, PA)"
"216746","Welder Training and Testing Institute","2023","Pennsylvania","Mid East (DE, DC, MD, NJ, NY, PA)"
"216764","West Chester University of Pennsylvania","2023","Pennsylvania","Mid East (DE, DC, MD, NJ, NY, PA)"
"216773","Western Pennsylvania Hospital School of Nursing","2023","Pennsylvania","Mid East (DE, DC, MD, NJ, NY, PA)"
"216807","Westminster College","2023","Pennsylvania","Mid East (DE, DC, MD, NJ, NY, PA)"
"216816","Westminster Theological Seminary","2023","Pennsylvania","Mid East (DE, DC, MD, NJ, NY, PA)"
"216825","Westmoreland County Community College","2023","Pennsylvania","Mid East (DE, DC, MD, NJ, NY, PA)"
"216852","Widener University","2023","Pennsylvania","Mid East (DE, DC, MD, NJ, NY, PA)"
"216931","Wilkes University","2023","Pennsylvania","Mid East (DE, DC, MD, NJ, NY, PA)"
"216940","Williamson College of the Trades","2023","Pennsylvania","Mid East (DE, DC, MD, NJ, NY, PA)"
"217013","Wilson College","2023","Pennsylvania","Mid East (DE, DC, MD, NJ, NY, PA)"
"217040","Yeshivath Beth Moshe","2023","Pennsylvania","Mid East (DE, DC, MD, NJ, NY, PA)"
"217059","York College of Pennsylvania","2023","Pennsylvania","Mid East (DE, DC, MD, NJ, NY, PA)"
"217077","YTI Career Institute-York","2023","Pennsylvania","Mid East (DE, DC, MD, NJ, NY, PA)"
"217156","Brown University","2023","Rhode Island","New England (CT, ME, MA, NH, RI, VT)"
"217165","Bryant University","2023","Rhode Island","New England (CT, ME, MA, NH, RI, VT)"
"217235","Johnson & Wales University-Providence","2023","Rhode Island","New England (CT, ME, MA, NH, RI, VT)"
"217305","New England Institute of Technology","2023","Rhode Island","New England (CT, ME, MA, NH, RI, VT)"
"217323","New England Tractor Trailer Training School of Rhode Island","2023","Rhode Island","New England (CT, ME, MA, NH, RI, VT)"
"217402","Providence College","2023","Rhode Island","New England (CT, ME, MA, NH, RI, VT)"
"217420","Rhode Island College","2023","Rhode Island","New England (CT, ME, MA, NH, RI, VT)"
"217475","Community College of Rhode Island","2023","Rhode Island","New England (CT, ME, MA, NH, RI, VT)"
"217484","University of Rhode Island","2023","Rhode Island","New England (CT, ME, MA, NH, RI, VT)"
"217493","Rhode Island School of Design","2023","Rhode Island","New England (CT, ME, MA, NH, RI, VT)"
"217518","Roger Williams University","2023","Rhode Island","New England (CT, ME, MA, NH, RI, VT)"
"217536","Salve Regina University","2023","Rhode Island","New England (CT, ME, MA, NH, RI, VT)"
"217581","Empire Beauty School-Warwick","2023","Rhode Island","New England (CT, ME, MA, NH, RI, VT)"
"217606","Northpoint Bible College","2023","Massachusetts","New England (CT, ME, MA, NH, RI, VT)"
"217615","Aiken Technical College","2023","South Carolina","Southeast (AL, AR, FL, GA, KY, LA, MS, NC, SC, TN, VA, WV)"
"217624","Allen University","2023","South Carolina","Southeast (AL, AR, FL, GA, KY, LA, MS, NC, SC, TN, VA, WV)"
"217633","Anderson University","2023","South Carolina","Southeast (AL, AR, FL, GA, KY, LA, MS, NC, SC, TN, VA, WV)"
"217688","Charleston Southern University","2023","South Carolina","Southeast (AL, AR, FL, GA, KY, LA, MS, NC, SC, TN, VA, WV)"
"217712","Technical College of the Lowcountry","2023","South Carolina","Southeast (AL, AR, FL, GA, KY, LA, MS, NC, SC, TN, VA, WV)"
"217721","Benedict College","2023","South Carolina","Southeast (AL, AR, FL, GA, KY, LA, MS, NC, SC, TN, VA, WV)"
"217749","Bob Jones University","2023","South Carolina","Southeast (AL, AR, FL, GA, KY, LA, MS, NC, SC, TN, VA, WV)"
"217776","Southern Wesleyan University","2023","South Carolina","Southeast (AL, AR, FL, GA, KY, LA, MS, NC, SC, TN, VA, WV)"
"217794","Charleston Cosmetology Institute","2023","South Carolina","Southeast (AL, AR, FL, GA, KY, LA, MS, NC, SC, TN, VA, WV)"
"217819","College of Charleston","2023","South Carolina","Southeast (AL, AR, FL, GA, KY, LA, MS, NC, SC, TN, VA, WV)"
"217828","Charzanne Beauty College","2023","South Carolina","Southeast (AL, AR, FL, GA, KY, LA, MS, NC, SC, TN, VA, WV)"
"217837","Northeastern Technical College","2023","South Carolina","Southeast (AL, AR, FL, GA, KY, LA, MS, NC, SC, TN, VA, WV)"
"217864","Citadel Military College of South Carolina","2023","South Carolina","Southeast (AL, AR, FL, GA, KY, LA, MS, NC, SC, TN, VA, WV)"
"217873","Claflin University","2023","South Carolina","Southeast (AL, AR, FL, GA, KY, LA, MS, NC, SC, TN, VA, WV)"
"217882","Clemson University","2023","South Carolina","Southeast (AL, AR, FL, GA, KY, LA, MS, NC, SC, TN, VA, WV)"
"217891","Clinton College","2023","South Carolina","Southeast (AL, AR, FL, GA, KY, LA, MS, NC, SC, TN, VA, WV)"
"217907","Coker University","2023","South Carolina","Southeast (AL, AR, FL, GA, KY, LA, MS, NC, SC, TN, VA, WV)"
"217925","Columbia International University","2023","South Carolina","Southeast (AL, AR, FL, GA, KY, LA, MS, NC, SC, TN, VA, WV)"
"217934","Columbia College","2023","South Carolina","Southeast (AL, AR, FL, GA, KY, LA, MS, NC, SC, TN, VA, WV)"
"217961","Converse University","2023","South Carolina","Southeast (AL, AR, FL, GA, KY, LA, MS, NC, SC, TN, VA, WV)"
"217989","Denmark Technical College","2023","South Carolina","Southeast (AL, AR, FL, GA, KY, LA, MS, NC, SC, TN, VA, WV)"
"217998","Erskine College","2023","South Carolina","Southeast (AL, AR, FL, GA, KY, LA, MS, NC, SC, TN, VA, WV)"
"218025","Florence-Darlington Technical College","2023","South Carolina","Southeast (AL, AR, FL, GA, KY, LA, MS, NC, SC, TN, VA, WV)"
"218061","Francis Marion University","2023","South Carolina","Southeast (AL, AR, FL, GA, KY, LA, MS, NC, SC, TN, VA, WV)"
"218070","Furman University","2023","South Carolina","Southeast (AL, AR, FL, GA, KY, LA, MS, NC, SC, TN, VA, WV)"
"218113","Greenville Technical College","2023","South Carolina","Southeast (AL, AR, FL, GA, KY, LA, MS, NC, SC, TN, VA, WV)"
"218140","Horry-Georgetown Technical College","2023","South Carolina","Southeast (AL, AR, FL, GA, KY, LA, MS, NC, SC, TN, VA, WV)"
"218159","Kenneth Shuler School of Cosmetology-North Augusta","2023","South Carolina","Southeast (AL, AR, FL, GA, KY, LA, MS, NC, SC, TN, VA, WV)"
"218195","Kenneth Shuler School of Cosmetology and Nails-Columbia","2023","South Carolina","Southeast (AL, AR, FL, GA, KY, LA, MS, NC, SC, TN, VA, WV)"
"218229","Lander University","2023","South Carolina","Southeast (AL, AR, FL, GA, KY, LA, MS, NC, SC, TN, VA, WV)"
"218238","Limestone University","2023","South Carolina","Southeast (AL, AR, FL, GA, KY, LA, MS, NC, SC, TN, VA, WV)"
"218335","Medical University of South Carolina","2023","South Carolina","Southeast (AL, AR, FL, GA, KY, LA, MS, NC, SC, TN, VA, WV)"
"218353","Midlands Technical College","2023","South Carolina","Southeast (AL, AR, FL, GA, KY, LA, MS, NC, SC, TN, VA, WV)"
"218399","Morris College","2023","South Carolina","Southeast (AL, AR, FL, GA, KY, LA, MS, NC, SC, TN, VA, WV)"
"218414","Newberry College","2023","South Carolina","Southeast (AL, AR, FL, GA, KY, LA, MS, NC, SC, TN, VA, WV)"
"218441","North Greenville University","2023","South Carolina","Southeast (AL, AR, FL, GA, KY, LA, MS, NC, SC, TN, VA, WV)"
"218487","Orangeburg Calhoun Technical College","2023","South Carolina","Southeast (AL, AR, FL, GA, KY, LA, MS, NC, SC, TN, VA, WV)"
"218520","Piedmont Technical College","2023","South Carolina","Southeast (AL, AR, FL, GA, KY, LA, MS, NC, SC, TN, VA, WV)"
"218539","Presbyterian College","2023","South Carolina","Southeast (AL, AR, FL, GA, KY, LA, MS, NC, SC, TN, VA, WV)"
"218645","University of South Carolina Aiken","2023","South Carolina","Southeast (AL, AR, FL, GA, KY, LA, MS, NC, SC, TN, VA, WV)"
"218654","University of South Carolina Beaufort","2023","South Carolina","Southeast (AL, AR, FL, GA, KY, LA, MS, NC, SC, TN, VA, WV)"
"218663","University of South Carolina-Columbia","2023","South Carolina","Southeast (AL, AR, FL, GA, KY, LA, MS, NC, SC, TN, VA, WV)"
"218672","University of South Carolina-Lancaster","2023","South Carolina","Southeast (AL, AR, FL, GA, KY, LA, MS, NC, SC, TN, VA, WV)"
"218681","University of South Carolina-Salkehatchie","2023","South Carolina","Southeast (AL, AR, FL, GA, KY, LA, MS, NC, SC, TN, VA, WV)"
"218690","University of South Carolina-Sumter","2023","South Carolina","Southeast (AL, AR, FL, GA, KY, LA, MS, NC, SC, TN, VA, WV)"
"218706","University of South Carolina-Union","2023","South Carolina","Southeast (AL, AR, FL, GA, KY, LA, MS, NC, SC, TN, VA, WV)"
"218724","Coastal Carolina University","2023","South Carolina","Southeast (AL, AR, FL, GA, KY, LA, MS, NC, SC, TN, VA, WV)"
"218733","South Carolina State University","2023","South Carolina","Southeast (AL, AR, FL, GA, KY, LA, MS, NC, SC, TN, VA, WV)"
"218742","University of South Carolina-Upstate","2023","South Carolina","Southeast (AL, AR, FL, GA, KY, LA, MS, NC, SC, TN, VA, WV)"
"218751","Sherman College of Chiropractic","2023","South Carolina","Southeast (AL, AR, FL, GA, KY, LA, MS, NC, SC, TN, VA, WV)"
"218821","Spartanburg Methodist College","2023","South Carolina","Southeast (AL, AR, FL, GA, KY, LA, MS, NC, SC, TN, VA, WV)"
"218830","Spartanburg Community College","2023","South Carolina","Southeast (AL, AR, FL, GA, KY, LA, MS, NC, SC, TN, VA, WV)"
"218858","Central Carolina Technical College","2023","South Carolina","Southeast (AL, AR, FL, GA, KY, LA, MS, NC, SC, TN, VA, WV)"
"218885","Tri-County Technical College","2023","South Carolina","Southeast (AL, AR, FL, GA, KY, LA, MS, NC, SC, TN, VA, WV)"
"218894","Trident Technical College","2023","South Carolina","Southeast (AL, AR, FL, GA, KY, LA, MS, NC, SC, TN, VA, WV)"
"218919","Voorhees University","2023","South Carolina","Southeast (AL, AR, FL, GA, KY, LA, MS, NC, SC, TN, VA, WV)"
"218955","Williamsburg Technical College","2023","South Carolina","Southeast (AL, AR, FL, GA, KY, LA, MS, NC, SC, TN, VA, WV)"
"218964","Winthrop University","2023","South Carolina","Southeast (AL, AR, FL, GA, KY, LA, MS, NC, SC, TN, VA, WV)"
"218973","Wofford College","2023","South Carolina","Southeast (AL, AR, FL, GA, KY, LA, MS, NC, SC, TN, VA, WV)"
"218991","York Technical College","2023","South Carolina","Southeast (AL, AR, FL, GA, KY, LA, MS, NC, SC, TN, VA, WV)"
"219000","Augustana University","2023","South Dakota","Plains (IA, KS, MN, MO, NE, ND, SD)"
"219037","The Salon Professional Academy","2023","South Dakota","Plains (IA, KS, MN, MO, NE, ND, SD)"
"219046","Black Hills State University","2023","South Dakota","Plains (IA, KS, MN, MO, NE, ND, SD)"
"219082","Dakota State University","2023","South Dakota","Plains (IA, KS, MN, MO, NE, ND, SD)"
"219091","Dakota Wesleyan University","2023","South Dakota","Plains (IA, KS, MN, MO, NE, ND, SD)"
"219125","Paul Mitchell the School-Rapid City","2023","South Dakota","Plains (IA, KS, MN, MO, NE, ND, SD)"
"219143","Lake Area Technical College","2023","South Dakota","Plains (IA, KS, MN, MO, NE, ND, SD)"
"219170","Avera McKennan Hospital School of Radiologic Technology","2023","South Dakota","Plains (IA, KS, MN, MO, NE, ND, SD)"
"219189","Mitchell Technical College","2023","South Dakota","Plains (IA, KS, MN, MO, NE, ND, SD)"
"219198","Mount Marty University","2023","South Dakota","Plains (IA, KS, MN, MO, NE, ND, SD)"
"219204","National American University-Rapid City","2023","South Dakota","Plains (IA, KS, MN, MO, NE, ND, SD)"
"219240","Kairos University","2023","South Dakota","Plains (IA, KS, MN, MO, NE, ND, SD)"
"219259","Northern State University","2023","South Dakota","Plains (IA, KS, MN, MO, NE, ND, SD)"
"219277","Oglala Lakota College","2023","South Dakota","Plains (IA, KS, MN, MO, NE, ND, SD)"
"219295","Presentation College","2023","South Dakota","Plains (IA, KS, MN, MO, NE, ND, SD)"
"219338","Avera Sacred Heart Hospital","2023","South Dakota","Plains (IA, KS, MN, MO, NE, ND, SD)"
"219347","South Dakota School of Mines and Technology","2023","South Dakota","Plains (IA, KS, MN, MO, NE, ND, SD)"
"219356","South Dakota State University","2023","South Dakota","Plains (IA, KS, MN, MO, NE, ND, SD)"
"219374","Sinte Gleska University","2023","South Dakota","Plains (IA, KS, MN, MO, NE, ND, SD)"
"219383","University of Sioux Falls","2023","South Dakota","Plains (IA, KS, MN, MO, NE, ND, SD)"
"219392","Sanford Medical Center","2023","South Dakota","Plains (IA, KS, MN, MO, NE, ND, SD)"
"219408","Sisseton Wahpeton College","2023","South Dakota","Plains (IA, KS, MN, MO, NE, ND, SD)"
"219426","Southeast Technical College","2023","South Dakota","Plains (IA, KS, MN, MO, NE, ND, SD)"
"219453","Stewart School","2023","South Dakota","Plains (IA, KS, MN, MO, NE, ND, SD)"
"219471","University of South Dakota","2023","South Dakota","Plains (IA, KS, MN, MO, NE, ND, SD)"
"219480","Western Dakota Technical College","2023","South Dakota","Plains (IA, KS, MN, MO, NE, ND, SD)"
"219505","American Baptist College","2023","Tennessee","Southeast (AL, AR, FL, GA, KY, LA, MS, NC, SC, TN, VA, WV)"
"219587","Arnolds Beauty School","2023","Tennessee","Southeast (AL, AR, FL, GA, KY, LA, MS, NC, SC, TN, VA, WV)"
"219596","Tennessee College of Applied Technology-Athens","2023","Tennessee","Southeast (AL, AR, FL, GA, KY, LA, MS, NC, SC, TN, VA, WV)"
"219602","Austin Peay State University","2023","Tennessee","Southeast (AL, AR, FL, GA, KY, LA, MS, NC, SC, TN, VA, WV)"
"219639","Baptist Health Sciences University","2023","Tennessee","Southeast (AL, AR, FL, GA, KY, LA, MS, NC, SC, TN, VA, WV)"
"219709","Belmont University","2023","Tennessee","Southeast (AL, AR, FL, GA, KY, LA, MS, NC, SC, TN, VA, WV)"
"219718","Bethel University","2023","Tennessee","Southeast (AL, AR, FL, GA, KY, LA, MS, NC, SC, TN, VA, WV)"
"219790","Bryan College-Dayton","2023","Tennessee","Southeast (AL, AR, FL, GA, KY, LA, MS, NC, SC, TN, VA, WV)"
"219806","Carson-Newman University","2023","Tennessee","Southeast (AL, AR, FL, GA, KY, LA, MS, NC, SC, TN, VA, WV)"
"219824","Chattanooga State Community College","2023","Tennessee","Southeast (AL, AR, FL, GA, KY, LA, MS, NC, SC, TN, VA, WV)"
"219833","Christian Brothers University","2023","Tennessee","Southeast (AL, AR, FL, GA, KY, LA, MS, NC, SC, TN, VA, WV)"
"219842","Pentecostal Theological Seminary","2023","Tennessee","Southeast (AL, AR, FL, GA, KY, LA, MS, NC, SC, TN, VA, WV)"
"219851","Austin's Beauty College Inc","2023","Tennessee","Southeast (AL, AR, FL, GA, KY, LA, MS, NC, SC, TN, VA, WV)"
"219879","Cleveland State Community College","2023","Tennessee","Southeast (AL, AR, FL, GA, KY, LA, MS, NC, SC, TN, VA, WV)"
"219888","Columbia State Community College","2023","Tennessee","Southeast (AL, AR, FL, GA, KY, LA, MS, NC, SC, TN, VA, WV)"
"219903","Concorde Career College-Memphis","2023","Tennessee","Southeast (AL, AR, FL, GA, KY, LA, MS, NC, SC, TN, VA, WV)"
"219921","Tennessee College of Applied Technology-Covington","2023","Tennessee","Southeast (AL, AR, FL, GA, KY, LA, MS, NC, SC, TN, VA, WV)"
"219949","Cumberland University","2023","Tennessee","Southeast (AL, AR, FL, GA, KY, LA, MS, NC, SC, TN, VA, WV)"
"219976","Lipscomb University","2023","Tennessee","Southeast (AL, AR, FL, GA, KY, LA, MS, NC, SC, TN, VA, WV)"
"219994","Tennessee College of Applied Technology-Dickson","2023","Tennessee","Southeast (AL, AR, FL, GA, KY, LA, MS, NC, SC, TN, VA, WV)"
"220002","Hussian College-Daymar College Nashville","2023","Tennessee","Southeast (AL, AR, FL, GA, KY, LA, MS, NC, SC, TN, VA, WV)"
"220057","Dyersburg State Community College","2023","Tennessee","Southeast (AL, AR, FL, GA, KY, LA, MS, NC, SC, TN, VA, WV)"
"220075","East Tennessee State University","2023","Tennessee","Southeast (AL, AR, FL, GA, KY, LA, MS, NC, SC, TN, VA, WV)"
"220118","Chattanooga College Medical Dental and & Technical Careers","2023","Tennessee","Southeast (AL, AR, FL, GA, KY, LA, MS, NC, SC, TN, VA, WV)"
"220127","Tennessee College of Applied Technology-Elizabethton","2023","Tennessee","Southeast (AL, AR, FL, GA, KY, LA, MS, NC, SC, TN, VA, WV)"
"220163","The Hair Academy LLC","2023","Tennessee","Southeast (AL, AR, FL, GA, KY, LA, MS, NC, SC, TN, VA, WV)"
"220181","Fisk University","2023","Tennessee","Southeast (AL, AR, FL, GA, KY, LA, MS, NC, SC, TN, VA, WV)"
"220206","Welch College","2023","Tennessee","Southeast (AL, AR, FL, GA, KY, LA, MS, NC, SC, TN, VA, WV)"
"220215","Freed-Hardeman University","2023","Tennessee","Southeast (AL, AR, FL, GA, KY, LA, MS, NC, SC, TN, VA, WV)"
"220251","Tennessee College of Applied Technology-Harriman","2023","Tennessee","Southeast (AL, AR, FL, GA, KY, LA, MS, NC, SC, TN, VA, WV)"
"220279","Tennessee College of Applied Technology-Hartsville","2023","Tennessee","Southeast (AL, AR, FL, GA, KY, LA, MS, NC, SC, TN, VA, WV)"
"220321","Tennessee College of Applied Technology-Hohenwald","2023","Tennessee","Southeast (AL, AR, FL, GA, KY, LA, MS, NC, SC, TN, VA, WV)"
"220394","Tennessee College of Applied Technology-Jacksboro","2023","Tennessee","Southeast (AL, AR, FL, GA, KY, LA, MS, NC, SC, TN, VA, WV)"
"220400","Jackson State Community College","2023","Tennessee","Southeast (AL, AR, FL, GA, KY, LA, MS, NC, SC, TN, VA, WV)"
"220464","John A Gupton College","2023","Tennessee","Southeast (AL, AR, FL, GA, KY, LA, MS, NC, SC, TN, VA, WV)"
"220473","Johnson University","2023","Tennessee","Southeast (AL, AR, FL, GA, KY, LA, MS, NC, SC, TN, VA, WV)"
"220491","Paul Mitchell the School-Murfreesboro","2023","Tennessee","Southeast (AL, AR, FL, GA, KY, LA, MS, NC, SC, TN, VA, WV)"
"220516","King University","2023","Tennessee","Southeast (AL, AR, FL, GA, KY, LA, MS, NC, SC, TN, VA, WV)"
"220552","South College","2023","Tennessee","Southeast (AL, AR, FL, GA, KY, LA, MS, NC, SC, TN, VA, WV)"
"220598","Lane College","2023","Tennessee","Southeast (AL, AR, FL, GA, KY, LA, MS, NC, SC, TN, VA, WV)"
"220604","Le Moyne-Owen College","2023","Tennessee","Southeast (AL, AR, FL, GA, KY, LA, MS, NC, SC, TN, VA, WV)"
"220613","Lee University","2023","Tennessee","Southeast (AL, AR, FL, GA, KY, LA, MS, NC, SC, TN, VA, WV)"
"220631","Lincoln Memorial University","2023","Tennessee","Southeast (AL, AR, FL, GA, KY, LA, MS, NC, SC, TN, VA, WV)"
"220640","Tennessee College of Applied Technology-Livingston","2023","Tennessee","Southeast (AL, AR, FL, GA, KY, LA, MS, NC, SC, TN, VA, WV)"
"220701","The University of Tennessee Southern","2023","Tennessee","Southeast (AL, AR, FL, GA, KY, LA, MS, NC, SC, TN, VA, WV)"
"220710","Maryville College","2023","Tennessee","Southeast (AL, AR, FL, GA, KY, LA, MS, NC, SC, TN, VA, WV)"
"220756","Tennessee College of Applied Technology-McKenzie","2023","Tennessee","Southeast (AL, AR, FL, GA, KY, LA, MS, NC, SC, TN, VA, WV)"
"220765","Genesis Career College-Cookeville","2023","Tennessee","Southeast (AL, AR, FL, GA, KY, LA, MS, NC, SC, TN, VA, WV)"
"220792","Meharry Medical College","2023","Tennessee","Southeast (AL, AR, FL, GA, KY, LA, MS, NC, SC, TN, VA, WV)"
"220853","Tennessee College of Applied Technology-Memphis","2023","Tennessee","Southeast (AL, AR, FL, GA, KY, LA, MS, NC, SC, TN, VA, WV)"
"220862","University of Memphis","2023","Tennessee","Southeast (AL, AR, FL, GA, KY, LA, MS, NC, SC, TN, VA, WV)"
"220871","Memphis Theological Seminary","2023","Tennessee","Southeast (AL, AR, FL, GA, KY, LA, MS, NC, SC, TN, VA, WV)"
"220978","Middle Tennessee State University","2023","Tennessee","Southeast (AL, AR, FL, GA, KY, LA, MS, NC, SC, TN, VA, WV)"
"220996","Middle Tennessee School of Anesthesia Inc","2023","Tennessee","Southeast (AL, AR, FL, GA, KY, LA, MS, NC, SC, TN, VA, WV)"
"221050","Tennessee College of Applied Technology-Morristown","2023","Tennessee","Southeast (AL, AR, FL, GA, KY, LA, MS, NC, SC, TN, VA, WV)"
"221096","Motlow State Community College","2023","Tennessee","Southeast (AL, AR, FL, GA, KY, LA, MS, NC, SC, TN, VA, WV)"
"221102","Tennessee College of Applied Technology-Murfreesboro","2023","Tennessee","Southeast (AL, AR, FL, GA, KY, LA, MS, NC, SC, TN, VA, WV)"
"221148","Lincoln College of Technology-Nashville","2023","Tennessee","Southeast (AL, AR, FL, GA, KY, LA, MS, NC, SC, TN, VA, WV)"
"221184","Nashville State Community College","2023","Tennessee","Southeast (AL, AR, FL, GA, KY, LA, MS, NC, SC, TN, VA, WV)"
"221236","Tennessee College of Applied Technology Northwest","2023","Tennessee","Southeast (AL, AR, FL, GA, KY, LA, MS, NC, SC, TN, VA, WV)"
"221281","Tennessee College of Applied Technology-Henry/Carroll","2023","Tennessee","Southeast (AL, AR, FL, GA, KY, LA, MS, NC, SC, TN, VA, WV)"
"221333","Tennessee College of Applied Technology-Pulaski","2023","Tennessee","Southeast (AL, AR, FL, GA, KY, LA, MS, NC, SC, TN, VA, WV)"
"221351","Rhodes College","2023","Tennessee","Southeast (AL, AR, FL, GA, KY, LA, MS, NC, SC, TN, VA, WV)"
"221388","Tennessee College of Applied Technology-Ripley","2023","Tennessee","Southeast (AL, AR, FL, GA, KY, LA, MS, NC, SC, TN, VA, WV)"
"221397","Roane State Community College","2023","Tennessee","Southeast (AL, AR, FL, GA, KY, LA, MS, NC, SC, TN, VA, WV)"
"221430","Tennessee College of Applied Technology-Crump","2023","Tennessee","Southeast (AL, AR, FL, GA, KY, LA, MS, NC, SC, TN, VA, WV)"
"221485","Southwest Tennessee Community College","2023","Tennessee","Southeast (AL, AR, FL, GA, KY, LA, MS, NC, SC, TN, VA, WV)"
"221494","Tennessee College of Applied Technology-Shelbyville","2023","Tennessee","Southeast (AL, AR, FL, GA, KY, LA, MS, NC, SC, TN, VA, WV)"
"221519","The University of the South","2023","Tennessee","Southeast (AL, AR, FL, GA, KY, LA, MS, NC, SC, TN, VA, WV)"
"221582","Tennessee College of Applied Technology-Oneida-Huntsville","2023","Tennessee","Southeast (AL, AR, FL, GA, KY, LA, MS, NC, SC, TN, VA, WV)"
"221591","Tennessee College of Applied Technology-Crossville","2023","Tennessee","Southeast (AL, AR, FL, GA, KY, LA, MS, NC, SC, TN, VA, WV)"
"221607","Tennessee College of Applied Technology-McMinnville","2023","Tennessee","Southeast (AL, AR, FL, GA, KY, LA, MS, NC, SC, TN, VA, WV)"
"221616","Tennessee College of Applied Technology-Jackson","2023","Tennessee","Southeast (AL, AR, FL, GA, KY, LA, MS, NC, SC, TN, VA, WV)"
"221625","Tennessee College of Applied Technology-Knoxville","2023","Tennessee","Southeast (AL, AR, FL, GA, KY, LA, MS, NC, SC, TN, VA, WV)"
"221643","Pellissippi State Community College","2023","Tennessee","Southeast (AL, AR, FL, GA, KY, LA, MS, NC, SC, TN, VA, WV)"
"221661","Southern Adventist University","2023","Tennessee","Southeast (AL, AR, FL, GA, KY, LA, MS, NC, SC, TN, VA, WV)"
"221670","Southern College of Optometry","2023","Tennessee","Southeast (AL, AR, FL, GA, KY, LA, MS, NC, SC, TN, VA, WV)"
"221731","Tennessee Wesleyan University","2023","Tennessee","Southeast (AL, AR, FL, GA, KY, LA, MS, NC, SC, TN, VA, WV)"
"221740","The University of Tennessee-Chattanooga","2023","Tennessee","Southeast (AL, AR, FL, GA, KY, LA, MS, NC, SC, TN, VA, WV)"
"221759","The University of Tennessee-Knoxville","2023","Tennessee","Southeast (AL, AR, FL, GA, KY, LA, MS, NC, SC, TN, VA, WV)"
"221768","The University of Tennessee-Martin","2023","Tennessee","Southeast (AL, AR, FL, GA, KY, LA, MS, NC, SC, TN, VA, WV)"
"221829","Tennessee School of Beauty of Knoxville Inc","2023","Tennessee","Southeast (AL, AR, FL, GA, KY, LA, MS, NC, SC, TN, VA, WV)"
"221838","Tennessee State University","2023","Tennessee","Southeast (AL, AR, FL, GA, KY, LA, MS, NC, SC, TN, VA, WV)"
"221847","Tennessee Technological University","2023","Tennessee","Southeast (AL, AR, FL, GA, KY, LA, MS, NC, SC, TN, VA, WV)"
"221892","Trevecca Nazarene University","2023","Tennessee","Southeast (AL, AR, FL, GA, KY, LA, MS, NC, SC, TN, VA, WV)"
"221908","Northeast State Community College","2023","Tennessee","Southeast (AL, AR, FL, GA, KY, LA, MS, NC, SC, TN, VA, WV)"
"221953","Tusculum University","2023","Tennessee","Southeast (AL, AR, FL, GA, KY, LA, MS, NC, SC, TN, VA, WV)"
"221971","Union University","2023","Tennessee","Southeast (AL, AR, FL, GA, KY, LA, MS, NC, SC, TN, VA, WV)"
"221999","Vanderbilt University","2023","Tennessee","Southeast (AL, AR, FL, GA, KY, LA, MS, NC, SC, TN, VA, WV)"
"222053","Volunteer State Community College","2023","Tennessee","Southeast (AL, AR, FL, GA, KY, LA, MS, NC, SC, TN, VA, WV)"
"222062","Walters State Community College","2023","Tennessee","Southeast (AL, AR, FL, GA, KY, LA, MS, NC, SC, TN, VA, WV)"
"222105","William R Moore College of Technology","2023","Tennessee","Southeast (AL, AR, FL, GA, KY, LA, MS, NC, SC, TN, VA, WV)"
"222178","Abilene Christian University","2023","Texas","Southwest (AZ, NM, OK, TX)"
"222497","Alamo Community College District Central Office","2023","Texas","Southwest (AZ, NM, OK, TX)"
"222567","Alvin Community College","2023","Texas","Southwest (AZ, NM, OK, TX)"
"222576","Amarillo College","2023","Texas","Southwest (AZ, NM, OK, TX)"
"222628","Amberton University","2023","Texas","Southwest (AZ, NM, OK, TX)"
"222822","Angelina College","2023","Texas","Southwest (AZ, NM, OK, TX)"
"222831","Angelo State University","2023","Texas","Southwest (AZ, NM, OK, TX)"
"222877","Arlington Baptist University","2023","Texas","Southwest (AZ, NM, OK, TX)"
"222886","Arlington Career Institute","2023","Texas","Southwest (AZ, NM, OK, TX)"
"222938","The Art Institute of Houston","2023","Texas","Southwest (AZ, NM, OK, TX)"
"222983","Austin College","2023","Texas","Southwest (AZ, NM, OK, TX)"
"222992","Austin Community College District","2023","Texas","Southwest (AZ, NM, OK, TX)"
"223001","Austin Presbyterian Theological Seminary","2023","Texas","Southwest (AZ, NM, OK, TX)"
"223056","Baldwin Beauty School-South Austin","2023","Texas","Southwest (AZ, NM, OK, TX)"
"223083","Baptist Health System School of Health Professions","2023","Texas","Southwest (AZ, NM, OK, TX)"
"223117","Baptist Missionary Association Theological Seminary","2023","Texas","Southwest (AZ, NM, OK, TX)"
"223223","Baylor College of Medicine","2023","Texas","Southwest (AZ, NM, OK, TX)"
"223232","Baylor University","2023","Texas","Southwest (AZ, NM, OK, TX)"
"223320","Coastal Bend College","2023","Texas","Southwest (AZ, NM, OK, TX)"
"223427","Blinn College District","2023","Texas","Southwest (AZ, NM, OK, TX)"
"223463","Remington College-Dallas Campus","2023","Texas","Southwest (AZ, NM, OK, TX)"
"223472","Vet Tech Institute of Houston","2023","Texas","Southwest (AZ, NM, OK, TX)"
"223506","Brazosport College","2023","Texas","Southwest (AZ, NM, OK, TX)"
"223816","Central Texas College","2023","Texas","Southwest (AZ, NM, OK, TX)"
"223852","Charles and Sues School of Hair Design","2023","Texas","Southwest (AZ, NM, OK, TX)"
"223898","Cisco College","2023","Texas","Southwest (AZ, NM, OK, TX)"
"223922","Clarendon College","2023","Texas","Southwest (AZ, NM, OK, TX)"
"224004","Concordia University Texas","2023","Texas","Southwest (AZ, NM, OK, TX)"
"224013","BK Cosmo College of Cosmetology","2023","Texas","Southwest (AZ, NM, OK, TX)"
"224110","North Central Texas College","2023","Texas","Southwest (AZ, NM, OK, TX)"
"224147","Texas A & M University-Corpus Christi","2023","Texas","Southwest (AZ, NM, OK, TX)"
"224156","Paul Mitchell the School-Dallas","2023","Texas","Southwest (AZ, NM, OK, TX)"
"224226","Dallas Baptist University","2023","Texas","Southwest (AZ, NM, OK, TX)"
"224244","Dallas Christian College","2023","Texas","Southwest (AZ, NM, OK, TX)"
"224271","Dallas Institute of Funeral Service","2023","Texas","Southwest (AZ, NM, OK, TX)"
"224305","Dallas Theological Seminary","2023","Texas","Southwest (AZ, NM, OK, TX)"
"224323","University of Dallas","2023","Texas","Southwest (AZ, NM, OK, TX)"
"224350","Del Mar College","2023","Texas","Southwest (AZ, NM, OK, TX)"
"224527","East Texas Baptist University","2023","Texas","Southwest (AZ, NM, OK, TX)"
"224545","Texas A&M University-Texarkana","2023","Texas","Southwest (AZ, NM, OK, TX)"
"224554","Texas A & M University-Commerce","2023","Texas","Southwest (AZ, NM, OK, TX)"
"224615","Dallas College","2023","Texas","Southwest (AZ, NM, OK, TX)"
"224642","El Paso Community College","2023","Texas","Southwest (AZ, NM, OK, TX)"
"224660","Western Technical College","2023","Texas","Southwest (AZ, NM, OK, TX)"
"224679","Western Technical College","2023","Texas","Southwest (AZ, NM, OK, TX)"
"224712","Episcopal Theological Seminary of the Southwest","2023","Texas","Southwest (AZ, NM, OK, TX)"
"224758","Exposito School of Hair Design","2023","Texas","Southwest (AZ, NM, OK, TX)"
"224776","Miami International University of Art & Design-Art Institute Dallas","2023","Texas","Southwest (AZ, NM, OK, TX)"
"224828","Fort Worth Beauty School","2023","Texas","Southwest (AZ, NM, OK, TX)"
"224891","Frank Phillips College","2023","Texas","Southwest (AZ, NM, OK, TX)"
"224961","Galveston College","2023","Texas","Southwest (AZ, NM, OK, TX)"
"225070","Grayson College","2023","Texas","Southwest (AZ, NM, OK, TX)"
"225201","Hallmark University","2023","Texas","Southwest (AZ, NM, OK, TX)"
"225247","Hardin-Simmons University","2023","Texas","Southwest (AZ, NM, OK, TX)"
"225308","Trinity Valley Community College","2023","Texas","Southwest (AZ, NM, OK, TX)"
"225371","Hill College","2023","Texas","Southwest (AZ, NM, OK, TX)"
"225399","Houston Christian University","2023","Texas","Southwest (AZ, NM, OK, TX)"
"225414","University of Houston-Clear Lake","2023","Texas","Southwest (AZ, NM, OK, TX)"
"225423","Houston Community College","2023","Texas","Southwest (AZ, NM, OK, TX)"
"225432","University of Houston-Downtown","2023","Texas","Southwest (AZ, NM, OK, TX)"
"225502","University of Houston-Victoria","2023","Texas","Southwest (AZ, NM, OK, TX)"
"225511","University of Houston","2023","Texas","Southwest (AZ, NM, OK, TX)"
"225520","Howard College","2023","Texas","Southwest (AZ, NM, OK, TX)"
"225548","Howard Payne University","2023","Texas","Southwest (AZ, NM, OK, TX)"
"225575","Huston-Tillotson University","2023","Texas","Southwest (AZ, NM, OK, TX)"
"225627","University of the Incarnate Word","2023","Texas","Southwest (AZ, NM, OK, TX)"
"225876","Jacksonville College-Main Campus","2023","Texas","Southwest (AZ, NM, OK, TX)"
"225885","Jarvis Christian University","2023","Texas","Southwest (AZ, NM, OK, TX)"
"225991","KD Conservatory College of Film and Dramatic Arts","2023","Texas","Southwest (AZ, NM, OK, TX)"
"226019","Kilgore College","2023","Texas","Southwest (AZ, NM, OK, TX)"
"226091","Lamar University","2023","Texas","Southwest (AZ, NM, OK, TX)"
"226107","Lamar State College-Orange","2023","Texas","Southwest (AZ, NM, OK, TX)"
"226116","Lamar State College-Port Arthur","2023","Texas","Southwest (AZ, NM, OK, TX)"
"226125","Laredo Beauty College Inc","2023","Texas","Southwest (AZ, NM, OK, TX)"
"226134","Laredo College","2023","Texas","Southwest (AZ, NM, OK, TX)"
"226152","Texas A & M International University","2023","Texas","Southwest (AZ, NM, OK, TX)"
"226204","Lee College","2023","Texas","Southwest (AZ, NM, OK, TX)"
"226231","LeTourneau University","2023","Texas","Southwest (AZ, NM, OK, TX)"
"226277","Lincoln College of Technology-Grand Prairie","2023","Texas","Southwest (AZ, NM, OK, TX)"
"226383","Lubbock Christian University","2023","Texas","Southwest (AZ, NM, OK, TX)"
"226408","College of the Mainland","2023","Texas","Southwest (AZ, NM, OK, TX)"
"226471","University of Mary Hardin-Baylor","2023","Texas","Southwest (AZ, NM, OK, TX)"
"226578","McLennan Community College","2023","Texas","Southwest (AZ, NM, OK, TX)"
"226587","McMurry University","2023","Texas","Southwest (AZ, NM, OK, TX)"
"226675","Covenant School of Nursing and Allied Health","2023","Texas","Southwest (AZ, NM, OK, TX)"
"226806","Midland College","2023","Texas","Southwest (AZ, NM, OK, TX)"
"226833","Midwestern State University","2023","Texas","Southwest (AZ, NM, OK, TX)"
"226860","William Edge Institute","2023","Texas","Southwest (AZ, NM, OK, TX)"
"226879","Wade College","2023","Texas","Southwest (AZ, NM, OK, TX)"
"226903","Southern Careers Institute-Austin","2023","Texas","Southwest (AZ, NM, OK, TX)"
"227058","Tint School of Makeup & Cosmetology","2023","Texas","Southwest (AZ, NM, OK, TX)"
"227146","Navarro College","2023","Texas","Southwest (AZ, NM, OK, TX)"
"227182","Lone Star College System","2023","Texas","Southwest (AZ, NM, OK, TX)"
"227216","University of North Texas","2023","Texas","Southwest (AZ, NM, OK, TX)"
"227225","Northeast Texas Community College","2023","Texas","Southwest (AZ, NM, OK, TX)"
"227289","Oblate School of Theology","2023","Texas","Southwest (AZ, NM, OK, TX)"
"227298","Ocean Corporation","2023","Texas","Southwest (AZ, NM, OK, TX)"
"227304","Odessa College","2023","Texas","Southwest (AZ, NM, OK, TX)"
"227313","Ogle School Hair Skin Nails-Arlington","2023","Texas","Southwest (AZ, NM, OK, TX)"
"227322","Ogle School Hair Skin Nails-Ft Worth","2023","Texas","Southwest (AZ, NM, OK, TX)"
"227331","Our Lady of the Lake University","2023","Texas","Southwest (AZ, NM, OK, TX)"
"227368","The University of Texas Rio Grande Valley","2023","Texas","Southwest (AZ, NM, OK, TX)"
"227377","Texas Southmost College","2023","Texas","Southwest (AZ, NM, OK, TX)"
"227386","Panola College","2023","Texas","Southwest (AZ, NM, OK, TX)"
"227401","Paris Junior College","2023","Texas","Southwest (AZ, NM, OK, TX)"
"227429","Paul Quinn College","2023","Texas","Southwest (AZ, NM, OK, TX)"
"227526","Prairie View A & M University","2023","Texas","Southwest (AZ, NM, OK, TX)"
"227687","Ranger College","2023","Texas","Southwest (AZ, NM, OK, TX)"
"227748","Aviation Institute of Maintenance-Houston","2023","Texas","Southwest (AZ, NM, OK, TX)"
"227757","Rice University","2023","Texas","Southwest (AZ, NM, OK, TX)"
"227845","Saint Edward's University","2023","Texas","Southwest (AZ, NM, OK, TX)"
"227854","St Philip's College","2023","Texas","Southwest (AZ, NM, OK, TX)"
"227863","University of St Thomas","2023","Texas","Southwest (AZ, NM, OK, TX)"
"227881","Sam Houston State University","2023","Texas","Southwest (AZ, NM, OK, TX)"
"227924","San Antonio College","2023","Texas","Southwest (AZ, NM, OK, TX)"
"227979","San Jacinto Community College","2023","Texas","Southwest (AZ, NM, OK, TX)"
"228042","Schreiner University","2023","Texas","Southwest (AZ, NM, OK, TX)"
"228088","Seguin Beauty School-Seguin","2023","Texas","Southwest (AZ, NM, OK, TX)"
"228149","St. Mary's University","2023","Texas","Southwest (AZ, NM, OK, TX)"
"228158","South Plains College","2023","Texas","Southwest (AZ, NM, OK, TX)"
"228185","South Texas Barber College Inc","2023","Texas","Southwest (AZ, NM, OK, TX)"
"228194","South Texas College of Law Houston","2023","Texas","Southwest (AZ, NM, OK, TX)"
"228200","South Texas Vocational Technical Institute-Weslaco","2023","Texas","Southwest (AZ, NM, OK, TX)"
"228219","Miller-Motte College-STVT-McAllen","2023","Texas","Southwest (AZ, NM, OK, TX)"
"228246","Southern Methodist University","2023","Texas","Southwest (AZ, NM, OK, TX)"
"228282","Southwest School of Business and Technical Careers-San Antonio","2023","Texas","Southwest (AZ, NM, OK, TX)"
"228316","Southwest Texas Junior College","2023","Texas","Southwest (AZ, NM, OK, TX)"
"228325","Southwestern Assemblies of God University","2023","Texas","Southwest (AZ, NM, OK, TX)"
"228343","Southwestern University","2023","Texas","Southwest (AZ, NM, OK, TX)"
"228431","Stephen F Austin State University","2023","Texas","Southwest (AZ, NM, OK, TX)"
"228459","Texas State University","2023","Texas","Southwest (AZ, NM, OK, TX)"
"228468","Southwestern Adventist University","2023","Texas","Southwest (AZ, NM, OK, TX)"
"228486","Southwestern Christian College","2023","Texas","Southwest (AZ, NM, OK, TX)"
"228501","Sul Ross State University","2023","Texas","Southwest (AZ, NM, OK, TX)"
"228529","Tarleton State University","2023","Texas","Southwest (AZ, NM, OK, TX)"
"228547","Tarrant County College District","2023","Texas","Southwest (AZ, NM, OK, TX)"
"228608","Temple College","2023","Texas","Southwest (AZ, NM, OK, TX)"
"228635","University of Texas Southwestern Medical Center","2023","Texas","Southwest (AZ, NM, OK, TX)"
"228644","The University of Texas Health Science Center at San Antonio","2023","Texas","Southwest (AZ, NM, OK, TX)"
"228653","The University of Texas Medical Branch at Galveston","2023","Texas","Southwest (AZ, NM, OK, TX)"
"228699","Texarkana College","2023","Texas","Southwest (AZ, NM, OK, TX)"
"228705","Texas A & M University-Kingsville","2023","Texas","Southwest (AZ, NM, OK, TX)"
"228723","Texas A & M University-College Station","2023","Texas","Southwest (AZ, NM, OK, TX)"
"228732","Texas A & M University-System Office","2023","Texas","Southwest (AZ, NM, OK, TX)"
"228769","The University of Texas at Arlington","2023","Texas","Southwest (AZ, NM, OK, TX)"
"228778","The University of Texas at Austin","2023","Texas","Southwest (AZ, NM, OK, TX)"
"228787","The University of Texas at Dallas","2023","Texas","Southwest (AZ, NM, OK, TX)"
"228796","The University of Texas at El Paso","2023","Texas","Southwest (AZ, NM, OK, TX)"
"228802","The University of Texas at Tyler","2023","Texas","Southwest (AZ, NM, OK, TX)"
"228866","Texas Chiropractic College Foundation Inc","2023","Texas","Southwest (AZ, NM, OK, TX)"
"228875","Texas Christian University","2023","Texas","Southwest (AZ, NM, OK, TX)"
"228884","Texas College","2023","Texas","Southwest (AZ, NM, OK, TX)"
"228909","University of North Texas Health Science Center","2023","Texas","Southwest (AZ, NM, OK, TX)"
"228981","Texas Lutheran University","2023","Texas","Southwest (AZ, NM, OK, TX)"
"229018","The University of Texas Permian Basin","2023","Texas","Southwest (AZ, NM, OK, TX)"
"229027","The University of Texas at San Antonio","2023","Texas","Southwest (AZ, NM, OK, TX)"
"229063","Texas Southern University","2023","Texas","Southwest (AZ, NM, OK, TX)"
"229090","The University of Texas System Office","2023","Texas","Southwest (AZ, NM, OK, TX)"
"229115","Texas Tech University","2023","Texas","Southwest (AZ, NM, OK, TX)"
"229160","Texas Wesleyan University","2023","Texas","Southwest (AZ, NM, OK, TX)"
"229179","Texas Woman's University","2023","Texas","Southwest (AZ, NM, OK, TX)"
"229267","Trinity University","2023","Texas","Southwest (AZ, NM, OK, TX)"
"229300","The University of Texas Health Science Center at Houston","2023","Texas","Southwest (AZ, NM, OK, TX)"
"229337","Texas Tech University Health Sciences Center","2023","Texas","Southwest (AZ, NM, OK, TX)"
"229355","Tyler Junior College","2023","Texas","Southwest (AZ, NM, OK, TX)"
"229407","University of Houston-System Administration","2023","Texas","Southwest (AZ, NM, OK, TX)"
"229416","Universal Technical Institute of Texas Inc.","2023","Texas","Southwest (AZ, NM, OK, TX)"
"229425","UCAS University of Cosmetology Arts & Sciences-McAllen","2023","Texas","Southwest (AZ, NM, OK, TX)"
"229504","Vernon College","2023","Texas","Southwest (AZ, NM, OK, TX)"
"229522","Victoria Beauty & Barber College","2023","Texas","Southwest (AZ, NM, OK, TX)"
"229540","Victoria College","2023","Texas","Southwest (AZ, NM, OK, TX)"
"229656","Vogue College of Cosmetology-McAllen","2023","Texas","Southwest (AZ, NM, OK, TX)"
"229780","Wayland Baptist University","2023","Texas","Southwest (AZ, NM, OK, TX)"
"229799","Weatherford College","2023","Texas","Southwest (AZ, NM, OK, TX)"
"229814","West Texas A & M University","2023","Texas","Southwest (AZ, NM, OK, TX)"
"229832","Western Texas College","2023","Texas","Southwest (AZ, NM, OK, TX)"
"229841","Wharton County Junior College","2023","Texas","Southwest (AZ, NM, OK, TX)"
"229887","Wiley University","2023","Texas","Southwest (AZ, NM, OK, TX)"
"230010","Bridgerland Technical College","2023","Utah","Rocky Mountains (CO, ID, MT, UT, WY)"
"230038","Brigham Young University","2023","Utah","Rocky Mountains (CO, ID, MT, UT, WY)"
"230047","Brigham Young University-Hawaii","2023","Hawaii","Far West (AK, CA, HI, NV, OR, WA)"
"230065","Cameo College of Essential Beauty","2023","Utah","Rocky Mountains (CO, ID, MT, UT, WY)"
"230144","Collectiv Academy","2023","Utah","Rocky Mountains (CO, ID, MT, UT, WY)"
"230162","Davis Technical College","2023","Utah","Rocky Mountains (CO, ID, MT, UT, WY)"
"230171","Utah Tech University","2023","Utah","Rocky Mountains (CO, ID, MT, UT, WY)"
"230199","Evans Hairstyling College-Cedar City","2023","Utah","Rocky Mountains (CO, ID, MT, UT, WY)"
"230205","Evans Hairstyling College-St George","2023","Utah","Rocky Mountains (CO, ID, MT, UT, WY)"
"230214","Paul Mitchell the School-Salt Lake City","2023","Utah","Rocky Mountains (CO, ID, MT, UT, WY)"
"230366","Eagle Gate College-Murray","2023","Utah","Rocky Mountains (CO, ID, MT, UT, WY)"
"230418","Ensign College","2023","Utah","Rocky Mountains (CO, ID, MT, UT, WY)"
"230490","Ogden-Weber Technical College","2023","Utah","Rocky Mountains (CO, ID, MT, UT, WY)"
"230597","Snow College","2023","Utah","Rocky Mountains (CO, ID, MT, UT, WY)"
"230603","Southern Utah University","2023","Utah","Rocky Mountains (CO, ID, MT, UT, WY)"
"230676","Uintah Basin Technical College","2023","Utah","Rocky Mountains (CO, ID, MT, UT, WY)"
"230728","Utah State University","2023","Utah","Rocky Mountains (CO, ID, MT, UT, WY)"
"230737","Utah Valley University","2023","Utah","Rocky Mountains (CO, ID, MT, UT, WY)"
"230746","Salt Lake Community College","2023","Utah","Rocky Mountains (CO, ID, MT, UT, WY)"
"230764","University of Utah","2023","Utah","Rocky Mountains (CO, ID, MT, UT, WY)"
"230782","Weber State University","2023","Utah","Rocky Mountains (CO, ID, MT, UT, WY)"
"230807","Westminster University","2023","Utah","Rocky Mountains (CO, ID, MT, UT, WY)"
"230816","Bennington College","2023","Vermont","New England (CT, ME, MA, NH, RI, VT)"
"230834","Castleton University","2023","Vermont","New England (CT, ME, MA, NH, RI, VT)"
"230852","Champlain College","2023","Vermont","New England (CT, ME, MA, NH, RI, VT)"
"230861","Community College of Vermont","2023","Vermont","New England (CT, ME, MA, NH, RI, VT)"
"230889","Goddard College","2023","Vermont","New England (CT, ME, MA, NH, RI, VT)"
"230913","Northern Vermont University","2023","Vermont","New England (CT, ME, MA, NH, RI, VT)"
"230959","Middlebury College","2023","Vermont","New England (CT, ME, MA, NH, RI, VT)"
"230995","Norwich University","2023","Vermont","New England (CT, ME, MA, NH, RI, VT)"
"231004","O'Briens Aveda Institute","2023","Vermont","New England (CT, ME, MA, NH, RI, VT)"
"231059","Saint Michael's College","2023","Vermont","New England (CT, ME, MA, NH, RI, VT)"
"231068","SIT Graduate Institute","2023","Vermont","New England (CT, ME, MA, NH, RI, VT)"
"231095","Sterling College","2023","Vermont","New England (CT, ME, MA, NH, RI, VT)"
"231147","Vermont Law and Graduate School","2023","Vermont","New England (CT, ME, MA, NH, RI, VT)"
"231156","Vermont State Colleges-Office of the Chancellor","2023","Vermont","New England (CT, ME, MA, NH, RI, VT)"
"231165","Vermont State University","2023","Vermont","New England (CT, ME, MA, NH, RI, VT)"
"231174","University of Vermont","2023","Vermont","New England (CT, ME, MA, NH, RI, VT)"
"231280","Paul Mitchell the School-Roanoke","2023","Virginia","Southeast (AL, AR, FL, GA, KY, LA, MS, NC, SC, TN, VA, WV)"
"231411","Advanced Technology Institute","2023","Virginia","Southeast (AL, AR, FL, GA, KY, LA, MS, NC, SC, TN, VA, WV)"
"231420","Averett University","2023","Virginia","Southeast (AL, AR, FL, GA, KY, LA, MS, NC, SC, TN, VA, WV)"
"231536","Blue Ridge Community College","2023","Virginia","Southeast (AL, AR, FL, GA, KY, LA, MS, NC, SC, TN, VA, WV)"
"231554","Bluefield University","2023","Virginia","Southeast (AL, AR, FL, GA, KY, LA, MS, NC, SC, TN, VA, WV)"
"231581","Bridgewater College","2023","Virginia","Southeast (AL, AR, FL, GA, KY, LA, MS, NC, SC, TN, VA, WV)"
"231624","William & Mary","2023","Virginia","Southeast (AL, AR, FL, GA, KY, LA, MS, NC, SC, TN, VA, WV)"
"231651","Regent University","2023","Virginia","Southeast (AL, AR, FL, GA, KY, LA, MS, NC, SC, TN, VA, WV)"
"231688","Central School of Practical Nursing","2023","Virginia","Southeast (AL, AR, FL, GA, KY, LA, MS, NC, SC, TN, VA, WV)"
"231697","Central Virginia Community College","2023","Virginia","Southeast (AL, AR, FL, GA, KY, LA, MS, NC, SC, TN, VA, WV)"
"231712","Christopher Newport University","2023","Virginia","Southeast (AL, AR, FL, GA, KY, LA, MS, NC, SC, TN, VA, WV)"
"231785","Bryant & Stratton College-Virginia Beach","2023","Virginia","Southeast (AL, AR, FL, GA, KY, LA, MS, NC, SC, TN, VA, WV)"
"231873","Mountain Gateway Community College","2023","Virginia","Southeast (AL, AR, FL, GA, KY, LA, MS, NC, SC, TN, VA, WV)"
"231882","Danville Community College","2023","Virginia","Southeast (AL, AR, FL, GA, KY, LA, MS, NC, SC, TN, VA, WV)"
"231970","Eastern Virginia Medical School","2023","Virginia","Southeast (AL, AR, FL, GA, KY, LA, MS, NC, SC, TN, VA, WV)"
"232016","Centura College-Virginia Beach","2023","Virginia","Southeast (AL, AR, FL, GA, KY, LA, MS, NC, SC, TN, VA, WV)"
"232025","Emory & Henry University","2023","Virginia","Southeast (AL, AR, FL, GA, KY, LA, MS, NC, SC, TN, VA, WV)"
"232043","Eastern Mennonite University","2023","Virginia","Southeast (AL, AR, FL, GA, KY, LA, MS, NC, SC, TN, VA, WV)"
"232052","Eastern Shore Community College","2023","Virginia","Southeast (AL, AR, FL, GA, KY, LA, MS, NC, SC, TN, VA, WV)"
"232089","Ferrum College","2023","Virginia","Southeast (AL, AR, FL, GA, KY, LA, MS, NC, SC, TN, VA, WV)"
"232186","George Mason University","2023","Virginia","Southeast (AL, AR, FL, GA, KY, LA, MS, NC, SC, TN, VA, WV)"
"232195","Germanna Community College","2023","Virginia","Southeast (AL, AR, FL, GA, KY, LA, MS, NC, SC, TN, VA, WV)"
"232256","Hampden-Sydney College","2023","Virginia","Southeast (AL, AR, FL, GA, KY, LA, MS, NC, SC, TN, VA, WV)"
"232265","Hampton University","2023","Virginia","Southeast (AL, AR, FL, GA, KY, LA, MS, NC, SC, TN, VA, WV)"
"232308","Hollins University","2023","Virginia","Southeast (AL, AR, FL, GA, KY, LA, MS, NC, SC, TN, VA, WV)"
"232414","J Sargeant Reynolds Community College","2023","Virginia","Southeast (AL, AR, FL, GA, KY, LA, MS, NC, SC, TN, VA, WV)"
"232423","James Madison University","2023","Virginia","Southeast (AL, AR, FL, GA, KY, LA, MS, NC, SC, TN, VA, WV)"
"232450","Brightpoint Community College","2023","Virginia","Southeast (AL, AR, FL, GA, KY, LA, MS, NC, SC, TN, VA, WV)"
"232557","Liberty University","2023","Virginia","Southeast (AL, AR, FL, GA, KY, LA, MS, NC, SC, TN, VA, WV)"
"232566","Longwood University","2023","Virginia","Southeast (AL, AR, FL, GA, KY, LA, MS, NC, SC, TN, VA, WV)"
"232575","Laurel Ridge Community College","2023","Virginia","Southeast (AL, AR, FL, GA, KY, LA, MS, NC, SC, TN, VA, WV)"
"232609","University of Lynchburg","2023","Virginia","Southeast (AL, AR, FL, GA, KY, LA, MS, NC, SC, TN, VA, WV)"
"232618","Centra College","2023","Virginia","Southeast (AL, AR, FL, GA, KY, LA, MS, NC, SC, TN, VA, WV)"
"232672","Mary Baldwin University","2023","Virginia","Southeast (AL, AR, FL, GA, KY, LA, MS, NC, SC, TN, VA, WV)"
"232681","University of Mary Washington","2023","Virginia","Southeast (AL, AR, FL, GA, KY, LA, MS, NC, SC, TN, VA, WV)"
"232706","Marymount University","2023","Virginia","Southeast (AL, AR, FL, GA, KY, LA, MS, NC, SC, TN, VA, WV)"
"232724","Sovah School of Health Professions","2023","Virginia","Southeast (AL, AR, FL, GA, KY, LA, MS, NC, SC, TN, VA, WV)"
"232788","Mountain Empire Community College","2023","Virginia","Southeast (AL, AR, FL, GA, KY, LA, MS, NC, SC, TN, VA, WV)"
"232797","American National University","2023","Virginia","Southeast (AL, AR, FL, GA, KY, LA, MS, NC, SC, TN, VA, WV)"
"232867","New River Community College","2023","Virginia","Southeast (AL, AR, FL, GA, KY, LA, MS, NC, SC, TN, VA, WV)"
"232885","Sentara College of Health Sciences","2023","Virginia","Southeast (AL, AR, FL, GA, KY, LA, MS, NC, SC, TN, VA, WV)"
"232919","Tidewater Tech-Trades","2023","Virginia","Southeast (AL, AR, FL, GA, KY, LA, MS, NC, SC, TN, VA, WV)"
"232937","Norfolk State University","2023","Virginia","Southeast (AL, AR, FL, GA, KY, LA, MS, NC, SC, TN, VA, WV)"
"232946","Northern Virginia Community College","2023","Virginia","Southeast (AL, AR, FL, GA, KY, LA, MS, NC, SC, TN, VA, WV)"
"232982","Old Dominion University","2023","Virginia","Southeast (AL, AR, FL, GA, KY, LA, MS, NC, SC, TN, VA, WV)"
"233019","Patrick & Henry Community College","2023","Virginia","Southeast (AL, AR, FL, GA, KY, LA, MS, NC, SC, TN, VA, WV)"
"233037","Paul D Camp Community College","2023","Virginia","Southeast (AL, AR, FL, GA, KY, LA, MS, NC, SC, TN, VA, WV)"
"233082","Southside College of Health Sciences","2023","Virginia","Southeast (AL, AR, FL, GA, KY, LA, MS, NC, SC, TN, VA, WV)"
"233116","Piedmont Virginia Community College","2023","Virginia","Southeast (AL, AR, FL, GA, KY, LA, MS, NC, SC, TN, VA, WV)"
"233277","Radford University","2023","Virginia","Southeast (AL, AR, FL, GA, KY, LA, MS, NC, SC, TN, VA, WV)"
"233286","Sylvain Melloul International Hair Academy","2023","Virginia","Southeast (AL, AR, FL, GA, KY, LA, MS, NC, SC, TN, VA, WV)"
"233295","Randolph-Macon College","2023","Virginia","Southeast (AL, AR, FL, GA, KY, LA, MS, NC, SC, TN, VA, WV)"
"233301","Randolph College","2023","Virginia","Southeast (AL, AR, FL, GA, KY, LA, MS, NC, SC, TN, VA, WV)"
"233310","Rappahannock Community College","2023","Virginia","Southeast (AL, AR, FL, GA, KY, LA, MS, NC, SC, TN, VA, WV)"
"233329","Fortis College-Norfolk","2023","Virginia","Southeast (AL, AR, FL, GA, KY, LA, MS, NC, SC, TN, VA, WV)"
"233338","Richard Bland College","2023","Virginia","Southeast (AL, AR, FL, GA, KY, LA, MS, NC, SC, TN, VA, WV)"
"233356","Bon Secours Memorial College of Nursing","2023","Virginia","Southeast (AL, AR, FL, GA, KY, LA, MS, NC, SC, TN, VA, WV)"
"233374","University of Richmond","2023","Virginia","Southeast (AL, AR, FL, GA, KY, LA, MS, NC, SC, TN, VA, WV)"
"233408","Riverside College of Health Careers","2023","Virginia","Southeast (AL, AR, FL, GA, KY, LA, MS, NC, SC, TN, VA, WV)"
"233426","Roanoke College","2023","Virginia","Southeast (AL, AR, FL, GA, KY, LA, MS, NC, SC, TN, VA, WV)"
"233480","Bon Secours St Mary's Hospital School of Medical Imaging","2023","Virginia","Southeast (AL, AR, FL, GA, KY, LA, MS, NC, SC, TN, VA, WV)"
"233541","Shenandoah University","2023","Virginia","Southeast (AL, AR, FL, GA, KY, LA, MS, NC, SC, TN, VA, WV)"
"233602","Southeastern Free Will Baptist Bible College","2023","North Carolina","Southeast (AL, AR, FL, GA, KY, LA, MS, NC, SC, TN, VA, WV)"
"233611","Southern Virginia University","2023","Virginia","Southeast (AL, AR, FL, GA, KY, LA, MS, NC, SC, TN, VA, WV)"
"233639","Southside Virginia Community College","2023","Virginia","Southeast (AL, AR, FL, GA, KY, LA, MS, NC, SC, TN, VA, WV)"
"233648","Southwest Virginia Community College","2023","Virginia","Southeast (AL, AR, FL, GA, KY, LA, MS, NC, SC, TN, VA, WV)"
"233666","Staunton School of Cosmetology","2023","Virginia","Southeast (AL, AR, FL, GA, KY, LA, MS, NC, SC, TN, VA, WV)"
"233684","Strayer University-Virginia","2023","Virginia","Southeast (AL, AR, FL, GA, KY, LA, MS, NC, SC, TN, VA, WV)"
"233718","Sweet Briar College","2023","Virginia","Southeast (AL, AR, FL, GA, KY, LA, MS, NC, SC, TN, VA, WV)"
"233754","Virginia Peninsula Community College","2023","Virginia","Southeast (AL, AR, FL, GA, KY, LA, MS, NC, SC, TN, VA, WV)"
"233772","Tidewater Community College","2023","Virginia","Southeast (AL, AR, FL, GA, KY, LA, MS, NC, SC, TN, VA, WV)"
"233842","Union Presbyterian Seminary","2023","Virginia","Southeast (AL, AR, FL, GA, KY, LA, MS, NC, SC, TN, VA, WV)"
"233897","University of Virginia's College at Wise","2023","Virginia","Southeast (AL, AR, FL, GA, KY, LA, MS, NC, SC, TN, VA, WV)"
"233903","Virginia Highlands Community College","2023","Virginia","Southeast (AL, AR, FL, GA, KY, LA, MS, NC, SC, TN, VA, WV)"
"233921","Virginia Polytechnic Institute and State University","2023","Virginia","Southeast (AL, AR, FL, GA, KY, LA, MS, NC, SC, TN, VA, WV)"
"233949","Virginia Western Community College","2023","Virginia","Southeast (AL, AR, FL, GA, KY, LA, MS, NC, SC, TN, VA, WV)"
"234030","Virginia Commonwealth University","2023","Virginia","Southeast (AL, AR, FL, GA, KY, LA, MS, NC, SC, TN, VA, WV)"
"234076","University of Virginia-Main Campus","2023","Virginia","Southeast (AL, AR, FL, GA, KY, LA, MS, NC, SC, TN, VA, WV)"
"234085","Virginia Military Institute","2023","Virginia","Southeast (AL, AR, FL, GA, KY, LA, MS, NC, SC, TN, VA, WV)"
"234119","Asher Institute of Hampton","2023","Virginia","Southeast (AL, AR, FL, GA, KY, LA, MS, NC, SC, TN, VA, WV)"
"234137","Virginia University of Lynchburg","2023","Virginia","Southeast (AL, AR, FL, GA, KY, LA, MS, NC, SC, TN, VA, WV)"
"234155","Virginia State University","2023","Virginia","Southeast (AL, AR, FL, GA, KY, LA, MS, NC, SC, TN, VA, WV)"
"234164","Virginia Union University","2023","Virginia","Southeast (AL, AR, FL, GA, KY, LA, MS, NC, SC, TN, VA, WV)"
"234173","Virginia Wesleyan University","2023","Virginia","Southeast (AL, AR, FL, GA, KY, LA, MS, NC, SC, TN, VA, WV)"
"234207","Washington and Lee University","2023","Virginia","Southeast (AL, AR, FL, GA, KY, LA, MS, NC, SC, TN, VA, WV)"
"234377","Wytheville Community College","2023","Virginia","Southeast (AL, AR, FL, GA, KY, LA, MS, NC, SC, TN, VA, WV)"
"234669","Bellevue College","2023","Washington","Far West (AK, CA, HI, NV, OR, WA)"
"234696","Bellingham Technical College","2023","Washington","Far West (AK, CA, HI, NV, OR, WA)"
"234711","Big Bend Community College","2023","Washington","Far West (AK, CA, HI, NV, OR, WA)"
"234827","Central Washington University","2023","Washington","Far West (AK, CA, HI, NV, OR, WA)"
"234845","Centralia College","2023","Washington","Far West (AK, CA, HI, NV, OR, WA)"
"234915","City University of Seattle","2023","Washington","Far West (AK, CA, HI, NV, OR, WA)"
"234924","Paul Mitchell the School-Richland","2023","Washington","Far West (AK, CA, HI, NV, OR, WA)"
"234933","Clark College","2023","Washington","Far West (AK, CA, HI, NV, OR, WA)"
"234951","Clover Park Technical College","2023","Washington","Far West (AK, CA, HI, NV, OR, WA)"
"234979","Columbia Basin College","2023","Washington","Far West (AK, CA, HI, NV, OR, WA)"
"235024","Cornish College of the Arts","2023","Washington","Far West (AK, CA, HI, NV, OR, WA)"
"235088","Divers Institute of Technology","2023","Washington","Far West (AK, CA, HI, NV, OR, WA)"
"235097","Eastern Washington University","2023","Washington","Far West (AK, CA, HI, NV, OR, WA)"
"235103","Edmonds College","2023","Washington","Far West (AK, CA, HI, NV, OR, WA)"
"235149","Everett Community College","2023","Washington","Far West (AK, CA, HI, NV, OR, WA)"
"235167","The Evergreen State College","2023","Washington","Far West (AK, CA, HI, NV, OR, WA)"
"235237","Pierce College District","2023","Washington","Far West (AK, CA, HI, NV, OR, WA)"
"235307","Glen Dow Academy of Hair Design","2023","Washington","Far West (AK, CA, HI, NV, OR, WA)"
"235316","Gonzaga University","2023","Washington","Far West (AK, CA, HI, NV, OR, WA)"
"235334","Grays Harbor College","2023","Washington","Far West (AK, CA, HI, NV, OR, WA)"
"235343","Green River College","2023","Washington","Far West (AK, CA, HI, NV, OR, WA)"
"235352","Toni & Guy Hairdressing Academy-Shoreline","2023","Washington","Far West (AK, CA, HI, NV, OR, WA)"
"235422","Heritage University","2023","Washington","Far West (AK, CA, HI, NV, OR, WA)"
"235431","Highline College","2023","Washington","Far West (AK, CA, HI, NV, OR, WA)"
"235501","International Air and Hospitality Academy","2023","Washington","Far West (AK, CA, HI, NV, OR, WA)"
"235547","Bastyr University","2023","Washington","Far West (AK, CA, HI, NV, OR, WA)"
"235583","Highlights Beauty Schools","2023","Washington","Far West (AK, CA, HI, NV, OR, WA)"
"235671","Bates Technical College","2023","Washington","Far West (AK, CA, HI, NV, OR, WA)"
"235699","Lake Washington Institute of Technology","2023","Washington","Far West (AK, CA, HI, NV, OR, WA)"
"235750","Lower Columbia College","2023","Washington","Far West (AK, CA, HI, NV, OR, WA)"
"236018","BJ's Beauty & Barber College","2023","Washington","Far West (AK, CA, HI, NV, OR, WA)"
"236072","North Seattle College","2023","Washington","Far West (AK, CA, HI, NV, OR, WA)"
"236133","Northwest University","2023","Washington","Far West (AK, CA, HI, NV, OR, WA)"
"236188","Olympic College","2023","Washington","Far West (AK, CA, HI, NV, OR, WA)"
"236212","Perry Technical Institute","2023","Washington","Far West (AK, CA, HI, NV, OR, WA)"
"236230","Pacific Lutheran University","2023","Washington","Far West (AK, CA, HI, NV, OR, WA)"
"236258","Peninsula College","2023","Washington","Far West (AK, CA, HI, NV, OR, WA)"
"236328","University of Puget Sound","2023","Washington","Far West (AK, CA, HI, NV, OR, WA)"
"236382","Renton Technical College","2023","Washington","Far West (AK, CA, HI, NV, OR, WA)"
"236452","Saint Martin's University","2023","Washington","Far West (AK, CA, HI, NV, OR, WA)"
"236504","South Seattle College","2023","Washington","Far West (AK, CA, HI, NV, OR, WA)"
"236513","Seattle Central College","2023","Washington","Far West (AK, CA, HI, NV, OR, WA)"
"236577","Seattle Pacific University","2023","Washington","Far West (AK, CA, HI, NV, OR, WA)"
"236595","Seattle University","2023","Washington","Far West (AK, CA, HI, NV, OR, WA)"
"236610","Shoreline Community College","2023","Washington","Far West (AK, CA, HI, NV, OR, WA)"
"236638","Skagit Valley College","2023","Washington","Far West (AK, CA, HI, NV, OR, WA)"
"236656","South Puget Sound Community College","2023","Washington","Far West (AK, CA, HI, NV, OR, WA)"
"236692","Spokane Community College","2023","Washington","Far West (AK, CA, HI, NV, OR, WA)"
"236708","Spokane Falls Community College","2023","Washington","Far West (AK, CA, HI, NV, OR, WA)"
"236744","Stylemaster College of Hair Design","2023","Washington","Far West (AK, CA, HI, NV, OR, WA)"
"236753","Tacoma Community College","2023","Washington","Far West (AK, CA, HI, NV, OR, WA)"
"236887","Walla Walla Community College","2023","Washington","Far West (AK, CA, HI, NV, OR, WA)"
"236896","Walla Walla University","2023","Washington","Far West (AK, CA, HI, NV, OR, WA)"
"236939","Washington State University","2023","Washington","Far West (AK, CA, HI, NV, OR, WA)"
"236948","University of Washington-Seattle Campus","2023","Washington","Far West (AK, CA, HI, NV, OR, WA)"
"236975","Wenatchee Valley College","2023","Washington","Far West (AK, CA, HI, NV, OR, WA)"
"237011","Western Washington University","2023","Washington","Far West (AK, CA, HI, NV, OR, WA)"
"237039","Whatcom Community College","2023","Washington","Far West (AK, CA, HI, NV, OR, WA)"
"237057","Whitman College","2023","Washington","Far West (AK, CA, HI, NV, OR, WA)"
"237066","Whitworth University","2023","Washington","Far West (AK, CA, HI, NV, OR, WA)"
"237109","Yakima Valley College","2023","Washington","Far West (AK, CA, HI, NV, OR, WA)"
"237118","Alderson Broaddus University","2023","West Virginia","Southeast (AL, AR, FL, GA, KY, LA, MS, NC, SC, TN, VA, WV)"
"237127","Appalachian Beauty School","2023","Kentucky","Southeast (AL, AR, FL, GA, KY, LA, MS, NC, SC, TN, VA, WV)"
"237136","Appalachian Bible College","2023","West Virginia","Southeast (AL, AR, FL, GA, KY, LA, MS, NC, SC, TN, VA, WV)"
"237145","B M Spurr School of Practical Nursing","2023","West Virginia","Southeast (AL, AR, FL, GA, KY, LA, MS, NC, SC, TN, VA, WV)"
"237172","Ben Franklin Career Center","2023","West Virginia","Southeast (AL, AR, FL, GA, KY, LA, MS, NC, SC, TN, VA, WV)"
"237181","Bethany College","2023","West Virginia","Southeast (AL, AR, FL, GA, KY, LA, MS, NC, SC, TN, VA, WV)"
"237215","Bluefield State University","2023","West Virginia","Southeast (AL, AR, FL, GA, KY, LA, MS, NC, SC, TN, VA, WV)"
"237242","Cabell County Career Technology Center","2023","West Virginia","Southeast (AL, AR, FL, GA, KY, LA, MS, NC, SC, TN, VA, WV)"
"237303","Charleston School of Beauty Culture","2023","West Virginia","Southeast (AL, AR, FL, GA, KY, LA, MS, NC, SC, TN, VA, WV)"
"237312","University of Charleston","2023","West Virginia","Southeast (AL, AR, FL, GA, KY, LA, MS, NC, SC, TN, VA, WV)"
"237321","Clarksburg Beauty Academy and School of Massage Therapy","2023","West Virginia","Southeast (AL, AR, FL, GA, KY, LA, MS, NC, SC, TN, VA, WV)"
"237330","Concord University","2023","West Virginia","Southeast (AL, AR, FL, GA, KY, LA, MS, NC, SC, TN, VA, WV)"
"237358","Davis & Elkins College","2023","West Virginia","Southeast (AL, AR, FL, GA, KY, LA, MS, NC, SC, TN, VA, WV)"
"237367","Fairmont State University","2023","West Virginia","Southeast (AL, AR, FL, GA, KY, LA, MS, NC, SC, TN, VA, WV)"
"237385","Glenville State University","2023","West Virginia","Southeast (AL, AR, FL, GA, KY, LA, MS, NC, SC, TN, VA, WV)"
"237437","Huntington Junior College","2023","West Virginia","Southeast (AL, AR, FL, GA, KY, LA, MS, NC, SC, TN, VA, WV)"
"237473","James Rumsey Technical Institute","2023","West Virginia","Southeast (AL, AR, FL, GA, KY, LA, MS, NC, SC, TN, VA, WV)"
"237491","Ralph R Willis Career and Technical Center","2023","West Virginia","Southeast (AL, AR, FL, GA, KY, LA, MS, NC, SC, TN, VA, WV)"
"237525","Marshall University","2023","West Virginia","Southeast (AL, AR, FL, GA, KY, LA, MS, NC, SC, TN, VA, WV)"
"237543","Mercer County Technical Education Center","2023","West Virginia","Southeast (AL, AR, FL, GA, KY, LA, MS, NC, SC, TN, VA, WV)"
"237561","Monongalia County Technical Education Center","2023","West Virginia","Southeast (AL, AR, FL, GA, KY, LA, MS, NC, SC, TN, VA, WV)"
"237570","Morgantown Beauty College Inc","2023","West Virginia","Southeast (AL, AR, FL, GA, KY, LA, MS, NC, SC, TN, VA, WV)"
"237598","Mountain State College","2023","West Virginia","Southeast (AL, AR, FL, GA, KY, LA, MS, NC, SC, TN, VA, WV)"
"237686","West Virginia University at Parkersburg","2023","West Virginia","Southeast (AL, AR, FL, GA, KY, LA, MS, NC, SC, TN, VA, WV)"
"237701","Potomac State College of West Virginia University","2023","West Virginia","Southeast (AL, AR, FL, GA, KY, LA, MS, NC, SC, TN, VA, WV)"
"237729","Academy of Careers and Technology","2023","West Virginia","Southeast (AL, AR, FL, GA, KY, LA, MS, NC, SC, TN, VA, WV)"
"237783","Salem University","2023","West Virginia","Southeast (AL, AR, FL, GA, KY, LA, MS, NC, SC, TN, VA, WV)"
"237792","Shepherd University","2023","West Virginia","Southeast (AL, AR, FL, GA, KY, LA, MS, NC, SC, TN, VA, WV)"
"237817","Southern West Virginia Community and Technical College","2023","West Virginia","Southeast (AL, AR, FL, GA, KY, LA, MS, NC, SC, TN, VA, WV)"
"237844","Fred W Eberle Technical Center","2023","West Virginia","Southeast (AL, AR, FL, GA, KY, LA, MS, NC, SC, TN, VA, WV)"
"237880","West Virginia School of Osteopathic Medicine","2023","West Virginia","Southeast (AL, AR, FL, GA, KY, LA, MS, NC, SC, TN, VA, WV)"
"237899","West Virginia State University","2023","West Virginia","Southeast (AL, AR, FL, GA, KY, LA, MS, NC, SC, TN, VA, WV)"
"237905","West Virginia University Hospital Departments of Rad Tech and Nutrition","2023","West Virginia","Southeast (AL, AR, FL, GA, KY, LA, MS, NC, SC, TN, VA, WV)"
"237932","West Liberty University","2023","West Virginia","Southeast (AL, AR, FL, GA, KY, LA, MS, NC, SC, TN, VA, WV)"
"237950","West Virginia University Institute of Technology","2023","West Virginia","Southeast (AL, AR, FL, GA, KY, LA, MS, NC, SC, TN, VA, WV)"
"237969","West Virginia Wesleyan College","2023","West Virginia","Southeast (AL, AR, FL, GA, KY, LA, MS, NC, SC, TN, VA, WV)"
"237987","West Virginia Junior College-Charleston","2023","West Virginia","Southeast (AL, AR, FL, GA, KY, LA, MS, NC, SC, TN, VA, WV)"
"237996","West Virginia Junior College-Morgantown","2023","West Virginia","Southeast (AL, AR, FL, GA, KY, LA, MS, NC, SC, TN, VA, WV)"
"238005","International Beauty School 4","2023","West Virginia","Southeast (AL, AR, FL, GA, KY, LA, MS, NC, SC, TN, VA, WV)"
"238014","West Virginia Northern Community College","2023","West Virginia","Southeast (AL, AR, FL, GA, KY, LA, MS, NC, SC, TN, VA, WV)"
"238032","West Virginia University","2023","West Virginia","Southeast (AL, AR, FL, GA, KY, LA, MS, NC, SC, TN, VA, WV)"
"238078","Wheeling University","2023","West Virginia","Southeast (AL, AR, FL, GA, KY, LA, MS, NC, SC, TN, VA, WV)"
"238096","Wood County Technical Center-Practical Nursing","2023","West Virginia","Southeast (AL, AR, FL, GA, KY, LA, MS, NC, SC, TN, VA, WV)"
"238175","VICI Beauty School","2023","Wisconsin","Great Lakes (IL, IN, MI, OH, WI)"
"238193","Alverno College","2023","Wisconsin","Great Lakes (IL, IN, MI, OH, WI)"
"238263","Madison Area Technical College","2023","Wisconsin","Great Lakes (IL, IN, MI, OH, WI)"
"238324","Bellin College","2023","Wisconsin","Great Lakes (IL, IN, MI, OH, WI)"
"238333","Beloit College","2023","Wisconsin","Great Lakes (IL, IN, MI, OH, WI)"
"238397","Blackhawk Technical College","2023","Wisconsin","Great Lakes (IL, IN, MI, OH, WI)"
"238430","Cardinal Stritch University","2023","Wisconsin","Great Lakes (IL, IN, MI, OH, WI)"
"238458","Carroll University","2023","Wisconsin","Great Lakes (IL, IN, MI, OH, WI)"
"238476","Carthage College","2023","Wisconsin","Great Lakes (IL, IN, MI, OH, WI)"
"238616","Concordia University-Wisconsin","2023","Wisconsin","Great Lakes (IL, IN, MI, OH, WI)"
"238661","Edgewood College","2023","Wisconsin","Great Lakes (IL, IN, MI, OH, WI)"
"238722","Fox Valley Technical College","2023","Wisconsin","Great Lakes (IL, IN, MI, OH, WI)"
"238759","Gateway Technical College","2023","Wisconsin","Great Lakes (IL, IN, MI, OH, WI)"
"238810","The Professional Hair Design Academy","2023","Wisconsin","Great Lakes (IL, IN, MI, OH, WI)"
"238980","Lakeland University","2023","Wisconsin","Great Lakes (IL, IN, MI, OH, WI)"
"239008","Lakeshore Technical College","2023","Wisconsin","Great Lakes (IL, IN, MI, OH, WI)"
"239017","Lawrence University","2023","Wisconsin","Great Lakes (IL, IN, MI, OH, WI)"
"239071","Maranatha Baptist University","2023","Wisconsin","Great Lakes (IL, IN, MI, OH, WI)"
"239080","Marian University","2023","Wisconsin","Great Lakes (IL, IN, MI, OH, WI)"
"239105","Marquette University","2023","Wisconsin","Great Lakes (IL, IN, MI, OH, WI)"
"239169","Medical College of Wisconsin","2023","Wisconsin","Great Lakes (IL, IN, MI, OH, WI)"
"239220","Mid-State Technical College","2023","Wisconsin","Great Lakes (IL, IN, MI, OH, WI)"
"239248","Milwaukee Area Technical College","2023","Wisconsin","Great Lakes (IL, IN, MI, OH, WI)"
"239309","Milwaukee Institute of Art & Design","2023","Wisconsin","Great Lakes (IL, IN, MI, OH, WI)"
"239318","Milwaukee School of Engineering","2023","Wisconsin","Great Lakes (IL, IN, MI, OH, WI)"
"239372","Moraine Park Technical College","2023","Wisconsin","Great Lakes (IL, IN, MI, OH, WI)"
"239390","Mount Mary University","2023","Wisconsin","Great Lakes (IL, IN, MI, OH, WI)"
"239424","Nashotah House","2023","Wisconsin","Great Lakes (IL, IN, MI, OH, WI)"
"239442","Nicolet Area Technical College","2023","Wisconsin","Great Lakes (IL, IN, MI, OH, WI)"
"239460","Northcentral Technical College","2023","Wisconsin","Great Lakes (IL, IN, MI, OH, WI)"
"239488","Northeast Wisconsin Technical College","2023","Wisconsin","Great Lakes (IL, IN, MI, OH, WI)"
"239512","Northland College","2023","Wisconsin","Great Lakes (IL, IN, MI, OH, WI)"
"239628","Ripon College","2023","Wisconsin","Great Lakes (IL, IN, MI, OH, WI)"
"239637","Sacred Heart Seminary and School of Theology","2023","Wisconsin","Great Lakes (IL, IN, MI, OH, WI)"
"239716","Saint Norbert College","2023","Wisconsin","Great Lakes (IL, IN, MI, OH, WI)"
"239877","State College of Beauty Culture Inc","2023","Wisconsin","Great Lakes (IL, IN, MI, OH, WI)"
"239910","Southwest Wisconsin Technical College","2023","Wisconsin","Great Lakes (IL, IN, MI, OH, WI)"
"240107","Viterbo University","2023","Wisconsin","Great Lakes (IL, IN, MI, OH, WI)"
"240116","Chippewa Valley Technical College","2023","Wisconsin","Great Lakes (IL, IN, MI, OH, WI)"
"240125","Waukesha County Technical College","2023","Wisconsin","Great Lakes (IL, IN, MI, OH, WI)"
"240170","Western Technical College","2023","Wisconsin","Great Lakes (IL, IN, MI, OH, WI)"
"240189","University of Wisconsin-Whitewater","2023","Wisconsin","Great Lakes (IL, IN, MI, OH, WI)"
"240198","Northwood Technical College","2023","Wisconsin","Great Lakes (IL, IN, MI, OH, WI)"
"240213","Wisconsin School of Professional Psychology","2023","Wisconsin","Great Lakes (IL, IN, MI, OH, WI)"
"240268","University of Wisconsin-Eau Claire","2023","Wisconsin","Great Lakes (IL, IN, MI, OH, WI)"
"240277","University of Wisconsin-Green Bay","2023","Wisconsin","Great Lakes (IL, IN, MI, OH, WI)"
"240329","University of Wisconsin-La Crosse","2023","Wisconsin","Great Lakes (IL, IN, MI, OH, WI)"
"240338","Wisconsin Lutheran College","2023","Wisconsin","Great Lakes (IL, IN, MI, OH, WI)"
"240365","University of Wisconsin-Oshkosh","2023","Wisconsin","Great Lakes (IL, IN, MI, OH, WI)"
"240374","University of Wisconsin-Parkside","2023","Wisconsin","Great Lakes (IL, IN, MI, OH, WI)"
"240392","Herzing University-Madison","2023","Wisconsin","Great Lakes (IL, IN, MI, OH, WI)"
"240417","University of Wisconsin-Stout","2023","Wisconsin","Great Lakes (IL, IN, MI, OH, WI)"
"240426","University of Wisconsin-Superior","2023","Wisconsin","Great Lakes (IL, IN, MI, OH, WI)"
"240435","University of Wisconsin-System Administration","2023","Wisconsin","Great Lakes (IL, IN, MI, OH, WI)"
"240444","University of Wisconsin-Madison","2023","Wisconsin","Great Lakes (IL, IN, MI, OH, WI)"
"240453","University of Wisconsin-Milwaukee","2023","Wisconsin","Great Lakes (IL, IN, MI, OH, WI)"
"240462","University of Wisconsin-Platteville","2023","Wisconsin","Great Lakes (IL, IN, MI, OH, WI)"
"240471","University of Wisconsin-River Falls","2023","Wisconsin","Great Lakes (IL, IN, MI, OH, WI)"
"240480","University of Wisconsin-Stevens Point","2023","Wisconsin","Great Lakes (IL, IN, MI, OH, WI)"
"240505","Casper College","2023","Wyoming","Rocky Mountains (CO, ID, MT, UT, WY)"
"240514","Central Wyoming College","2023","Wyoming","Rocky Mountains (CO, ID, MT, UT, WY)"
"240596","Eastern Wyoming College","2023","Wyoming","Rocky Mountains (CO, ID, MT, UT, WY)"
"240620","Laramie County Community College","2023","Wyoming","Rocky Mountains (CO, ID, MT, UT, WY)"
"240657","Northwest College","2023","Wyoming","Rocky Mountains (CO, ID, MT, UT, WY)"
"240666","Northern Wyoming Community College District","2023","Wyoming","Rocky Mountains (CO, ID, MT, UT, WY)"
"240693","Western Wyoming Community College","2023","Wyoming","Rocky Mountains (CO, ID, MT, UT, WY)"
"240709","Cheeks Beauty Academy","2023","Wyoming","Rocky Mountains (CO, ID, MT, UT, WY)"
"240718","WyoTech","2023","Wyoming","Rocky Mountains (CO, ID, MT, UT, WY)"
"240727","University of Wyoming","2023","Wyoming","Rocky Mountains (CO, ID, MT, UT, WY)"
"240736","American Samoa Community College","2023","American Samoa","Other U.S. jurisdictions (AS, FM, GU, MH, MP, PR, PW, VI)"
"240745","Guam Community College","2023","Guam","Other U.S. jurisdictions (AS, FM, GU, MH, MP, PR, PW, VI)"
"240754","University of Guam","2023","Guam","Other U.S. jurisdictions (AS, FM, GU, MH, MP, PR, PW, VI)"
"240790","Northern Marianas College","2023","Northern Marianas","Other U.S. jurisdictions (AS, FM, GU, MH, MP, PR, PW, VI)"
"240879","Institute of Beauty Careers","2023","Puerto Rico","Other U.S. jurisdictions (AS, FM, GU, MH, MP, PR, PW, VI)"
"241100","American University of Puerto Rico","2023","Puerto Rico","Other U.S. jurisdictions (AS, FM, GU, MH, MP, PR, PW, VI)"
"241128","American University of Puerto Rico","2023","Puerto Rico","Other U.S. jurisdictions (AS, FM, GU, MH, MP, PR, PW, VI)"
"241146","American Educational College","2023","Puerto Rico","Other U.S. jurisdictions (AS, FM, GU, MH, MP, PR, PW, VI)"
"241182","Antilles School of Technical Careers","2023","Puerto Rico","Other U.S. jurisdictions (AS, FM, GU, MH, MP, PR, PW, VI)"
"241191","Universidad Adventista de las Antillas","2023","Puerto Rico","Other U.S. jurisdictions (AS, FM, GU, MH, MP, PR, PW, VI)"
"241216","Atlantic University","2023","Puerto Rico","Other U.S. jurisdictions (AS, FM, GU, MH, MP, PR, PW, VI)"
"241225","Universidad Central de Bayamon","2023","Puerto Rico","Other U.S. jurisdictions (AS, FM, GU, MH, MP, PR, PW, VI)"
"241304","Columbia Central University-Caguas","2023","Puerto Rico","Other U.S. jurisdictions (AS, FM, GU, MH, MP, PR, PW, VI)"
"241331","Albizu University-San Juan","2023","Puerto Rico","Other U.S. jurisdictions (AS, FM, GU, MH, MP, PR, PW, VI)"
"241377","Caribbean University-Bayamon","2023","Puerto Rico","Other U.S. jurisdictions (AS, FM, GU, MH, MP, PR, PW, VI)"
"241386","Caribbean University-Carolina","2023","Puerto Rico","Other U.S. jurisdictions (AS, FM, GU, MH, MP, PR, PW, VI)"
"241395","Pontifical Catholic University of Puerto Rico-Arecibo","2023","Puerto Rico","Other U.S. jurisdictions (AS, FM, GU, MH, MP, PR, PW, VI)"
"241410","Pontifical Catholic University of Puerto Rico-Ponce","2023","Puerto Rico","Other U.S. jurisdictions (AS, FM, GU, MH, MP, PR, PW, VI)"
"241517","CEM College-San Juan","2023","Puerto Rico","Other U.S. jurisdictions (AS, FM, GU, MH, MP, PR, PW, VI)"
"241614","Universidad Teologica del Caribe","2023","Puerto Rico","Other U.S. jurisdictions (AS, FM, GU, MH, MP, PR, PW, VI)"
"241720","Colegio Universitario de San Juan","2023","Puerto Rico","Other U.S. jurisdictions (AS, FM, GU, MH, MP, PR, PW, VI)"
"241739","Universidad Ana G. Mendez-Cupey Campus","2023","Puerto Rico","Other U.S. jurisdictions (AS, FM, GU, MH, MP, PR, PW, VI)"
"241766","Puerto Rico Conservatory of Music","2023","Puerto Rico","Other U.S. jurisdictions (AS, FM, GU, MH, MP, PR, PW, VI)"
"241793","Center for Advanced Studies On Puerto Rico and the Caribbean","2023","Puerto Rico","Other U.S. jurisdictions (AS, FM, GU, MH, MP, PR, PW, VI)"
"241836","EDP University of Puerto Rico Inc-San Sebastian","2023","Puerto Rico","Other U.S. jurisdictions (AS, FM, GU, MH, MP, PR, PW, VI)"
"241906","Emma's Beauty Academy-Mayaguez","2023","Puerto Rico","Other U.S. jurisdictions (AS, FM, GU, MH, MP, PR, PW, VI)"
"241951","Escuela de Artes Plasticas y Diseno de Puerto Rico","2023","Puerto Rico","Other U.S. jurisdictions (AS, FM, GU, MH, MP, PR, PW, VI)"
"242042","Instituto Tecnologico de Puerto Rico-Recinto de Manati","2023","Puerto Rico","Other U.S. jurisdictions (AS, FM, GU, MH, MP, PR, PW, VI)"
"242060","Sistema Universitario Ana G. Mendez","2023","Puerto Rico","Other U.S. jurisdictions (AS, FM, GU, MH, MP, PR, PW, VI)"
"242112","Huertas College","2023","Puerto Rico","Other U.S. jurisdictions (AS, FM, GU, MH, MP, PR, PW, VI)"
"242121","Humacao Community College","2023","Puerto Rico","Other U.S. jurisdictions (AS, FM, GU, MH, MP, PR, PW, VI)"
"242130","ICPR Junior College-Arecibo","2023","Puerto Rico","Other U.S. jurisdictions (AS, FM, GU, MH, MP, PR, PW, VI)"
"242149","ICPR Junior College-Mayaguez","2023","Puerto Rico","Other U.S. jurisdictions (AS, FM, GU, MH, MP, PR, PW, VI)"
"242556","Instituto Tecnologico de Puerto Rico-Recinto de Guayama","2023","Puerto Rico","Other U.S. jurisdictions (AS, FM, GU, MH, MP, PR, PW, VI)"
"242583","Instituto Tecnologico de Puerto Rico-Recinto de San Juan","2023","Puerto Rico","Other U.S. jurisdictions (AS, FM, GU, MH, MP, PR, PW, VI)"
"242617","Inter American University of Puerto Rico-San German","2023","Puerto Rico","Other U.S. jurisdictions (AS, FM, GU, MH, MP, PR, PW, VI)"
"242626","Inter American University of Puerto Rico-Aguadilla","2023","Puerto Rico","Other U.S. jurisdictions (AS, FM, GU, MH, MP, PR, PW, VI)"
"242635","Inter American University of Puerto Rico-Arecibo","2023","Puerto Rico","Other U.S. jurisdictions (AS, FM, GU, MH, MP, PR, PW, VI)"
"242644","Inter American University of Puerto Rico-Barranquitas","2023","Puerto Rico","Other U.S. jurisdictions (AS, FM, GU, MH, MP, PR, PW, VI)"
"242653","Inter American University of Puerto Rico-Metro","2023","Puerto Rico","Other U.S. jurisdictions (AS, FM, GU, MH, MP, PR, PW, VI)"
"242662","Inter American University of Puerto Rico-Ponce","2023","Puerto Rico","Other U.S. jurisdictions (AS, FM, GU, MH, MP, PR, PW, VI)"
"242671","Inter American University of Puerto Rico-Central Office","2023","Puerto Rico","Other U.S. jurisdictions (AS, FM, GU, MH, MP, PR, PW, VI)"
"242680","Inter American University of Puerto Rico-Fajardo","2023","Puerto Rico","Other U.S. jurisdictions (AS, FM, GU, MH, MP, PR, PW, VI)"
"242699","Inter American University of Puerto Rico-Guayama","2023","Puerto Rico","Other U.S. jurisdictions (AS, FM, GU, MH, MP, PR, PW, VI)"
"242705","Inter American University of Puerto Rico-Bayamon","2023","Puerto Rico","Other U.S. jurisdictions (AS, FM, GU, MH, MP, PR, PW, VI)"
"242723","Inter American University of Puerto Rico-School of Law","2023","Puerto Rico","Other U.S. jurisdictions (AS, FM, GU, MH, MP, PR, PW, VI)"
"242820","Liceo de Arte y Tecnologia","2023","Puerto Rico","Other U.S. jurisdictions (AS, FM, GU, MH, MP, PR, PW, VI)"
"242945","Modern Hairstyling Institute-Bayamon","2023","Puerto Rico","Other U.S. jurisdictions (AS, FM, GU, MH, MP, PR, PW, VI)"
"242954","Modern Hairstyling Institute-Arecibo","2023","Puerto Rico","Other U.S. jurisdictions (AS, FM, GU, MH, MP, PR, PW, VI)"
"242972","NUC University","2023","Puerto Rico","Other U.S. jurisdictions (AS, FM, GU, MH, MP, PR, PW, VI)"
"243081","Ponce Health Sciences University","2023","Puerto Rico","Other U.S. jurisdictions (AS, FM, GU, MH, MP, PR, PW, VI)"
"243106","University of Puerto Rico-Aguadilla","2023","Puerto Rico","Other U.S. jurisdictions (AS, FM, GU, MH, MP, PR, PW, VI)"
"243115","University of Puerto Rico-Arecibo","2023","Puerto Rico","Other U.S. jurisdictions (AS, FM, GU, MH, MP, PR, PW, VI)"
"243133","University of Puerto Rico-Bayamon","2023","Puerto Rico","Other U.S. jurisdictions (AS, FM, GU, MH, MP, PR, PW, VI)"
"243142","University of Puerto Rico-Carolina","2023","Puerto Rico","Other U.S. jurisdictions (AS, FM, GU, MH, MP, PR, PW, VI)"
"243151","University of Puerto Rico at Cayey","2023","Puerto Rico","Other U.S. jurisdictions (AS, FM, GU, MH, MP, PR, PW, VI)"
"243160","University of Puerto Rico-Central Administration","2023","Puerto Rico","Other U.S. jurisdictions (AS, FM, GU, MH, MP, PR, PW, VI)"
"243179","University of Puerto Rico-Humacao","2023","Puerto Rico","Other U.S. jurisdictions (AS, FM, GU, MH, MP, PR, PW, VI)"
"243188","University of Puerto Rico-Utuado","2023","Puerto Rico","Other U.S. jurisdictions (AS, FM, GU, MH, MP, PR, PW, VI)"
"243197","University of Puerto Rico-Mayaguez","2023","Puerto Rico","Other U.S. jurisdictions (AS, FM, GU, MH, MP, PR, PW, VI)"
"243203","University of Puerto Rico-Medical Sciences","2023","Puerto Rico","Other U.S. jurisdictions (AS, FM, GU, MH, MP, PR, PW, VI)"
"243212","University of Puerto Rico at Ponce","2023","Puerto Rico","Other U.S. jurisdictions (AS, FM, GU, MH, MP, PR, PW, VI)"
"243221","University of Puerto Rico-Rio Piedras","2023","Puerto Rico","Other U.S. jurisdictions (AS, FM, GU, MH, MP, PR, PW, VI)"
"243346","Universidad Ana G. Mendez-Carolina Campus","2023","Puerto Rico","Other U.S. jurisdictions (AS, FM, GU, MH, MP, PR, PW, VI)"
"243443","Universidad del Sagrado Corazon","2023","Puerto Rico","Other U.S. jurisdictions (AS, FM, GU, MH, MP, PR, PW, VI)"
"243498","Seminario Evangelico de Puerto Rico","2023","Puerto Rico","Other U.S. jurisdictions (AS, FM, GU, MH, MP, PR, PW, VI)"
"243568","Universidad Central Del Caribe","2023","Puerto Rico","Other U.S. jurisdictions (AS, FM, GU, MH, MP, PR, PW, VI)"
"243577","Universidad Politecnica de Puerto Rico","2023","Puerto Rico","Other U.S. jurisdictions (AS, FM, GU, MH, MP, PR, PW, VI)"
"243586","Pontifical Catholic University of Puerto Rico-Mayaguez","2023","Puerto Rico","Other U.S. jurisdictions (AS, FM, GU, MH, MP, PR, PW, VI)"
"243601","Universidad Ana G. Mendez-Gurabo Campus","2023","Puerto Rico","Other U.S. jurisdictions (AS, FM, GU, MH, MP, PR, PW, VI)"
"243638","College of Micronesia-FSM","2023","Federated States of Micronesia","Other U.S. jurisdictions (AS, FM, GU, MH, MP, PR, PW, VI)"
"243647","Palau Community College","2023","Palau","Other U.S. jurisdictions (AS, FM, GU, MH, MP, PR, PW, VI)"
"243665","University of the Virgin Islands","2023","Virgin Islands","Other U.S. jurisdictions (AS, FM, GU, MH, MP, PR, PW, VI)"
"243744","Stanford University","2023","California","Far West (AK, CA, HI, NV, OR, WA)"
"243780","Purdue University-Main Campus","2023","Indiana","Great Lakes (IL, IN, MI, OH, WI)"
"243799","Blue Hills Regional Technical School","2023","Massachusetts","New England (CT, ME, MA, NH, RI, VT)"
"243823","Parker University","2023","Texas","Southwest (AZ, NM, OK, TX)"
"243832","EDP University of Puerto Rico Inc-San Juan","2023","Puerto Rico","Other U.S. jurisdictions (AS, FM, GU, MH, MP, PR, PW, VI)"
"243841","ICPR Junior College","2023","Puerto Rico","Other U.S. jurisdictions (AS, FM, GU, MH, MP, PR, PW, VI)"
"244233","City College-Hollywood","2023","Florida","Southeast (AL, AR, FL, GA, KY, LA, MS, NC, SC, TN, VA, WV)"
"244279","Meridian College","2023","Florida","Southeast (AL, AR, FL, GA, KY, LA, MS, NC, SC, TN, VA, WV)"
"244437","Georgia State University-Perimeter College","2023","Georgia","Southeast (AL, AR, FL, GA, KY, LA, MS, NC, SC, TN, VA, WV)"
"244446","Georgia Piedmont Technical College","2023","Georgia","Southeast (AL, AR, FL, GA, KY, LA, MS, NC, SC, TN, VA, WV)"
"244613","ETI School of Skilled Trades","2023","Illinois","Great Lakes (IL, IN, MI, OH, WI)"
"245281","Traxlers School of Hair","2023","Mississippi","Southeast (AL, AR, FL, GA, KY, LA, MS, NC, SC, TN, VA, WV)"
"245625","Warren County Community College","2023","New Jersey","Mid East (DE, DC, MD, NJ, NY, PA)"
"245652","St. John's College","2023","New Mexico","Southwest (AZ, NM, OK, TX)"
"245777","Bais Medrash Elyon","2023","New York","Mid East (DE, DC, MD, NJ, NY, PA)"
"245838","Antioch University-Los Angeles","2023","California","Far West (AK, CA, HI, NV, OR, WA)"
"245847","Antioch University-Santa Barbara","2023","California","Far West (AK, CA, HI, NV, OR, WA)"
"245865","Antioch University-New England","2023","New Hampshire","New England (CT, ME, MA, NH, RI, VT)"
"245883","Antioch University-Seattle","2023","Washington","Far West (AK, CA, HI, NV, OR, WA)"
"245892","Antioch University","2023","Ohio","Great Lakes (IL, IN, MI, OH, WI)"
"245953","Mid-America Christian University","2023","Oklahoma","Southwest (AZ, NM, OK, TX)"
"245962","Miller-Motte College-Tulsa","2023","Oklahoma","Southwest (AZ, NM, OK, TX)"
"245980","Ponca City Beauty College","2023","Oklahoma","Southwest (AZ, NM, OK, TX)"
"245999","Francis Tuttle Technology Center","2023","Oklahoma","Southwest (AZ, NM, OK, TX)"
"246017","Central Technology Center","2023","Oklahoma","Southwest (AZ, NM, OK, TX)"
"246035","Carrington College-Portland","2023","Oregon","Far West (AK, CA, HI, NV, OR, WA)"
"246071","Career Technology Center of Lackawanna County","2023","Pennsylvania","Mid East (DE, DC, MD, NJ, NY, PA)"
"246345","Houston Graduate School of Theology","2023","Texas","Southwest (AZ, NM, OK, TX)"
"246354","Palo Alto College","2023","Texas","Southwest (AZ, NM, OK, TX)"
"246415","UCAS University of Cosmetology Arts & Sciences-San Antonio 410","2023","Texas","Southwest (AZ, NM, OK, TX)"
"246460","Central Texas Beauty College-Round Rock","2023","Texas","Southwest (AZ, NM, OK, TX)"
"246789","HJ International Graduate School for Peace and Public Leadership","2023","New York","Mid East (DE, DC, MD, NJ, NY, PA)"
"246813","Athens Technical College","2023","Georgia","Southeast (AL, AR, FL, GA, KY, LA, MS, NC, SC, TN, VA, WV)"
"246895","GateWay Community College-Central City","2023","Arizona","Southwest (AZ, NM, OK, TX)"
"246974","Carrington College-San Leandro Campus","2023","California","Far West (AK, CA, HI, NV, OR, WA)"
"247010","Headmasters School of Hair Design","2023","Idaho","Rocky Mountains (CO, ID, MT, UT, WY)"
"247047","The Salon Professional Academy-Nampa","2023","Idaho","Rocky Mountains (CO, ID, MT, UT, WY)"
"247065","Beckfield College-Florence","2023","Kentucky","Southeast (AL, AR, FL, GA, KY, LA, MS, NC, SC, TN, VA, WV)"
"247083","University of Louisiana-System Administration","2023","Louisiana","Southeast (AL, AR, FL, GA, KY, LA, MS, NC, SC, TN, VA, WV)"
"247153","Dorsey College-Wayne","2023","Michigan","Great Lakes (IL, IN, MI, OH, WI)"
"247162","Ecumenical Theological Seminary","2023","Michigan","Great Lakes (IL, IN, MI, OH, WI)"
"247409","Ross Medical Education Center-Saginaw","2023","Michigan","Great Lakes (IL, IN, MI, OH, WI)"
"247603","Sussex County Community College","2023","New Jersey","Mid East (DE, DC, MD, NJ, NY, PA)"
"247649","Landmark College","2023","Vermont","New England (CT, ME, MA, NH, RI, VT)"
"247737","Mississippi Community College Board","2023","Mississippi","Southeast (AL, AR, FL, GA, KY, LA, MS, NC, SC, TN, VA, WV)"
"247773","Yeshiva Gedolah of Greater Detroit","2023","Michigan","Great Lakes (IL, IN, MI, OH, WI)"
"247834","Collin County Community College District","2023","Texas","Southwest (AZ, NM, OK, TX)"
"247940","Owensboro Community and Technical College","2023","Kentucky","Southeast (AL, AR, FL, GA, KY, LA, MS, NC, SC, TN, VA, WV)"
"248192","Allure Beauty College","2023","Kentucky","Southeast (AL, AR, FL, GA, KY, LA, MS, NC, SC, TN, VA, WV)"
"248527","Cloyd's Beauty School 3 Inc","2023","Louisiana","Southeast (AL, AR, FL, GA, KY, LA, MS, NC, SC, TN, VA, WV)"
"248606","Moore Norman Technology Center","2023","Oklahoma","Southwest (AZ, NM, OK, TX)"
"248624","Fayette County Career & Technical Institute Practical Nursing Program","2023","Pennsylvania","Mid East (DE, DC, MD, NJ, NY, PA)"
"248633","Franklin County Career and Technology Center","2023","Pennsylvania","Mid East (DE, DC, MD, NJ, NY, PA)"
"248660","Paul Mitchell the School-Knoxville","2023","Tennessee","Southeast (AL, AR, FL, GA, KY, LA, MS, NC, SC, TN, VA, WV)"
"248703","Ogle School Hair Skin Nails-Hurst","2023","Texas","Southwest (AZ, NM, OK, TX)"
"248925","Tennessee College of Applied Technology Nashville","2023","Tennessee","Southeast (AL, AR, FL, GA, KY, LA, MS, NC, SC, TN, VA, WV)"
"248934","ECPI University","2023","Virginia","Southeast (AL, AR, FL, GA, KY, LA, MS, NC, SC, TN, VA, WV)"
"249061","Ms Roberts Academy of Beauty Culture","2023","Illinois","Great Lakes (IL, IN, MI, OH, WI)"
"249238","Paul Mitchell the School-Houston","2023","Texas","Southwest (AZ, NM, OK, TX)"
"249609","Fortis Institute-Forty Fort","2023","Pennsylvania","Mid East (DE, DC, MD, NJ, NY, PA)"
"250027","Laurel Business Institute","2023","Pennsylvania","Mid East (DE, DC, MD, NJ, NY, PA)"
"250285","Aviation Institute of Maintenance-Philadelphia","2023","Pennsylvania","Mid East (DE, DC, MD, NJ, NY, PA)"
"250744","Dorsey College-Roseville","2023","Michigan","Great Lakes (IL, IN, MI, OH, WI)"
"250902","Moler-Pickens Beauty Academy","2023","Ohio","Great Lakes (IL, IN, MI, OH, WI)"
"250993","Red River Technology Center","2023","Oklahoma","Southwest (AZ, NM, OK, TX)"
"251260","Southern Union State Community College","2023","Alabama","Southeast (AL, AR, FL, GA, KY, LA, MS, NC, SC, TN, VA, WV)"
"251312","South University-Columbia","2023","South Carolina","Southeast (AL, AR, FL, GA, KY, LA, MS, NC, SC, TN, VA, WV)"
"260336","Clinton Technical School","2023","Missouri","Plains (IA, KS, MN, MO, NE, ND, SD)"
"260363","Greene County Career and Technology Center","2023","Pennsylvania","Mid East (DE, DC, MD, NJ, NY, PA)"
"260372","Lac Courte Oreilles Ojibwe University","2023","Wisconsin","Great Lakes (IL, IN, MI, OH, WI)"
"260664","Diesel Driving Academy-Shreveport","2023","Louisiana","Southeast (AL, AR, FL, GA, KY, LA, MS, NC, SC, TN, VA, WV)"
"260691","Pima Medical Institute-Mesa","2023","Arizona","Southwest (AZ, NM, OK, TX)"
"260789","Platt College-Los Angeles","2023","California","Far West (AK, CA, HI, NV, OR, WA)"
"260813","Platt College-Aurora","2023","Colorado","Rocky Mountains (CO, ID, MT, UT, WY)"
"260929","Paul Mitchell the School-Boise","2023","Idaho","Rocky Mountains (CO, ID, MT, UT, WY)"
"260965","Educators of Beauty College of Cosmetology-Rockford","2023","Illinois","Great Lakes (IL, IN, MI, OH, WI)"
"260992","Northwestern College","2023","Illinois","Great Lakes (IL, IN, MI, OH, WI)"
"261436","Douglas J Aveda Institute","2023","Michigan","Great Lakes (IL, IN, MI, OH, WI)"
"261676","Ross Medical Education Center-Brighton","2023","Michigan","Great Lakes (IL, IN, MI, OH, WI)"
"261685","Ross Medical Education Center-Ann Arbor","2023","Michigan","Great Lakes (IL, IN, MI, OH, WI)"
"261719","Dorsey School of Beauty","2023","Michigan","Great Lakes (IL, IN, MI, OH, WI)"
"261773","Pike-Lincoln Technical Center","2023","Missouri","Plains (IA, KS, MN, MO, NE, ND, SD)"
"261861","West Virginia Junior College-United Career Institute","2023","Pennsylvania","Mid East (DE, DC, MD, NJ, NY, PA)"
"262031","St Charles Community College","2023","Missouri","Plains (IA, KS, MN, MO, NE, ND, SD)"
"262086","University of Massachusetts Global","2023","California","Far West (AK, CA, HI, NV, OR, WA)"
"262129","New College of Florida","2023","Florida","Southeast (AL, AR, FL, GA, KY, LA, MS, NC, SC, TN, VA, WV)"
"262165","Montana Bible College","2023","Montana","Rocky Mountains (CO, ID, MT, UT, WY)"
"262341","Conservatory of Recording Arts and Sciences","2023","Arizona","Southwest (AZ, NM, OK, TX)"
"262369","Adrian's Beauty College of Turlock","2023","California","Far West (AK, CA, HI, NV, OR, WA)"
"262457","San Joaquin Valley College-Fresno","2023","California","Far West (AK, CA, HI, NV, OR, WA)"
"262466","Dr. Ida Rolf Institute","2023","Colorado","Rocky Mountains (CO, ID, MT, UT, WY)"
"362700","Aveda Institute-Fort Myers","2023","Florida","Southeast (AL, AR, FL, GA, KY, LA, MS, NC, SC, TN, VA, WV)"
"362782","Elizabeth Grady School of Esthetics and Massage Therapy","2023","Massachusetts","New England (CT, ME, MA, NH, RI, VT)"
"363013","Ross Medical Education Center-Port Huron","2023","Michigan","Great Lakes (IL, IN, MI, OH, WI)"
"363147","Raphael's School of Beauty Culture Inc-Alliance","2023","Ohio","Great Lakes (IL, IN, MI, OH, WI)"
"363165","Metro Technology Centers","2023","Oklahoma","Southwest (AZ, NM, OK, TX)"
"363633","Luna Community College","2023","New Mexico","Southwest (AZ, NM, OK, TX)"
"363679","Grabber School of Hair Design","2023","Missouri","Plains (IA, KS, MN, MO, NE, ND, SD)"
"363712","Yeshivah Gedolah Rabbinical College","2023","Florida","Southeast (AL, AR, FL, GA, KY, LA, MS, NC, SC, TN, VA, WV)"
"363882","Raphael's School of Beauty Culture Inc-Brunswick","2023","Ohio","Great Lakes (IL, IN, MI, OH, WI)"
"363907","Caribbean University-Ponce","2023","Puerto Rico","Other U.S. jurisdictions (AS, FM, GU, MH, MP, PR, PW, VI)"
"363916","Caribbean University-Vega Baja","2023","Puerto Rico","Other U.S. jurisdictions (AS, FM, GU, MH, MP, PR, PW, VI)"
"363934","University of Advancing Technology","2023","Arizona","Southwest (AZ, NM, OK, TX)"
"364016","Paradise Valley Community College","2023","Arizona","Southwest (AZ, NM, OK, TX)"
"364025","Chandler-Gilbert Community College","2023","Arizona","Southwest (AZ, NM, OK, TX)"
"364548","Great Plains Technology Center","2023","Oklahoma","Southwest (AZ, NM, OK, TX)"
"364575","Roane-Jackson Technical Center","2023","West Virginia","Southeast (AL, AR, FL, GA, KY, LA, MS, NC, SC, TN, VA, WV)"
"364627","Pioneer Technology Center","2023","Oklahoma","Southwest (AZ, NM, OK, TX)"
"364636","Portage Lakes Career Center","2023","Ohio","Great Lakes (IL, IN, MI, OH, WI)"
"364760","Bell Mar Beauty College","2023","Illinois","Great Lakes (IL, IN, MI, OH, WI)"
"364946","Caddo Kiowa Technology Center","2023","Oklahoma","Southwest (AZ, NM, OK, TX)"
"364964","Center for Instruction, Technology & Innovation","2023","New York","Mid East (DE, DC, MD, NJ, NY, PA)"
"365091","International School of Skin Nailcare & Massage Therapy","2023","Georgia","Southeast (AL, AR, FL, GA, KY, LA, MS, NC, SC, TN, VA, WV)"
"365125","Palomar Institute of Cosmetology","2023","California","Far West (AK, CA, HI, NV, OR, WA)"
"365198","Southern Oklahoma Technology Center","2023","Oklahoma","Southwest (AZ, NM, OK, TX)"
"365213","Autry Technology Center","2023","Oklahoma","Southwest (AZ, NM, OK, TX)"
"365240","Greene County Career Center","2023","Ohio","Great Lakes (IL, IN, MI, OH, WI)"
"365374","Canadian Valley Technology Center","2023","Oklahoma","Southwest (AZ, NM, OK, TX)"
"365383","Wilkes-Barre Area Career and Technical Center Practical Nursing","2023","Pennsylvania","Mid East (DE, DC, MD, NJ, NY, PA)"
"365480","Meridian Technology Center","2023","Oklahoma","Southwest (AZ, NM, OK, TX)"
"365505","Waynesville Career Center","2023","Missouri","Plains (IA, KS, MN, MO, NE, ND, SD)"
"365693","Capitol Beauty School","2023","Nebraska","Plains (IA, KS, MN, MO, NE, ND, SD)"
"365763","Morris County Vocational School District","2023","New Jersey","Mid East (DE, DC, MD, NJ, NY, PA)"
"365824","Ross Medical Education Center-Roosevelt Park","2023","Michigan","Great Lakes (IL, IN, MI, OH, WI)"
"365833","Ross Medical Education Center-Kentwood","2023","Michigan","Great Lakes (IL, IN, MI, OH, WI)"
"366003","South Florida Bible College and Theological Seminary","2023","Florida","Southeast (AL, AR, FL, GA, KY, LA, MS, NC, SC, TN, VA, WV)"
"366155","Cloyd's Barber School 2 Inc","2023","Louisiana","Southeast (AL, AR, FL, GA, KY, LA, MS, NC, SC, TN, VA, WV)"
"366191","Universal Technical Institute of Illinois Inc","2023","Illinois","Great Lakes (IL, IN, MI, OH, WI)"
"366252","Pennsylvania College of Technology","2023","Pennsylvania","Mid East (DE, DC, MD, NJ, NY, PA)"
"366261","Commonwealth Institute of Funeral Service","2023","Texas","Southwest (AZ, NM, OK, TX)"
"366270","Delta College of Arts & Technology","2023","Louisiana","Southeast (AL, AR, FL, GA, KY, LA, MS, NC, SC, TN, VA, WV)"
"366289","InterCoast Colleges-Santa Ana","2023","California","Far West (AK, CA, HI, NV, OR, WA)"
"366340","Stone Child College","2023","Montana","Rocky Mountains (CO, ID, MT, UT, WY)"
"366368","New York Academy of Art","2023","New York","Mid East (DE, DC, MD, NJ, NY, PA)"
"366395","Suffolk County Community College","2023","New York","Mid East (DE, DC, MD, NJ, NY, PA)"
"366401","Las Positas College","2023","California","Far West (AK, CA, HI, NV, OR, WA)"
"366438","Blades School of Hair Design","2023","Maryland","Mid East (DE, DC, MD, NJ, NY, PA)"
"366465","Ogeechee Technical College","2023","Georgia","Southeast (AL, AR, FL, GA, KY, LA, MS, NC, SC, TN, VA, WV)"
"366535","Remington College-Mobile Campus","2023","Alabama","Southeast (AL, AR, FL, GA, KY, LA, MS, NC, SC, TN, VA, WV)"
"366553","Southern Technical College","2023","Florida","Southeast (AL, AR, FL, GA, KY, LA, MS, NC, SC, TN, VA, WV)"
"366571","Mercy-St Luke's School of Radiologic Technology","2023","Iowa","Plains (IA, KS, MN, MO, NE, ND, SD)"
"366605","Southwest Acupuncture College-Santa Fe","2023","New Mexico","Southwest (AZ, NM, OK, TX)"
"366623","Northwest Technology Center-Alva","2023","Oklahoma","Southwest (AZ, NM, OK, TX)"
"366632","Mercer County Career Center","2023","Pennsylvania","Mid East (DE, DC, MD, NJ, NY, PA)"
"366711","California State University-San Marcos","2023","California","Far West (AK, CA, HI, NV, OR, WA)"
"367051","Hairmasters Institute of Cosmetology","2023","Illinois","Great Lakes (IL, IN, MI, OH, WI)"
"367088","Tricoci University of Beauty Culture LLC-Bloomington","2023","Indiana","Great Lakes (IL, IN, MI, OH, WI)"
"367103","Interactive College of Technology-Newport","2023","Kentucky","Southeast (AL, AR, FL, GA, KY, LA, MS, NC, SC, TN, VA, WV)"
"367112","Miller-Motte College-McCann-Monroe","2023","Louisiana","Southeast (AL, AR, FL, GA, KY, LA, MS, NC, SC, TN, VA, WV)"
"367158","Ross Medical Education Center-Taylor","2023","Michigan","Great Lakes (IL, IN, MI, OH, WI)"
"367334","National Tractor Trailer School Inc-Liverpool","2023","New York","Mid East (DE, DC, MD, NJ, NY, PA)"
"367361","Interactive College of Technology","2023","Texas","Southwest (AZ, NM, OK, TX)"
"367431","Butler Beauty Academy-New Castle Beauty Academy","2023","Pennsylvania","Mid East (DE, DC, MD, NJ, NY, PA)"
"367459","NorthWest Arkansas Community College","2023","Arkansas","Southeast (AL, AR, FL, GA, KY, LA, MS, NC, SC, TN, VA, WV)"
"367875","H W Brewster Technical College","2023","Florida","Southeast (AL, AR, FL, GA, KY, LA, MS, NC, SC, TN, VA, WV)"
"367884","Hodges University","2023","Florida","Southeast (AL, AR, FL, GA, KY, LA, MS, NC, SC, TN, VA, WV)"
"367954","University of St. Augustine for Health Sciences","2023","California","Far West (AK, CA, HI, NV, OR, WA)"
"367972","Capital Area Career Center","2023","Illinois","Great Lakes (IL, IN, MI, OH, WI)"
"367981","Hair Professionals Career College","2023","Illinois","Great Lakes (IL, IN, MI, OH, WI)"
"368230","Empire Beauty School-Bloomfield","2023","New Jersey","Mid East (DE, DC, MD, NJ, NY, PA)"
"368364","Southwest Technology Center","2023","Oklahoma","Southwest (AZ, NM, OK, TX)"
"368407","Western Area Career & Technology Center","2023","Pennsylvania","Mid East (DE, DC, MD, NJ, NY, PA)"
"368443","Hussian College-Daymar College Clarksville","2023","Tennessee","Southeast (AL, AR, FL, GA, KY, LA, MS, NC, SC, TN, VA, WV)"
"368452","Nossi College of Art and Design","2023","Tennessee","Southeast (AL, AR, FL, GA, KY, LA, MS, NC, SC, TN, VA, WV)"
"368540","Seguin Beauty School-New Braunfels","2023","Texas","Southwest (AZ, NM, OK, TX)"
"368629","Pima Medical Institute-Seattle","2023","Washington","Far West (AK, CA, HI, NV, OR, WA)"
"368647","Mineral County Vocational Technical Center","2023","West Virginia","Southeast (AL, AR, FL, GA, KY, LA, MS, NC, SC, TN, VA, WV)"
"368771","Hypnosis Motivation Institute","2023","California","Far West (AK, CA, HI, NV, OR, WA)"
"368832","Thanh Le College School of Cosmetology","2023","California","Far West (AK, CA, HI, NV, OR, WA)"
"368911","Southeastern Technical College","2023","Georgia","Southeast (AL, AR, FL, GA, KY, LA, MS, NC, SC, TN, VA, WV)"
"369002","Massachusetts School of Law","2023","Massachusetts","New England (CT, ME, MA, NH, RI, VT)"
"369400","Universal Technical Institute-Auto Motorcycle & Marine Mechanics Institute Division-Orlando","2023","Florida","Southeast (AL, AR, FL, GA, KY, LA, MS, NC, SC, TN, VA, WV)"
"369419","Erwin Technical College","2023","Florida","Southeast (AL, AR, FL, GA, KY, LA, MS, NC, SC, TN, VA, WV)"
"369446","Rosel School of Cosmetology","2023","Illinois","Great Lakes (IL, IN, MI, OH, WI)"
"369455","Worsham College of Mortuary Science","2023","Illinois","Great Lakes (IL, IN, MI, OH, WI)"
"369516","Bryan University","2023","Missouri","Plains (IA, KS, MN, MO, NE, ND, SD)"
"369659","Oregon College of Oriental Medicine","2023","Oregon","Far West (AK, CA, HI, NV, OR, WA)"
"369668","Central Pennsylvania Institute of Science and Technology","2023","Pennsylvania","Mid East (DE, DC, MD, NJ, NY, PA)"
"369686","Northwest Educational Center","2023","Texas","Southwest (AZ, NM, OK, TX)"
"369783","PCI Health Training Center","2023","Texas","Southwest (AZ, NM, OK, TX)"
"369950","Hamrick School","2023","Ohio","Great Lakes (IL, IN, MI, OH, WI)"
"371052","Fortis College","2023","Alabama","Southeast (AL, AR, FL, GA, KY, LA, MS, NC, SC, TN, VA, WV)"
"371690","Downey Adult School","2023","California","Far West (AK, CA, HI, NV, OR, WA)"
"371830","CRU Institute of Cosmetology and Barbering","2023","California","Far West (AK, CA, HI, NV, OR, WA)"
"371928","Modern Technology School","2023","California","Far West (AK, CA, HI, NV, OR, WA)"
"371964","National Career Education","2023","California","Far West (AK, CA, HI, NV, OR, WA)"
"372028","North-West College-Glendale","2023","California","Far West (AK, CA, HI, NV, OR, WA)"
"372073","Fremont University","2023","California","Far West (AK, CA, HI, NV, OR, WA)"
"372082","Pomona Unified School District Adult and Career Education","2023","California","Far West (AK, CA, HI, NV, OR, WA)"
"372240","Universal College of Beauty Inc-Los Angeles 2","2023","California","Far West (AK, CA, HI, NV, OR, WA)"
"372329","IBMC College","2023","Colorado","Rocky Mountains (CO, ID, MT, UT, WY)"
"372356","Avalon Institute-Aurora","2023","Colorado","Rocky Mountains (CO, ID, MT, UT, WY)"
"372462","Academy of Cosmetology","2023","Florida","Southeast (AL, AR, FL, GA, KY, LA, MS, NC, SC, TN, VA, WV)"
"372921","Fortis College-Smyrna","2023","Georgia","Southeast (AL, AR, FL, GA, KY, LA, MS, NC, SC, TN, VA, WV)"
"373085","Ross College-Davenport","2023","Iowa","Plains (IA, KS, MN, MO, NE, ND, SD)"
"373216","Pivot Point Academy","2023","Illinois","Great Lakes (IL, IN, MI, OH, WI)"
"373456","Blalock's Professional Beauty College","2023","Louisiana","Southeast (AL, AR, FL, GA, KY, LA, MS, NC, SC, TN, VA, WV)"
"373526","Diesel Driving Academy-Baton Rouge","2023","Louisiana","Southeast (AL, AR, FL, GA, KY, LA, MS, NC, SC, TN, VA, WV)"
"373678","New England Hair Academy","2023","Massachusetts","New England (CT, ME, MA, NH, RI, VT)"
"373696","Rob Roy Academy-Worcester","2023","Massachusetts","New England (CT, ME, MA, NH, RI, VT)"
"373711","Upper Cape Cod Regional Technical School","2023","Massachusetts","New England (CT, ME, MA, NH, RI, VT)"
"373784","All-State Career-Baltimore","2023","Maryland","Mid East (DE, DC, MD, NJ, NY, PA)"
"374024","Adler Graduate School","2023","Minnesota","Plains (IA, KS, MN, MO, NE, ND, SD)"
"374316","Academy of Hair Design-Jackson","2023","Mississippi","Southeast (AL, AR, FL, GA, KY, LA, MS, NC, SC, TN, VA, WV)"
"374343","KC's School of Hair Design","2023","Mississippi","Southeast (AL, AR, FL, GA, KY, LA, MS, NC, SC, TN, VA, WV)"
"374574","Lincoln Technical Institute-Moorestown","2023","New Jersey","Mid East (DE, DC, MD, NJ, NY, PA)"
"374592","MCVSD","2023","New Jersey","Mid East (DE, DC, MD, NJ, NY, PA)"
"375106","National Tractor Trailer School Inc-Buffalo","2023","New York","Mid East (DE, DC, MD, NJ, NY, PA)"
"375230","Yeshiva Gedolah Imrei Yosef D'spinka","2023","New York","Mid East (DE, DC, MD, NJ, NY, PA)"
"375373","Knox County Career Center","2023","Ohio","Great Lakes (IL, IN, MI, OH, WI)"
"375407","Madison Adult Career Center","2023","Ohio","Great Lakes (IL, IN, MI, OH, WI)"
"375416","Remington College-Cleveland Campus","2023","Ohio","Great Lakes (IL, IN, MI, OH, WI)"
"375540","Toledo Academy of Beauty Culture-East","2023","Ohio","Great Lakes (IL, IN, MI, OH, WI)"
"375568","Brown & Clermont Adult Career Campuses","2023","Ohio","Great Lakes (IL, IN, MI, OH, WI)"
"375656","Chisholm Trail Technology Center","2023","Oklahoma","Southwest (AZ, NM, OK, TX)"
"375683","Gordon Cooper Technology Center","2023","Oklahoma","Southwest (AZ, NM, OK, TX)"
"375726","Kiamichi Technology Center-McAlester","2023","Oklahoma","Southwest (AZ, NM, OK, TX)"
"375939","YTI Career Institute-Altoona","2023","Pennsylvania","Mid East (DE, DC, MD, NJ, NY, PA)"
"375966","Eastern Center for Arts and Technology","2023","Pennsylvania","Mid East (DE, DC, MD, NJ, NY, PA)"
"375984","Empire Beauty School-Center City Philadelphia","2023","Pennsylvania","Mid East (DE, DC, MD, NJ, NY, PA)"
"376224","CEM College-Humacao","2023","Puerto Rico","Other U.S. jurisdictions (AS, FM, GU, MH, MP, PR, PW, VI)"
"376242","Colegio Mayor de Tecnologia Inc","2023","Puerto Rico","Other U.S. jurisdictions (AS, FM, GU, MH, MP, PR, PW, VI)"
"376288","Institucion Chaviano de Mayaguez","2023","Puerto Rico","Other U.S. jurisdictions (AS, FM, GU, MH, MP, PR, PW, VI)"
"376330","Liceo de Arte-Dise-O y Comercio","2023","Puerto Rico","Other U.S. jurisdictions (AS, FM, GU, MH, MP, PR, PW, VI)"
"376385","Universal Technology College of Puerto Rico","2023","Puerto Rico","Other U.S. jurisdictions (AS, FM, GU, MH, MP, PR, PW, VI)"
"376446","Academy of Hair Technology","2023","South Carolina","Southeast (AL, AR, FL, GA, KY, LA, MS, NC, SC, TN, VA, WV)"
"376631","Mr Wayne's School of Unisex Hair Design","2023","Tennessee","Southeast (AL, AR, FL, GA, KY, LA, MS, NC, SC, TN, VA, WV)"
"376677","Queen City College","2023","Tennessee","Southeast (AL, AR, FL, GA, KY, LA, MS, NC, SC, TN, VA, WV)"
"376695","College of the Marshall Islands","2023","Marshall Islands","Other U.S. jurisdictions (AS, FM, GU, MH, MP, PR, PW, VI)"
"377111","Remington College-Fort Worth Campus","2023","Texas","Southwest (AZ, NM, OK, TX)"
"377193","UCAS University of Cosmetology Arts & Sciences","2023","Texas","Southwest (AZ, NM, OK, TX)"
"377218","School of Automotive Machinists & Technology","2023","Texas","Southwest (AZ, NM, OK, TX)"
"377272","Nuvani Institute","2023","Texas","Southwest (AZ, NM, OK, TX)"
"377281","Nuvani Institute","2023","Texas","Southwest (AZ, NM, OK, TX)"
"377315","Texas College of Cosmetology-Abilene","2023","Texas","Southwest (AZ, NM, OK, TX)"
"377449","Centura College-Newport News","2023","Virginia","Southeast (AL, AR, FL, GA, KY, LA, MS, NC, SC, TN, VA, WV)"
"377458","Centura College-Norfolk","2023","Virginia","Southeast (AL, AR, FL, GA, KY, LA, MS, NC, SC, TN, VA, WV)"
"377485","Virginia Beach City Public Schools School of Practical Nursing","2023","Virginia","Southeast (AL, AR, FL, GA, KY, LA, MS, NC, SC, TN, VA, WV)"
"377546","Northwest College of Art & Design","2023","Washington","Far West (AK, CA, HI, NV, OR, WA)"
"377555","University of Washington-Bothell Campus","2023","Washington","Far West (AK, CA, HI, NV, OR, WA)"
"377564","University of Washington-Tacoma Campus","2023","Washington","Far West (AK, CA, HI, NV, OR, WA)"
"377643","Huntington School of Beauty Culture","2023","West Virginia","Southeast (AL, AR, FL, GA, KY, LA, MS, NC, SC, TN, VA, WV)"
"377652","Valley College-Beckley","2023","West Virginia","Southeast (AL, AR, FL, GA, KY, LA, MS, NC, SC, TN, VA, WV)"
"377661","Valley College-Martinsburg","2023","West Virginia","Southeast (AL, AR, FL, GA, KY, LA, MS, NC, SC, TN, VA, WV)"
"377722","Bellus Academy-Poway","2023","California","Far West (AK, CA, HI, NV, OR, WA)"
"377759","Capstone College","2023","California","Far West (AK, CA, HI, NV, OR, WA)"
"378105","Central Coast College","2023","California","Far West (AK, CA, HI, NV, OR, WA)"
"378576","Pacific College of Health and Science","2023","California","Far West (AK, CA, HI, NV, OR, WA)"
"378886","Artistic Nails and Beauty Academy-Tampa","2023","Florida","Southeast (AL, AR, FL, GA, KY, LA, MS, NC, SC, TN, VA, WV)"
"378956","National Aviation Academy of Tampa Bay","2023","Florida","Southeast (AL, AR, FL, GA, KY, LA, MS, NC, SC, TN, VA, WV)"
"379621","Madison Oneida BOCES-Practical Nursing Program","2023","New York","Mid East (DE, DC, MD, NJ, NY, PA)"
"379746","College of Health Care Professions","2023","Texas","Southwest (AZ, NM, OK, TX)"
"379782","Center for Advanced Legal Studies","2023","Texas","Southwest (AZ, NM, OK, TX)"
"380067","Houston Training School-Main Campus","2023","Texas","Southwest (AZ, NM, OK, TX)"
"380359","Bay Mills Community College","2023","Michigan","Great Lakes (IL, IN, MI, OH, WI)"
"380368","Fond du Lac Tribal and Community College","2023","Minnesota","Plains (IA, KS, MN, MO, NE, ND, SD)"
"380377","Northwest Indian College","2023","Washington","Far West (AK, CA, HI, NV, OR, WA)"
"380438","Provo College","2023","Utah","Rocky Mountains (CO, ID, MT, UT, WY)"
"381255","CET-Coachella","2023","California","Far West (AK, CA, HI, NV, OR, WA)"
"381282","CET-Oxnard","2023","California","Far West (AK, CA, HI, NV, OR, WA)"
"381325","CET-Santa Maria","2023","California","Far West (AK, CA, HI, NV, OR, WA)"
"381352","Colorado Chinese Medicine University","2023","Colorado","Rocky Mountains (CO, ID, MT, UT, WY)"
"381370","Michigan College of Beauty-Troy","2023","Michigan","Great Lakes (IL, IN, MI, OH, WI)"
"381404","Ogle School Hair Skin Nails-Dallas","2023","Texas","Southwest (AZ, NM, OK, TX)"
"381459","Phoenix Seminary","2023","Arizona","Southwest (AZ, NM, OK, TX)"
"381486","Faust Institute of Cosmetology-Spirit Lake","2023","Iowa","Plains (IA, KS, MN, MO, NE, ND, SD)"
"381699","Cheeks Beauty Academy","2023","Colorado","Rocky Mountains (CO, ID, MT, UT, WY)"
"381732","Colorado School of Healing Arts","2023","Colorado","Rocky Mountains (CO, ID, MT, UT, WY)"
"382258","Mt. Diablo Adult Education-Mt. Diablo USD","2023","California","Far West (AK, CA, HI, NV, OR, WA)"
"382416","Greater Lowell Technical School","2023","Massachusetts","New England (CT, ME, MA, NH, RI, VT)"
"382461","Academy of Hair Design-Pearl","2023","Mississippi","Southeast (AL, AR, FL, GA, KY, LA, MS, NC, SC, TN, VA, WV)"
"382780","Genesis Career College-Lebanon","2023","Tennessee","Southeast (AL, AR, FL, GA, KY, LA, MS, NC, SC, TN, VA, WV)"
"382911","Southwest College for the Deaf","2023","Texas","Southwest (AZ, NM, OK, TX)"
"382957","Fortis College-Richmond","2023","Virginia","Southeast (AL, AR, FL, GA, KY, LA, MS, NC, SC, TN, VA, WV)"
"383020","Midwest College of Oriental Medicine-Racine","2023","Wisconsin","Great Lakes (IL, IN, MI, OH, WI)"
"383084","Hacienda La Puente Adult Education","2023","California","Far West (AK, CA, HI, NV, OR, WA)"
"383163","La Belle Beauty Academy","2023","Florida","Southeast (AL, AR, FL, GA, KY, LA, MS, NC, SC, TN, VA, WV)"
"383190","Hawaii Community College","2023","Hawaii","Far West (AK, CA, HI, NV, OR, WA)"
"383279","Robert Fiance Beauty Schools-North Plainfield","2023","New Jersey","Mid East (DE, DC, MD, NJ, NY, PA)"
"383297","Long Island Beauty School-Hauppauge","2023","New York","Mid East (DE, DC, MD, NJ, NY, PA)"
"383312","Buckeye Joint Vocational School","2023","Ohio","Great Lakes (IL, IN, MI, OH, WI)"
"383330","Sandusky Career Center","2023","Ohio","Great Lakes (IL, IN, MI, OH, WI)"
"383367","Greater Altoona Career & Technology Center","2023","Pennsylvania","Mid East (DE, DC, MD, NJ, NY, PA)"
"383464","Central Texas Beauty College-Temple","2023","Texas","Southwest (AZ, NM, OK, TX)"
"383525","Erie 2 Chautauqua Cattaraugus BOCES-Practical Nursing Program","2023","New York","Mid East (DE, DC, MD, NJ, NY, PA)"
"383765","Empire Beauty School-Brooklyn","2023","New York","Mid East (DE, DC, MD, NJ, NY, PA)"
"383996","Eastern New Mexico University Ruidoso Branch Community College","2023","New Mexico","Southwest (AZ, NM, OK, TX)"
"384236","UEI College-Ontario","2023","California","Far West (AK, CA, HI, NV, OR, WA)"
"384245","UEI College-Reseda","2023","California","Far West (AK, CA, HI, NV, OR, WA)"
"384254","Beacon College","2023","Florida","Southeast (AL, AR, FL, GA, KY, LA, MS, NC, SC, TN, VA, WV)"
"384306","Acupuncture and Integrative Medicine College-Berkeley","2023","California","Far West (AK, CA, HI, NV, OR, WA)"
"384333","Estrella Mountain Community College","2023","Arizona","Southwest (AZ, NM, OK, TX)"
"384342","Heartland Community College","2023","Illinois","Great Lakes (IL, IN, MI, OH, WI)"
"384412","University of the Potomac-Washington DC Campus","2023","District of Columbia","Mid East (DE, DC, MD, NJ, NY, PA)"
"384421","Rabbi Jacob Joseph School","2023","New Jersey","Mid East (DE, DC, MD, NJ, NY, PA)"
"385132","The Salon Professional Academy-Melbourne","2023","Florida","Southeast (AL, AR, FL, GA, KY, LA, MS, NC, SC, TN, VA, WV)"
"385415","Albert Einstein College of Medicine","2023","New York","Mid East (DE, DC, MD, NJ, NY, PA)"
"385503","Fortis Institute-Scranton","2023","Pennsylvania","Mid East (DE, DC, MD, NJ, NY, PA)"
"385619","Everglades University","2023","Florida","Southeast (AL, AR, FL, GA, KY, LA, MS, NC, SC, TN, VA, WV)"
"386153","Seminar L'moros Bais Yaakov","2023","New York","Mid East (DE, DC, MD, NJ, NY, PA)"
"386472","Herzing University-Orlando","2023","Florida","Southeast (AL, AR, FL, GA, KY, LA, MS, NC, SC, TN, VA, WV)"
"387925","Cortiva Institute","2023","Florida","Southeast (AL, AR, FL, GA, KY, LA, MS, NC, SC, TN, VA, WV)"
"388520","College of Biblical Studies-Houston","2023","Texas","Southwest (AZ, NM, OK, TX)"
"389860","Mid-EastCTC-Adult Education","2023","Ohio","Great Lakes (IL, IN, MI, OH, WI)"
"390905","Polaris Career Center","2023","Ohio","Great Lakes (IL, IN, MI, OH, WI)"
"391005","P&A Scholars Beauty School","2023","Michigan","Great Lakes (IL, IN, MI, OH, WI)"
"391759","Sharp's Academy of Hairstyling","2023","Michigan","Great Lakes (IL, IN, MI, OH, WI)"
"392257","The College of Health Care Professions-Northwest","2023","Texas","Southwest (AZ, NM, OK, TX)"
"392354","School of Professional Horticulture, New York Botanical Garden","2023","New York","Mid East (DE, DC, MD, NJ, NY, PA)"
"392415","Fortis College","2023","Texas","Southwest (AZ, NM, OK, TX)"
"393649","UEI College-Gardena","2023","California","Far West (AK, CA, HI, NV, OR, WA)"
"393861","Asian-American International Beauty College","2023","California","Far West (AK, CA, HI, NV, OR, WA)"
"395362","Copper Mountain Community College","2023","California","Far West (AK, CA, HI, NV, OR, WA)"
"395690","Diversified Vocational College","2023","California","Far West (AK, CA, HI, NV, OR, WA)"
"397942","UEI College-Fresno","2023","California","Far West (AK, CA, HI, NV, OR, WA)"
"399212","Santiago Canyon College","2023","California","Far West (AK, CA, HI, NV, OR, WA)"
"399869","Southern California Institute of Technology","2023","California","Far West (AK, CA, HI, NV, OR, WA)"
"399911","Soka University of America","2023","California","Far West (AK, CA, HI, NV, OR, WA)"
"400080","Summit College","2023","California","Far West (AK, CA, HI, NV, OR, WA)"
"400187","Advance Beauty College","2023","California","Far West (AK, CA, HI, NV, OR, WA)"
"400558","Los Angeles Pacific College","2023","California","Far West (AK, CA, HI, NV, OR, WA)"
"401223","World Mission University","2023","California","Far West (AK, CA, HI, NV, OR, WA)"
"401250","Yo San University of Traditional Chinese Medicine","2023","California","Far West (AK, CA, HI, NV, OR, WA)"
"401764","John Amico School of Hair Design","2023","Illinois","Great Lakes (IL, IN, MI, OH, WI)"
"402563","Delta College Inc","2023","Louisiana","Southeast (AL, AR, FL, GA, KY, LA, MS, NC, SC, TN, VA, WV)"
"402800","Tri-State Cosmetology Institute","2023","Texas","Southwest (AZ, NM, OK, TX)"
"403469","Frontier Community College","2023","Illinois","Great Lakes (IL, IN, MI, OH, WI)"
"403478","Lincoln Trail College","2023","Illinois","Great Lakes (IL, IN, MI, OH, WI)"
"403487","Wabash Valley College","2023","Illinois","Great Lakes (IL, IN, MI, OH, WI)"
"404055","Brookline College-Tempe","2023","Arizona","Southwest (AZ, NM, OK, TX)"
"404222","Inter American University of Puerto Rico-School of Optometry","2023","Puerto Rico","Other U.S. jurisdictions (AS, FM, GU, MH, MP, PR, PW, VI)"
"404338","Schiller International University","2023","Florida","Southeast (AL, AR, FL, GA, KY, LA, MS, NC, SC, TN, VA, WV)"
"404426","Coconino Community College","2023","Arizona","Southwest (AZ, NM, OK, TX)"
"404480","University System of Maryland-Research Centers","2023","Maryland","Mid East (DE, DC, MD, NJ, NY, PA)"
"404684","Emma's Beauty Academy-Juana Diaz","2023","Puerto Rico","Other U.S. jurisdictions (AS, FM, GU, MH, MP, PR, PW, VI)"
"404718","Brillare Beauty Institute","2023","Tennessee","Southeast (AL, AR, FL, GA, KY, LA, MS, NC, SC, TN, VA, WV)"
"404912","Pima Medical Institute-Denver","2023","Colorado","Rocky Mountains (CO, ID, MT, UT, WY)"
"405012","Ohio State School of Cosmetology-Heath","2023","Ohio","Great Lakes (IL, IN, MI, OH, WI)"
"405058","Yeshivas Novominsk","2023","New York","Mid East (DE, DC, MD, NJ, NY, PA)"
"405076","Southern Careers Institute-Corpus Christi","2023","Texas","Southwest (AZ, NM, OK, TX)"
"405854","Rabbinical College of Ohr Shimon Yisroel","2023","New York","Mid East (DE, DC, MD, NJ, NY, PA)"
"405872","Carroll Community College","2023","Maryland","Mid East (DE, DC, MD, NJ, NY, PA)"
"406024","Galen College of Nursing-Tampa Bay","2023","Florida","Southeast (AL, AR, FL, GA, KY, LA, MS, NC, SC, TN, VA, WV)"
"406033","Galen College of Nursing-San Antonio","2023","Texas","Southwest (AZ, NM, OK, TX)"
"406149","Sarasota School of Massage Therapy","2023","Florida","Southeast (AL, AR, FL, GA, KY, LA, MS, NC, SC, TN, VA, WV)"
"406325","Schuyler Steuben Chemung Tioga Allegany BOCES","2023","New York","Mid East (DE, DC, MD, NJ, NY, PA)"
"406361","Delaware Chenango Madison Otsego BOCES-Practical Nursing Program","2023","New York","Mid East (DE, DC, MD, NJ, NY, PA)"
"406422","Central Susquehanna Intermediate Unit LPN Career","2023","Pennsylvania","Mid East (DE, DC, MD, NJ, NY, PA)"
"406486","Myotherapy Massage College","2023","Utah","Rocky Mountains (CO, ID, MT, UT, WY)"
"406547","City College-Gainesville","2023","Florida","Southeast (AL, AR, FL, GA, KY, LA, MS, NC, SC, TN, VA, WV)"
"407090","G Skin & Beauty Institute","2023","Illinois","Great Lakes (IL, IN, MI, OH, WI)"
"407142","Cosmetology Training Center","2023","Louisiana","Southeast (AL, AR, FL, GA, KY, LA, MS, NC, SC, TN, VA, WV)"
"407151","Stage One-The Hair School","2023","Louisiana","Southeast (AL, AR, FL, GA, KY, LA, MS, NC, SC, TN, VA, WV)"
"407179","Empire Beauty School-Malden","2023","Massachusetts","New England (CT, ME, MA, NH, RI, VT)"
"407355","Stephanie Moss Academy","2023","Nebraska","Plains (IA, KS, MN, MO, NE, ND, SD)"
"407434","Orlo School of Hair Design and Cosmetology","2023","New York","Mid East (DE, DC, MD, NJ, NY, PA)"
"407461","Eastland-Fairfield Career and Technical Schools","2023","Ohio","Great Lakes (IL, IN, MI, OH, WI)"
"407470","Empire Beauty School-Cincinnati","2023","Ohio","Great Lakes (IL, IN, MI, OH, WI)"
"407489","Mahoning County Career and Technical Center","2023","Ohio","Great Lakes (IL, IN, MI, OH, WI)"
"407513","Pickaway Ross Joint Vocational School District","2023","Ohio","Great Lakes (IL, IN, MI, OH, WI)"
"407522","Pioneer Career and Technology Center","2023","Ohio","Great Lakes (IL, IN, MI, OH, WI)"
"407568","Raphael's School of Beauty Culture Inc-Boardman","2023","Ohio","Great Lakes (IL, IN, MI, OH, WI)"
"407577","Scioto County Career Technical Center","2023","Ohio","Great Lakes (IL, IN, MI, OH, WI)"
"407595","Trumbull Career & Technical Center","2023","Ohio","Great Lakes (IL, IN, MI, OH, WI)"
"407610","Pacific Bible College","2023","Oregon","Far West (AK, CA, HI, NV, OR, WA)"
"407629","Lake Erie College of Osteopathic Medicine","2023","Pennsylvania","Mid East (DE, DC, MD, NJ, NY, PA)"
"407683","UCAS University of Cosmetology Arts & Sciences-Harlingen","2023","Texas","Southwest (AZ, NM, OK, TX)"
"407708","KaiStar","2023","Washington","Far West (AK, CA, HI, NV, OR, WA)"
"407735","Empire Beauty School-Green Bay","2023","Wisconsin","Great Lakes (IL, IN, MI, OH, WI)"
"407832","Warren County Career Center","2023","Ohio","Great Lakes (IL, IN, MI, OH, WI)"
"408066","Paul Mitchell the School-Wichita","2023","Kansas","Plains (IA, KS, MN, MO, NE, ND, SD)"
"408163","Pinnacle Institute of Cosmetology","2023","North Carolina","Southeast (AL, AR, FL, GA, KY, LA, MS, NC, SC, TN, VA, WV)"
"408385","Southern Careers Institute-Pharr","2023","Texas","Southwest (AZ, NM, OK, TX)"
"408729","Laurel Technical Institute","2023","Pennsylvania","Mid East (DE, DC, MD, NJ, NY, PA)"
"408844","Florida National University-Main Campus","2023","Florida","Southeast (AL, AR, FL, GA, KY, LA, MS, NC, SC, TN, VA, WV)"
"408862","Georgia Institute of Cosmetology","2023","Georgia","Southeast (AL, AR, FL, GA, KY, LA, MS, NC, SC, TN, VA, WV)"
"409032","Nouvelle Institute","2023","Florida","Southeast (AL, AR, FL, GA, KY, LA, MS, NC, SC, TN, VA, WV)"
"409120","Franklin Technology Center Adult Education","2023","Missouri","Plains (IA, KS, MN, MO, NE, ND, SD)"
"409193","Professional Technical Institution","2023","Puerto Rico","Other U.S. jurisdictions (AS, FM, GU, MH, MP, PR, PW, VI)"
"409254","Erikson Institute","2023","Illinois","Great Lakes (IL, IN, MI, OH, WI)"
"409315","South Texas College","2023","Texas","Southwest (AZ, NM, OK, TX)"
"409379","Tennessee Board of Regents","2023","Tennessee","Southeast (AL, AR, FL, GA, KY, LA, MS, NC, SC, TN, VA, WV)"
"409537","Pike County Joint Vocational School District","2023","Ohio","Great Lakes (IL, IN, MI, OH, WI)"
"409591","Lorain County Joint Vocational School District","2023","Ohio","Great Lakes (IL, IN, MI, OH, WI)"
"409616","Roger Williams University School of Law","2023","Rhode Island","New England (CT, ME, MA, NH, RI, VT)"
"409698","California State University-Monterey Bay","2023","California","Far West (AK, CA, HI, NV, OR, WA)"
"410797","Ohio Media School-Valley View","2023","Ohio","Great Lakes (IL, IN, MI, OH, WI)"
"410964","EINE Inc","2023","Massachusetts","New England (CT, ME, MA, NH, RI, VT)"
"411684","Marian Health Careers Center-Los Angeles Campus","2023","California","Far West (AK, CA, HI, NV, OR, WA)"
"411754","Cleveland Clinic Health System-School of Diagnostic Imaging","2023","Ohio","Great Lakes (IL, IN, MI, OH, WI)"
"412173","Academy for Nursing and Health Occupations","2023","Florida","Southeast (AL, AR, FL, GA, KY, LA, MS, NC, SC, TN, VA, WV)"
"412535","Shawsheen Valley School of Practical Nursing","2023","Massachusetts","New England (CT, ME, MA, NH, RI, VT)"
"412544","Shear Ego International School of Hair Design","2023","New York","Mid East (DE, DC, MD, NJ, NY, PA)"
"412599","Remington College-Memphis Campus","2023","Tennessee","Southeast (AL, AR, FL, GA, KY, LA, MS, NC, SC, TN, VA, WV)"
"413176","Fayette Institute of Technology","2023","West Virginia","Southeast (AL, AR, FL, GA, KY, LA, MS, NC, SC, TN, VA, WV)"
"413413","Capella University","2023","Minnesota","Plains (IA, KS, MN, MO, NE, ND, SD)"
"413617","College of Menominee Nation","2023","Wisconsin","Great Lakes (IL, IN, MI, OH, WI)"
"413626","Leech Lake Tribal College","2023","Minnesota","Plains (IA, KS, MN, MO, NE, ND, SD)"
"413680","Spartan College of Aeronautics & Technology","2023","California","Far West (AK, CA, HI, NV, OR, WA)"
"413820","Yukon Beauty College Inc","2023","Oklahoma","Southwest (AZ, NM, OK, TX)"
"413893","United Education Institute-Morrow","2023","Georgia","Southeast (AL, AR, FL, GA, KY, LA, MS, NC, SC, TN, VA, WV)"
"413972","Mitchells Academy","2023","North Carolina","Southeast (AL, AR, FL, GA, KY, LA, MS, NC, SC, TN, VA, WV)"
"414063","Artistic Academy of Hair Design","2023","New Jersey","Mid East (DE, DC, MD, NJ, NY, PA)"
"414124","Motoring Technical Training Institute","2023","Massachusetts","New England (CT, ME, MA, NH, RI, VT)"
"414461","Mech-Tech College","2023","Puerto Rico","Other U.S. jurisdictions (AS, FM, GU, MH, MP, PR, PW, VI)"
"414489","Baldwin Beauty School-North Austin","2023","Texas","Southwest (AZ, NM, OK, TX)"
"414540","Jean Madeline Aveda Institute","2023","Pennsylvania","Mid East (DE, DC, MD, NJ, NY, PA)"
"414595","Pacific College of Health and Science","2023","New York","Mid East (DE, DC, MD, NJ, NY, PA)"
"414869","Tricoci University of Beauty Culture-Indianapolis","2023","Indiana","Great Lakes (IL, IN, MI, OH, WI)"
"414878","Trine University-Regional/Non-Traditional Campuses","2023","Indiana","Great Lakes (IL, IN, MI, OH, WI)"
"414911","Pennsylvania Highlands Community College","2023","Pennsylvania","Mid East (DE, DC, MD, NJ, NY, PA)"
"414939","Nevada Career Institute","2023","Nevada","Far West (AK, CA, HI, NV, OR, WA)"
"414966","Phillips Theological Seminary","2023","Oklahoma","Southwest (AZ, NM, OK, TX)"
"415039","Empire Beauty School-Hanover","2023","Pennsylvania","Mid East (DE, DC, MD, NJ, NY, PA)"
"415057","Industrial Management Training Institute","2023","Connecticut","New England (CT, ME, MA, NH, RI, VT)"
"415987","Allen School-Jamaica","2023","New York","Mid East (DE, DC, MD, NJ, NY, PA)"
"416458","Premiere Career College","2023","California","Far West (AK, CA, HI, NV, OR, WA)"
"416801","The University of Texas MD Anderson Cancer Center","2023","Texas","Southwest (AZ, NM, OK, TX)"
"417008","Paul Mitchell the School-Huntsville","2023","Alabama","Southeast (AL, AR, FL, GA, KY, LA, MS, NC, SC, TN, VA, WV)"
"417062","Estes Institute of Cosmetology Arts and Science","2023","California","Far West (AK, CA, HI, NV, OR, WA)"
"417105","Baldwin Park Adult & Community Education","2023","California","Far West (AK, CA, HI, NV, OR, WA)"
"417123","Ventura Adult and Continuing Education","2023","California","Far West (AK, CA, HI, NV, OR, WA)"
"417248","CT Aerotech","2023","Connecticut","New England (CT, ME, MA, NH, RI, VT)"
"417275","Stratford School for Aviation Maintenance Technicians","2023","Connecticut","New England (CT, ME, MA, NH, RI, VT)"
"417327","City College-Altamonte Springs","2023","Florida","Southeast (AL, AR, FL, GA, KY, LA, MS, NC, SC, TN, VA, WV)"
"417442","Career Center of Southern Illinois","2023","Illinois","Great Lakes (IL, IN, MI, OH, WI)"
"417503","Crave Beauty Academy","2023","Kansas","Plains (IA, KS, MN, MO, NE, ND, SD)"
"417600","Hastings Beauty School","2023","Minnesota","Plains (IA, KS, MN, MO, NE, ND, SD)"
"417628","Kirksville Area Technical Center","2023","Missouri","Plains (IA, KS, MN, MO, NE, ND, SD)"
"417637","Southern Missouri Technical Institute","2023","Missouri","Plains (IA, KS, MN, MO, NE, ND, SD)"
"417646","Saline County Career Center","2023","Missouri","Plains (IA, KS, MN, MO, NE, ND, SD)"
"417655","Warrensburg Area Career Center","2023","Missouri","Plains (IA, KS, MN, MO, NE, ND, SD)"
"417682","Cass Career Center","2023","Missouri","Plains (IA, KS, MN, MO, NE, ND, SD)"
"417716","Applied Technology Services","2023","Missouri","Plains (IA, KS, MN, MO, NE, ND, SD)"
"417725","Central College of Cosmetology","2023","Missouri","Plains (IA, KS, MN, MO, NE, ND, SD)"
"417734","Southeast Missouri Hospital College of Nursing and Health Sciences","2023","Missouri","Plains (IA, KS, MN, MO, NE, ND, SD)"
"417752","Messenger College","2023","Texas","Southwest (AZ, NM, OK, TX)"
"417831","Union County Vocational Technical School","2023","New Jersey","Mid East (DE, DC, MD, NJ, NY, PA)"
"417840","Prism Career Institute-Philadelphia","2023","Pennsylvania","Mid East (DE, DC, MD, NJ, NY, PA)"
"417868","Clinton Essex Warren Washington BOCES","2023","New York","Mid East (DE, DC, MD, NJ, NY, PA)"
"417886","Jefferson Lewis BOCES-Practical Nursing Program","2023","New York","Mid East (DE, DC, MD, NJ, NY, PA)"
"417910","Veeb Nassau County School of Practical Nursing","2023","New York","Mid East (DE, DC, MD, NJ, NY, PA)"
"417983","Cattaraugus Allegany BOCES-Practical Nursing Program","2023","New York","Mid East (DE, DC, MD, NJ, NY, PA)"
"417992","Orange Ulster BOCES-Practical Nursing Program","2023","New York","Mid East (DE, DC, MD, NJ, NY, PA)"
"418001","Wayne Finger Lakes BOCES-Practical Nursing Program","2023","New York","Mid East (DE, DC, MD, NJ, NY, PA)"
"418010","Broome Delaware Tioga BOCES-Practical Nursing Program","2023","New York","Mid East (DE, DC, MD, NJ, NY, PA)"
"418029","Washington Saratoga Warren Hamilton Essex BOCES-Practical Nursing Program","2023","New York","Mid East (DE, DC, MD, NJ, NY, PA)"
"418038","Albany BOCES-Adult Practical Nursing Program","2023","New York","Mid East (DE, DC, MD, NJ, NY, PA)"
"418065","Eastern Suffolk BOCES","2023","New York","Mid East (DE, DC, MD, NJ, NY, PA)"
"418083","Rockland County BOCES-Practical Nursing Program","2023","New York","Mid East (DE, DC, MD, NJ, NY, PA)"
"418126","New York College of Health Professions","2023","New York","Mid East (DE, DC, MD, NJ, NY, PA)"
"418171","Charles Stuart School of Diamond Setting","2023","New York","Mid East (DE, DC, MD, NJ, NY, PA)"
"418199","Penta County Joint Vocational School","2023","Ohio","Great Lakes (IL, IN, MI, OH, WI)"
"418205","Career and Technology Education Centers of Licking County","2023","Ohio","Great Lakes (IL, IN, MI, OH, WI)"
"418223","Northern Career Institute","2023","Ohio","Great Lakes (IL, IN, MI, OH, WI)"
"418250","Washington County Career Center-Adult Technical Training","2023","Ohio","Great Lakes (IL, IN, MI, OH, WI)"
"418269","Ohio Media School-Cincinnati","2023","Ohio","Great Lakes (IL, IN, MI, OH, WI)"
"418278","Vantage Career Center","2023","Ohio","Great Lakes (IL, IN, MI, OH, WI)"
"418296","Indian Capital Technology Center-Muskogee","2023","Oklahoma","Southwest (AZ, NM, OK, TX)"
"418302","Western Technology Center","2023","Oklahoma","Southwest (AZ, NM, OK, TX)"
"418320","Mid-America Technology Center","2023","Oklahoma","Southwest (AZ, NM, OK, TX)"
"418348","Eastern Oklahoma County Technology Center","2023","Oklahoma","Southwest (AZ, NM, OK, TX)"
"418357","Wes Watkins Technology Center","2023","Oklahoma","Southwest (AZ, NM, OK, TX)"
"418409","York County School of Technology-Adult & Continuing Education","2023","Pennsylvania","Mid East (DE, DC, MD, NJ, NY, PA)"
"418427","Chester County Intermediate Unit","2023","Pennsylvania","Mid East (DE, DC, MD, NJ, NY, PA)"
"418445","Jefferson County Dubois Area Vocational Technical Practical Nursing Program","2023","Pennsylvania","Mid East (DE, DC, MD, NJ, NY, PA)"
"418454","Greater Johnstown Career and Technology Center","2023","Pennsylvania","Mid East (DE, DC, MD, NJ, NY, PA)"
"418481","Mifflin County Academy of Science and Technology","2023","Pennsylvania","Mid East (DE, DC, MD, NJ, NY, PA)"
"418515","Lenape Technical School Practical Nursing Program","2023","Pennsylvania","Mid East (DE, DC, MD, NJ, NY, PA)"
"418524","Venango County Area Vocational Technical School","2023","Pennsylvania","Mid East (DE, DC, MD, NJ, NY, PA)"
"418533","Lancaster County Career and Technology Center","2023","Pennsylvania","Mid East (DE, DC, MD, NJ, NY, PA)"
"418542","Lebanon County Area Vocational Technical School","2023","Pennsylvania","Mid East (DE, DC, MD, NJ, NY, PA)"
"418560","Indiana County Technology Center","2023","Pennsylvania","Mid East (DE, DC, MD, NJ, NY, PA)"
"418588","Northern Tier Career Center","2023","Pennsylvania","Mid East (DE, DC, MD, NJ, NY, PA)"
"418612","Hazleton Area Career Center","2023","Pennsylvania","Mid East (DE, DC, MD, NJ, NY, PA)"
"418658","All-State Career School-Pittsburgh","2023","Pennsylvania","Mid East (DE, DC, MD, NJ, NY, PA)"
"418764","Quality Technical and Beauty College","2023","Puerto Rico","Other U.S. jurisdictions (AS, FM, GU, MH, MP, PR, PW, VI)"
"418773","D'Mart Institute","2023","Puerto Rico","Other U.S. jurisdictions (AS, FM, GU, MH, MP, PR, PW, VI)"
"418782","Automeca Technical College-Aguadilla","2023","Puerto Rico","Other U.S. jurisdictions (AS, FM, GU, MH, MP, PR, PW, VI)"
"418889","North Central Institute","2023","Tennessee","Southeast (AL, AR, FL, GA, KY, LA, MS, NC, SC, TN, VA, WV)"
"418913","Pipo Academy of Hair Design","2023","Texas","Southwest (AZ, NM, OK, TX)"
"418968","Tint School of Makeup and Cosmetology-Dallas","2023","Texas","Southwest (AZ, NM, OK, TX)"
"419031","United Technical Center","2023","West Virginia","Southeast (AL, AR, FL, GA, KY, LA, MS, NC, SC, TN, VA, WV)"
"419095","Charles H McCann Technical School","2023","Massachusetts","New England (CT, ME, MA, NH, RI, VT)"
"419183","Central California School of Continuing Education","2023","California","Far West (AK, CA, HI, NV, OR, WA)"
"419217","HCA Florida Mercy Hospital School of Practical Nursing","2023","Florida","Southeast (AL, AR, FL, GA, KY, LA, MS, NC, SC, TN, VA, WV)"
"419226","Marion Technical College","2023","Florida","Southeast (AL, AR, FL, GA, KY, LA, MS, NC, SC, TN, VA, WV)"
"419235","Rivertown School of Beauty Barber Skin Care and Nails","2023","Georgia","Southeast (AL, AR, FL, GA, KY, LA, MS, NC, SC, TN, VA, WV)"
"419244","Atlanta Institute of Music and Media","2023","Georgia","Southeast (AL, AR, FL, GA, KY, LA, MS, NC, SC, TN, VA, WV)"
"419253","Illinois Media School","2023","Illinois","Great Lakes (IL, IN, MI, OH, WI)"
"419280","New Dimensions School of Hair Design","2023","Missouri","Plains (IA, KS, MN, MO, NE, ND, SD)"
"419341","Jna Institute of Culinary Arts","2023","Pennsylvania","Mid East (DE, DC, MD, NJ, NY, PA)"
"419420","Putnam Career and Technical Center","2023","West Virginia","Southeast (AL, AR, FL, GA, KY, LA, MS, NC, SC, TN, VA, WV)"
"419484","Crawford County Career and Technical Center Practical Nursing Program","2023","Pennsylvania","Mid East (DE, DC, MD, NJ, NY, PA)"
"419633","Texas College of Cosmetology-San Angelo","2023","Texas","Southwest (AZ, NM, OK, TX)"
"419703","Automeca Technical College-Bayamon","2023","Puerto Rico","Other U.S. jurisdictions (AS, FM, GU, MH, MP, PR, PW, VI)"
"419712","Automeca Technical College-Caguas","2023","Puerto Rico","Other U.S. jurisdictions (AS, FM, GU, MH, MP, PR, PW, VI)"
"419721","Automeca Technical College-Ponce","2023","Puerto Rico","Other U.S. jurisdictions (AS, FM, GU, MH, MP, PR, PW, VI)"
"420024","Centura College-Chesapeake","2023","Virginia","Southeast (AL, AR, FL, GA, KY, LA, MS, NC, SC, TN, VA, WV)"
"420042","University of Phoenix-Hawaii","2023","Hawaii","Far West (AK, CA, HI, NV, OR, WA)"
"420130","Prism Career Institute-Cherry Hill","2023","New Jersey","Mid East (DE, DC, MD, NJ, NY, PA)"
"420246","Sonoran University of Health Sciences","2023","Arizona","Southwest (AZ, NM, OK, TX)"
"420255","Escuela de Peritos Electricistas de Isabela Inc","2023","Puerto Rico","Other U.S. jurisdictions (AS, FM, GU, MH, MP, PR, PW, VI)"
"420325","Yeshiva D'monsey Rabbinical College","2023","New York","Mid East (DE, DC, MD, NJ, NY, PA)"
"420343","Lincoln Technical Institute-Mahwah","2023","New Jersey","Mid East (DE, DC, MD, NJ, NY, PA)"
"420370","Career Technical Institute","2023","District of Columbia","Mid East (DE, DC, MD, NJ, NY, PA)"
"420398","Northwest Vista College","2023","Texas","Southwest (AZ, NM, OK, TX)"
"420431","Oconee Fall Line Technical College","2023","Georgia","Southeast (AL, AR, FL, GA, KY, LA, MS, NC, SC, TN, VA, WV)"
"420440","York County Community College","2023","Maine","New England (CT, ME, MA, NH, RI, VT)"
"420468","Western Suffolk BOCES","2023","New York","Mid East (DE, DC, MD, NJ, NY, PA)"
"420538","Arkansas State University-Mountain Home","2023","Arkansas","Southeast (AL, AR, FL, GA, KY, LA, MS, NC, SC, TN, VA, WV)"
"420556","Columbia Gorge Community College","2023","Oregon","Far West (AK, CA, HI, NV, OR, WA)"
"420705","Bakke Graduate University","2023","Texas","Southwest (AZ, NM, OK, TX)"
"420723","Tillamook Bay Community College","2023","Oregon","Far West (AK, CA, HI, NV, OR, WA)"
"420802","Arizona Board of Regents","2023","Arizona","Southwest (AZ, NM, OK, TX)"
"420981","Manhattan School of Computer Technology","2023","New York","Mid East (DE, DC, MD, NJ, NY, PA)"
"421513","Ross College-Hopkinsville","2023","Kentucky","Southeast (AL, AR, FL, GA, KY, LA, MS, NC, SC, TN, VA, WV)"
"421610","Paul Mitchell the School-St. George","2023","Utah","Rocky Mountains (CO, ID, MT, UT, WY)"
"421665","Cadillac Institute of Cosmetology","2023","Michigan","Great Lakes (IL, IN, MI, OH, WI)"
"421708","Arizona College of Nursing-Tempe","2023","Arizona","Southwest (AZ, NM, OK, TX)"
"421717","Vanguard-Sentinel Adult Career and Technology Center","2023","Ohio","Great Lakes (IL, IN, MI, OH, WI)"
"421771","Academy of Beauty Professionals","2023","Missouri","Plains (IA, KS, MN, MO, NE, ND, SD)"
"421841","New York Conservatory for Dramatic Arts","2023","New York","Mid East (DE, DC, MD, NJ, NY, PA)"
"421878","Eastern International College-Jersey City","2023","New Jersey","Mid East (DE, DC, MD, NJ, NY, PA)"
"421896","Academia Serrant Inc","2023","Puerto Rico","Other U.S. jurisdictions (AS, FM, GU, MH, MP, PR, PW, VI)"
"422020","San Joaquin Valley College-Trades Education Center","2023","California","Far West (AK, CA, HI, NV, OR, WA)"
"422695","Pacific College","2023","California","Far West (AK, CA, HI, NV, OR, WA)"
"422835","American College of Healthcare and Technology","2023","California","Far West (AK, CA, HI, NV, OR, WA)"
"423120","Compu-Med Vocational Careers Corp","2023","Florida","Southeast (AL, AR, FL, GA, KY, LA, MS, NC, SC, TN, VA, WV)"
"423397","Advantage Technical College","2023","Puerto Rico","Other U.S. jurisdictions (AS, FM, GU, MH, MP, PR, PW, VI)"
"423412","Mid Cities Barber College","2023","Texas","Southwest (AZ, NM, OK, TX)"
"423643","Midwestern University-Glendale","2023","Arizona","Southwest (AZ, NM, OK, TX)"
"423652","Oregon Coast Community College","2023","Oregon","Far West (AK, CA, HI, NV, OR, WA)"
"425250","Gwinnett College-Sandy Springs","2023","Georgia","Southeast (AL, AR, FL, GA, KY, LA, MS, NC, SC, TN, VA, WV)"
"425986","Mildred Elley-Pittsfield Campus","2023","Massachusetts","New England (CT, ME, MA, NH, RI, VT)"
"426314","Embry-Riddle Aeronautical University-Worldwide","2023","Florida","Southeast (AL, AR, FL, GA, KY, LA, MS, NC, SC, TN, VA, WV)"
"427308","Merkaz Bnos-Business School","2023","New York","Mid East (DE, DC, MD, NJ, NY, PA)"
"427335","Lia Schorr Institute of Cosmetic Skin Care Training","2023","New York","Mid East (DE, DC, MD, NJ, NY, PA)"
"427894","CET-Alexandria","2023","Virginia","Southeast (AL, AR, FL, GA, KY, LA, MS, NC, SC, TN, VA, WV)"
"427973","Aviation Institute of Maintenance-Norfolk","2023","Virginia","Southeast (AL, AR, FL, GA, KY, LA, MS, NC, SC, TN, VA, WV)"
"427982","Centura College-Richmond Main","2023","Virginia","Southeast (AL, AR, FL, GA, KY, LA, MS, NC, SC, TN, VA, WV)"
"427991","Osceola Technical College","2023","Florida","Southeast (AL, AR, FL, GA, KY, LA, MS, NC, SC, TN, VA, WV)"
"428000","Miami Ad School","2023","Florida","Southeast (AL, AR, FL, GA, KY, LA, MS, NC, SC, TN, VA, WV)"
"428019","Green Country Technology Center","2023","Oklahoma","Southwest (AZ, NM, OK, TX)"
"428055","Nova College de Puerto Rico","2023","Puerto Rico","Other U.S. jurisdictions (AS, FM, GU, MH, MP, PR, PW, VI)"
"428125","John Wesley International Barber and Beauty College","2023","California","Far West (AK, CA, HI, NV, OR, WA)"
"428170","Southeastern College-West Palm Beach","2023","Florida","Southeast (AL, AR, FL, GA, KY, LA, MS, NC, SC, TN, VA, WV)"
"428259","Ottawa University-Milwaukee","2023","Wisconsin","Great Lakes (IL, IN, MI, OH, WI)"
"428392","Klamath Community College","2023","Oregon","Far West (AK, CA, HI, NV, OR, WA)"
"428426","San Bernardino Community College District","2023","California","Far West (AK, CA, HI, NV, OR, WA)"
"428453","Minnesota State Colleges and Universities System Office","2023","Minnesota","Plains (IA, KS, MN, MO, NE, ND, SD)"
"429085","American College of Acupuncture and Oriental Med","2023","Texas","Southwest (AZ, NM, OK, TX)"
"429094","AOMA Graduate School of Integrative Medicine","2023","Texas","Southwest (AZ, NM, OK, TX)"
"429128","Urban College of Boston","2023","Massachusetts","New England (CT, ME, MA, NH, RI, VT)"
"430184","Strayer University-Maryland","2023","Maryland","Mid East (DE, DC, MD, NJ, NY, PA)"
"430227","Empire Beauty School-Monroeville","2023","Pennsylvania","Mid East (DE, DC, MD, NJ, NY, PA)"
"430245","Southern Careers Institute-San Antonio","2023","Texas","Southwest (AZ, NM, OK, TX)"
"430306","Cayce/Reilly School of Massage","2023","Virginia","Southeast (AL, AR, FL, GA, KY, LA, MS, NC, SC, TN, VA, WV)"
"430403","Prism Career Institute-West Atlantic City","2023","New Jersey","Mid East (DE, DC, MD, NJ, NY, PA)"
"430564","Studio Jewelers","2023","New York","Mid East (DE, DC, MD, NJ, NY, PA)"
"430582","Praxis Institute","2023","Florida","Southeast (AL, AR, FL, GA, KY, LA, MS, NC, SC, TN, VA, WV)"
"430670","San Juan Bautista School of Medicine","2023","Puerto Rico","Other U.S. jurisdictions (AS, FM, GU, MH, MP, PR, PW, VI)"
"430704","Texas Health and Science University","2023","Texas","Southwest (AZ, NM, OK, TX)"
"430795","Carver Career Center","2023","West Virginia","Southeast (AL, AR, FL, GA, KY, LA, MS, NC, SC, TN, VA, WV)"
"430883","Cayuga Onondaga BOCES-Practical Nursing Program","2023","New York","Mid East (DE, DC, MD, NJ, NY, PA)"
"430908","Clearfield County Career and Technology Center","2023","Pennsylvania","Mid East (DE, DC, MD, NJ, NY, PA)"
"430935","Colegio de Cinematografía Artes y Television","2023","Puerto Rico","Other U.S. jurisdictions (AS, FM, GU, MH, MP, PR, PW, VI)"
"430971","Delaware County Technical School-Practical Nursing Program","2023","Pennsylvania","Mid East (DE, DC, MD, NJ, NY, PA)"
"431017","Mid-Del Technology Center","2023","Oklahoma","Southwest (AZ, NM, OK, TX)"
"431071","New York Institute of Massage Inc","2023","New York","Mid East (DE, DC, MD, NJ, NY, PA)"
"431105","Dutchess BOCES-Practical Nursing Program","2023","New York","Mid East (DE, DC, MD, NJ, NY, PA)"
"431123","Escuela Tecnica de Electricidad","2023","Puerto Rico","Other U.S. jurisdictions (AS, FM, GU, MH, MP, PR, PW, VI)"
"431141","Institute of Technology","2023","California","Far West (AK, CA, HI, NV, OR, WA)"
"431187","Bristol Technical Education Center","2023","Connecticut","New England (CT, ME, MA, NH, RI, VT)"
"431196","Genesee Valley BOCES-Practical Nursing Program","2023","New York","Mid East (DE, DC, MD, NJ, NY, PA)"
"431266","Henrico County-Saint Marys Hospital School of Practical Nursing","2023","Virginia","Southeast (AL, AR, FL, GA, KY, LA, MS, NC, SC, TN, VA, WV)"
"431275","Herkimer County BOCES-Practical Nursing Program","2023","New York","Mid East (DE, DC, MD, NJ, NY, PA)"
"431284","Graduate America College","2023","Texas","Southwest (AZ, NM, OK, TX)"
"431558","Cape Coral Technical College","2023","Florida","Southeast (AL, AR, FL, GA, KY, LA, MS, NC, SC, TN, VA, WV)"
"431600","UPMC Mercy School of Nursing","2023","Pennsylvania","Mid East (DE, DC, MD, NJ, NY, PA)"
"431716","Ocean County Vocational-Technical School","2023","New Jersey","Mid East (DE, DC, MD, NJ, NY, PA)"
"431983","Yeshiva of the Telshe Alumni","2023","New York","Mid East (DE, DC, MD, NJ, NY, PA)"
"432117","Kenneth Shuler School of Cosmetology-Rock Hill","2023","South Carolina","Southeast (AL, AR, FL, GA, KY, LA, MS, NC, SC, TN, VA, WV)"
"432144","South Orange County Community College District","2023","California","Far West (AK, CA, HI, NV, OR, WA)"
"432269","CET-El Paso","2023","Texas","Southwest (AZ, NM, OK, TX)"
"432348","Appalachian School of Law","2023","Virginia","Southeast (AL, AR, FL, GA, KY, LA, MS, NC, SC, TN, VA, WV)"
"432384","Platt College-Ontario","2023","California","Far West (AK, CA, HI, NV, OR, WA)"
"432524","Delaware College of Art and Design","2023","Delaware","Mid East (DE, DC, MD, NJ, NY, PA)"
"433004","American University of Health Sciences","2023","California","Far West (AK, CA, HI, NV, OR, WA)"
"433013","Career Networks Institute","2023","California","Far West (AK, CA, HI, NV, OR, WA)"
"433040","Monty Tech","2023","Massachusetts","New England (CT, ME, MA, NH, RI, VT)"
"433068","Okaloosa Technical College","2023","Florida","Southeast (AL, AR, FL, GA, KY, LA, MS, NC, SC, TN, VA, WV)"
"433101","Lincoln Technical Institute-Lincoln","2023","Rhode Island","New England (CT, ME, MA, NH, RI, VT)"
"433138","Wayne County Schools Career Center","2023","Ohio","Great Lakes (IL, IN, MI, OH, WI)"
"433174","Carolinas College of Health Sciences","2023","North Carolina","Southeast (AL, AR, FL, GA, KY, LA, MS, NC, SC, TN, VA, WV)"
"433387","Western Governors University","2023","Utah","Rocky Mountains (CO, ID, MT, UT, WY)"
"433420","California Aeronautical University","2023","California","Far West (AK, CA, HI, NV, OR, WA)"
"433536","Herzing University-New Orleans","2023","Louisiana","Southeast (AL, AR, FL, GA, KY, LA, MS, NC, SC, TN, VA, WV)"
"433660","Florida Gulf Coast University","2023","Florida","Southeast (AL, AR, FL, GA, KY, LA, MS, NC, SC, TN, VA, WV)"
"434016","Little Priest Tribal College","2023","Nebraska","Plains (IA, KS, MN, MO, NE, ND, SD)"
"434061","South Louisiana Community College","2023","Louisiana","Southeast (AL, AR, FL, GA, KY, LA, MS, NC, SC, TN, VA, WV)"
"434140","Pima Medical Institute-Chula Vista","2023","California","Far West (AK, CA, HI, NV, OR, WA)"
"434159","Lincoln College of Technology-Marietta","2023","Georgia","Southeast (AL, AR, FL, GA, KY, LA, MS, NC, SC, TN, VA, WV)"
"434274","Academy of Hair Design-Lufkin","2023","Texas","Southwest (AZ, NM, OK, TX)"
"434283","Pathway Vocational Academy","2023","Texas","Southwest (AZ, NM, OK, TX)"
"434308","Cortiva Institute","2023","Maryland","Mid East (DE, DC, MD, NJ, NY, PA)"
"434344","Toni & Guy Hairdressing Academy-Worcester","2023","Massachusetts","New England (CT, ME, MA, NH, RI, VT)"
"434362","Northwest HVAC/R Training Center","2023","Washington","Far West (AK, CA, HI, NV, OR, WA)"
"434432","Myotherapy Institute","2023","Nebraska","Plains (IA, KS, MN, MO, NE, ND, SD)"
"434441","Florida College of Integrative Medicine","2023","Florida","Southeast (AL, AR, FL, GA, KY, LA, MS, NC, SC, TN, VA, WV)"
"434469","New Professions Technical Institute","2023","Florida","Southeast (AL, AR, FL, GA, KY, LA, MS, NC, SC, TN, VA, WV)"
"434496","Strand College of Hair Design","2023","South Carolina","Southeast (AL, AR, FL, GA, KY, LA, MS, NC, SC, TN, VA, WV)"
"434539","City College-Miami","2023","Florida","Southeast (AL, AR, FL, GA, KY, LA, MS, NC, SC, TN, VA, WV)"
"434584","Ilisagvik College","2023","Alaska","Far West (AK, CA, HI, NV, OR, WA)"
"434672","Community College of Baltimore County","2023","Maryland","Mid East (DE, DC, MD, NJ, NY, PA)"
"434751","White Earth Tribal and Community College","2023","Minnesota","Plains (IA, KS, MN, MO, NE, ND, SD)"
"434821","Blue Cliff College-Metairie","2023","Louisiana","Southeast (AL, AR, FL, GA, KY, LA, MS, NC, SC, TN, VA, WV)"
"434830","Creative Images Institute of Cosmetology-North Dayton","2023","Ohio","Great Lakes (IL, IN, MI, OH, WI)"
"434900","Dewey University-Carolina","2023","Puerto Rico","Other U.S. jurisdictions (AS, FM, GU, MH, MP, PR, PW, VI)"
"434937","Yeshiva College of the Nations Capital","2023","Maryland","Mid East (DE, DC, MD, NJ, NY, PA)"
"435000","Louisiana State University Health Sciences Center-Shreveport","2023","Louisiana","Southeast (AL, AR, FL, GA, KY, LA, MS, NC, SC, TN, VA, WV)"
"436030","Hair Academy II","2023","Maryland","Mid East (DE, DC, MD, NJ, NY, PA)"
"436261","Southwest Acupuncture College-Boulder","2023","Colorado","Rocky Mountains (CO, ID, MT, UT, WY)"
"436304","River Parishes Community College","2023","Louisiana","Southeast (AL, AR, FL, GA, KY, LA, MS, NC, SC, TN, VA, WV)"
"436429","Los Angeles Film School","2023","California","Far West (AK, CA, HI, NV, OR, WA)"
"436553","Century College","2023","Puerto Rico","Other U.S. jurisdictions (AS, FM, GU, MH, MP, PR, PW, VI)"
"436599","FINE Mortuary College","2023","Massachusetts","New England (CT, ME, MA, NH, RI, VT)"
"436614","International Baptist College and Seminary","2023","Arizona","Southwest (AZ, NM, OK, TX)"
"436632","Gwinnett College","2023","North Carolina","Southeast (AL, AR, FL, GA, KY, LA, MS, NC, SC, TN, VA, WV)"
"436641","Fortis College-Foley","2023","Alabama","Southeast (AL, AR, FL, GA, KY, LA, MS, NC, SC, TN, VA, WV)"
"436650","Medical Training College","2023","Louisiana","Southeast (AL, AR, FL, GA, KY, LA, MS, NC, SC, TN, VA, WV)"
"436775","Toni & Guy Hairdressing Academy-Plano","2023","Texas","Southwest (AZ, NM, OK, TX)"
"436818","University of Connecticut-Waterbury Campus","2023","Connecticut","New England (CT, ME, MA, NH, RI, VT)"
"436827","University of Connecticut-Avery Point","2023","Connecticut","New England (CT, ME, MA, NH, RI, VT)"
"436836","University of Connecticut-Stamford","2023","Connecticut","New England (CT, ME, MA, NH, RI, VT)"
"437097","University of Management and Technology","2023","Virginia","Southeast (AL, AR, FL, GA, KY, LA, MS, NC, SC, TN, VA, WV)"
"437103","Baton Rouge Community College","2023","Louisiana","Southeast (AL, AR, FL, GA, KY, LA, MS, NC, SC, TN, VA, WV)"
"437237","IYRS School of Technology & Trades","2023","Rhode Island","New England (CT, ME, MA, NH, RI, VT)"
"437556","Midwest Technical Institute-Illinois","2023","Illinois","Great Lakes (IL, IN, MI, OH, WI)"
"437608","Advanced Barber College and Hair Design","2023","Texas","Southwest (AZ, NM, OK, TX)"
"437635","The College of Health Care Professions-Austin","2023","Texas","Southwest (AZ, NM, OK, TX)"
"437723","New Community Career & Technical Institute","2023","New Jersey","Mid East (DE, DC, MD, NJ, NY, PA)"
"437732","The Chicago School-College of Nursing","2023","Texas","Southwest (AZ, NM, OK, TX)"
"437750","Professional Golfers Career College","2023","California","Far West (AK, CA, HI, NV, OR, WA)"
"437769","Chester Career College","2023","Virginia","Southeast (AL, AR, FL, GA, KY, LA, MS, NC, SC, TN, VA, WV)"
"437778","Milan Institute-San Antonio Ingram","2023","Texas","Southwest (AZ, NM, OK, TX)"
"437857","Rudae's School of Beauty Culture-Ft Wayne","2023","Indiana","Great Lakes (IL, IN, MI, OH, WI)"
"437936","Carrington College-San Jose","2023","California","Far West (AK, CA, HI, NV, OR, WA)"
"438179","Brookline College-Tucson","2023","Arizona","Southwest (AZ, NM, OK, TX)"
"438221","Miller-Motte College-McCann-Lewisburg","2023","Pennsylvania","Mid East (DE, DC, MD, NJ, NY, PA)"
"438258","Carrington College-Pleasant Hill Campus","2023","California","Far West (AK, CA, HI, NV, OR, WA)"
"438285","Cortiva Institute","2023","Florida","Southeast (AL, AR, FL, GA, KY, LA, MS, NC, SC, TN, VA, WV)"
"438337","Modern Hairstyling Institute-Carolina","2023","Puerto Rico","Other U.S. jurisdictions (AS, FM, GU, MH, MP, PR, PW, VI)"
"438504","Universal Technical Institute of California Inc","2023","California","Far West (AK, CA, HI, NV, OR, WA)"
"438586","American InterContinental University-Atlanta","2023","Georgia","Southeast (AL, AR, FL, GA, KY, LA, MS, NC, SC, TN, VA, WV)"
"438665","Rancho Santiago Community College District Office","2023","California","Far West (AK, CA, HI, NV, OR, WA)"
"438674","The Academy of Hair Design Six","2023","Mississippi","Southeast (AL, AR, FL, GA, KY, LA, MS, NC, SC, TN, VA, WV)"
"438708","Eastern West Virginia Community and Technical College","2023","West Virginia","Southeast (AL, AR, FL, GA, KY, LA, MS, NC, SC, TN, VA, WV)"
"438735","Aviation Institute of Maintenance-Indianapolis","2023","Indiana","Great Lakes (IL, IN, MI, OH, WI)"
"438984","IVAEM College","2023","Puerto Rico","Other U.S. jurisdictions (AS, FM, GU, MH, MP, PR, PW, VI)"
"439020","Midwest College of Oriental Medicine-Skokie","2023","Illinois","Great Lakes (IL, IN, MI, OH, WI)"
"439118","Carrington College-Spokane","2023","Washington","Far West (AK, CA, HI, NV, OR, WA)"
"439154","Texas Tech University System Administration","2023","Texas","Southwest (AZ, NM, OK, TX)"
"439190","Cascadia College","2023","Washington","Far West (AK, CA, HI, NV, OR, WA)"
"439367","CBD College","2023","California","Far West (AK, CA, HI, NV, OR, WA)"
"439394","East West College of Natural Medicine","2023","Florida","Southeast (AL, AR, FL, GA, KY, LA, MS, NC, SC, TN, VA, WV)"
"439446","Atlantic Institute of Oriental Medicine","2023","Florida","Southeast (AL, AR, FL, GA, KY, LA, MS, NC, SC, TN, VA, WV)"
"439455","MDT College of Health Sciences","2023","Illinois","Great Lakes (IL, IN, MI, OH, WI)"
"439473","Bennett Career Institute","2023","District of Columbia","Mid East (DE, DC, MD, NJ, NY, PA)"
"439491","Blue Cliff College-Lafayette","2023","Louisiana","Southeast (AL, AR, FL, GA, KY, LA, MS, NC, SC, TN, VA, WV)"
"439570","Community Care College","2023","Oklahoma","Southwest (AZ, NM, OK, TX)"
"439622","Erie 1 BOCES","2023","New York","Mid East (DE, DC, MD, NJ, NY, PA)"
"439668","HDS Truck Driving Institute","2023","Arizona","Southwest (AZ, NM, OK, TX)"
"439686","International Training Careers","2023","Florida","Southeast (AL, AR, FL, GA, KY, LA, MS, NC, SC, TN, VA, WV)"
"439701","The King's University","2023","Texas","Southwest (AZ, NM, OK, TX)"
"439738","Fortis College-Baton Rouge","2023","Louisiana","Southeast (AL, AR, FL, GA, KY, LA, MS, NC, SC, TN, VA, WV)"
"439747","My Le's Beauty College","2023","California","Far West (AK, CA, HI, NV, OR, WA)"
"439774","New Concept Massage and Beauty School","2023","Florida","Southeast (AL, AR, FL, GA, KY, LA, MS, NC, SC, TN, VA, WV)"
"439783","New York College of Traditional Chinese Medicine","2023","New York","Mid East (DE, DC, MD, NJ, NY, PA)"
"439792","Fortis College-Orange Park","2023","Florida","Southeast (AL, AR, FL, GA, KY, LA, MS, NC, SC, TN, VA, WV)"
"439817","Northeastern Seminary","2023","New York","Mid East (DE, DC, MD, NJ, NY, PA)"
"439844","Omega Institute of Cosmetology","2023","Louisiana","Southeast (AL, AR, FL, GA, KY, LA, MS, NC, SC, TN, VA, WV)"
"439862","Pacific Islands University","2023","Guam","Other U.S. jurisdictions (AS, FM, GU, MH, MP, PR, PW, VI)"
"439871","PCI College","2023","California","Far West (AK, CA, HI, NV, OR, WA)"
"439899","Rosedale Bible College","2023","Ohio","Great Lakes (IL, IN, MI, OH, WI)"
"439914","Seattle Institute of East Asian Medicine","2023","Washington","Far West (AK, CA, HI, NV, OR, WA)"
"439932","Shawnee Beauty College","2023","Oklahoma","Southwest (AZ, NM, OK, TX)"
"439969","Acupuncture and Massage College","2023","Florida","Southeast (AL, AR, FL, GA, KY, LA, MS, NC, SC, TN, VA, WV)"
"440004","Upper Valley Educators Institute","2023","New Hampshire","New England (CT, ME, MA, NH, RI, VT)"
"440031","Keck Graduate Institute","2023","California","Far West (AK, CA, HI, NV, OR, WA)"
"440059","Aviation Institute of Maintenance-Atlanta","2023","Georgia","Southeast (AL, AR, FL, GA, KY, LA, MS, NC, SC, TN, VA, WV)"
"440101","Empire Beauty School-Kennesaw","2023","Georgia","Southeast (AL, AR, FL, GA, KY, LA, MS, NC, SC, TN, VA, WV)"
"440138","Antioch University-System Administration","2023","Ohio","Great Lakes (IL, IN, MI, OH, WI)"
"440262","New York Automotive and Diesel Institute","2023","New York","Mid East (DE, DC, MD, NJ, NY, PA)"
"440271","Remington College-Baton Rouge Campus","2023","Louisiana","Southeast (AL, AR, FL, GA, KY, LA, MS, NC, SC, TN, VA, WV)"
"440396","New Saint Andrews College","2023","Idaho","Rocky Mountains (CO, ID, MT, UT, WY)"
"440402","Arkansas State University-Newport","2023","Arkansas","Southeast (AL, AR, FL, GA, KY, LA, MS, NC, SC, TN, VA, WV)"
"440651","Atenas College","2023","Puerto Rico","Other U.S. jurisdictions (AS, FM, GU, MH, MP, PR, PW, VI)"
"440730","Onondaga Cortland Madison BOCES","2023","New York","Mid East (DE, DC, MD, NJ, NY, PA)"
"440749","National American University-Ellsworth","2023","South Dakota","Plains (IA, KS, MN, MO, NE, ND, SD)"
"440776","Interactive College of Technology","2023","Texas","Southwest (AZ, NM, OK, TX)"
"440794","Pillar College","2023","New Jersey","Mid East (DE, DC, MD, NJ, NY, PA)"
"440819","Miami Ad School-San Francisco","2023","California","Far West (AK, CA, HI, NV, OR, WA)"
"440828","Oregon State University-Cascades Campus","2023","Oregon","Far West (AK, CA, HI, NV, OR, WA)"
"440855","Milan Institute-Amarillo","2023","Texas","Southwest (AZ, NM, OK, TX)"
"440916","Southern University Law Center","2023","Louisiana","Southeast (AL, AR, FL, GA, KY, LA, MS, NC, SC, TN, VA, WV)"
"440989","Texas Barber College","2023","Texas","Southwest (AZ, NM, OK, TX)"
"441025","Miller-Motte College-Charleston","2023","South Carolina","Southeast (AL, AR, FL, GA, KY, LA, MS, NC, SC, TN, VA, WV)"
"441052","American Career College-Anaheim","2023","California","Far West (AK, CA, HI, NV, OR, WA)"
"441070","Saginaw Chippewa Tribal College","2023","Michigan","Great Lakes (IL, IN, MI, OH, WI)"
"441104","Richmont Graduate University","2023","Tennessee","Southeast (AL, AR, FL, GA, KY, LA, MS, NC, SC, TN, VA, WV)"
"441131","The Seattle School of Theology & Psychology","2023","Washington","Far West (AK, CA, HI, NV, OR, WA)"
"441168","Northwest College-Hillsboro","2023","Oregon","Far West (AK, CA, HI, NV, OR, WA)"
"441210","East Valley Institute of Technology","2023","Arizona","Southwest (AZ, NM, OK, TX)"
"441229","Smith Chason College","2023","California","Far West (AK, CA, HI, NV, OR, WA)"
"441238","Irell & Manella Graduate School of Biological Sciences at City of Hope","2023","California","Far West (AK, CA, HI, NV, OR, WA)"
"441256","Design's School of Cosmetology","2023","California","Far West (AK, CA, HI, NV, OR, WA)"
"441371","Ultimate Medical Academy","2023","Florida","Southeast (AL, AR, FL, GA, KY, LA, MS, NC, SC, TN, VA, WV)"
"441380","Florida Barber Academy","2023","Florida","Southeast (AL, AR, FL, GA, KY, LA, MS, NC, SC, TN, VA, WV)"
"441414","M-DCPS The English Center","2023","Florida","Southeast (AL, AR, FL, GA, KY, LA, MS, NC, SC, TN, VA, WV)"
"441423","Florida Education Institute","2023","Florida","Southeast (AL, AR, FL, GA, KY, LA, MS, NC, SC, TN, VA, WV)"
"441487","Texas County Technical College","2023","Missouri","Plains (IA, KS, MN, MO, NE, ND, SD)"
"441496","Aviation Institute of Maintenance-Kansas City","2023","Missouri","Plains (IA, KS, MN, MO, NE, ND, SD)"
"441502","Blue Cliff College-Gulfport","2023","Mississippi","Southeast (AL, AR, FL, GA, KY, LA, MS, NC, SC, TN, VA, WV)"
"441575","Metropolitan Learning Institute","2023","New York","Mid East (DE, DC, MD, NJ, NY, PA)"
"441593","Orleans Niagara BOCES-Practical Nursing Program","2023","New York","Mid East (DE, DC, MD, NJ, NY, PA)"
"441609","Yeshiva Shaarei Torah of Rockland","2023","New York","Mid East (DE, DC, MD, NJ, NY, PA)"
"441618","Leon Studio One School of Beauty Knowledge","2023","New York","Mid East (DE, DC, MD, NJ, NY, PA)"
"441636","American Institute of Alternative Medicine","2023","Ohio","Great Lakes (IL, IN, MI, OH, WI)"
"441645","Brown Aveda Institute-Mentor","2023","Ohio","Great Lakes (IL, IN, MI, OH, WI)"
"441663","Institute of Technology","2023","Oregon","Far West (AK, CA, HI, NV, OR, WA)"
"441672","Susquehanna County Career and Technology Center","2023","Pennsylvania","Mid East (DE, DC, MD, NJ, NY, PA)"
"441690","Universidad Pentecostal Mizpa","2023","Puerto Rico","Other U.S. jurisdictions (AS, FM, GU, MH, MP, PR, PW, VI)"
"441706","Caribbean Forensic and Technical College","2023","Puerto Rico","Other U.S. jurisdictions (AS, FM, GU, MH, MP, PR, PW, VI)"
"441742","Concorde Career College-Grand Prairie","2023","Texas","Southwest (AZ, NM, OK, TX)"
"441760","Lamar Institute of Technology","2023","Texas","Southwest (AZ, NM, OK, TX)"
"441788","Aviation Institute of Maintenance-Dallas","2023","Texas","Southwest (AZ, NM, OK, TX)"
"441830","Healing Mountain Massage School","2023","Utah","Rocky Mountains (CO, ID, MT, UT, WY)"
"441858","Eastern Virginia Career College","2023","Virginia","Southeast (AL, AR, FL, GA, KY, LA, MS, NC, SC, TN, VA, WV)"
"441876","Rudy & Kelly Academy, A Paul Mitchell Partner School","2023","Virginia","Southeast (AL, AR, FL, GA, KY, LA, MS, NC, SC, TN, VA, WV)"
"441900","Nevada State University","2023","Nevada","Far West (AK, CA, HI, NV, OR, WA)"
"441937","California State University-Channel Islands","2023","California","Far West (AK, CA, HI, NV, OR, WA)"
"441982","Franklin W Olin College of Engineering","2023","Massachusetts","New England (CT, ME, MA, NH, RI, VT)"
"442064","Won Institute of Graduate Studies","2023","Pennsylvania","Mid East (DE, DC, MD, NJ, NY, PA)"
"442073","Lincoln Technical Institute-Paramus","2023","New Jersey","Mid East (DE, DC, MD, NJ, NY, PA)"
"442134","Pima Medical Institute-Colorado Springs","2023","Colorado","Rocky Mountains (CO, ID, MT, UT, WY)"
"442240","Paul Mitchell the School-Costa Mesa","2023","California","Far West (AK, CA, HI, NV, OR, WA)"
"442295","Ave Maria School of Law","2023","Florida","Southeast (AL, AR, FL, GA, KY, LA, MS, NC, SC, TN, VA, WV)"
"442329","Tulsa Welding School-Jacksonville","2023","Florida","Southeast (AL, AR, FL, GA, KY, LA, MS, NC, SC, TN, VA, WV)"
"442356","Pennsylvania College of Health Sciences","2023","Pennsylvania","Mid East (DE, DC, MD, NJ, NY, PA)"
"442383","West Virginia Junior College-Bridgeport","2023","West Virginia","Southeast (AL, AR, FL, GA, KY, LA, MS, NC, SC, TN, VA, WV)"
"442426","St Louis College of Health Careers-Fenton","2023","Missouri","Plains (IA, KS, MN, MO, NE, ND, SD)"
"442435","Interactive College of Technology-Gainesville","2023","Georgia","Southeast (AL, AR, FL, GA, KY, LA, MS, NC, SC, TN, VA, WV)"
"442444","San Joaquin Valley College-Ontario","2023","California","Far West (AK, CA, HI, NV, OR, WA)"
"442523","Alaska Christian College","2023","Alaska","Far West (AK, CA, HI, NV, OR, WA)"
"442569","University of Arkansas Grantham","2023","Arkansas","Southeast (AL, AR, FL, GA, KY, LA, MS, NC, SC, TN, VA, WV)"
"442602","Carrington College-Albuquerque","2023","New Mexico","Southwest (AZ, NM, OK, TX)"
"442611","NASCAR Technical Institute","2023","North Carolina","Southeast (AL, AR, FL, GA, KY, LA, MS, NC, SC, TN, VA, WV)"
"442639","University of the Potomac-VA Campus","2023","Virginia","Southeast (AL, AR, FL, GA, KY, LA, MS, NC, SC, TN, VA, WV)"
"442657","Milan Institute-Palm Desert","2023","California","Far West (AK, CA, HI, NV, OR, WA)"
"442781","Tohono O'Odham Community College","2023","Arizona","Southwest (AZ, NM, OK, TX)"
"442806","Edward Via College of Osteopathic Medicine","2023","Virginia","Southeast (AL, AR, FL, GA, KY, LA, MS, NC, SC, TN, VA, WV)"
"442842","Pacific College of Health and Science","2023","Illinois","Great Lakes (IL, IN, MI, OH, WI)"
"442879","Southwest Institute of Healing Arts","2023","Arizona","Southwest (AZ, NM, OK, TX)"
"442888","InterCoast Colleges-Riverside","2023","California","Far West (AK, CA, HI, NV, OR, WA)"
"442930","University of Antelope Valley","2023","California","Far West (AK, CA, HI, NV, OR, WA)"
"442976","Brighton Center's Center for Employment Training","2023","Kentucky","Southeast (AL, AR, FL, GA, KY, LA, MS, NC, SC, TN, VA, WV)"
"442985","California Healing Arts College","2023","California","Far West (AK, CA, HI, NV, OR, WA)"
"443021","Dallas Barber & Stylist College","2023","Texas","Southwest (AZ, NM, OK, TX)"
"443030","NorthShore University HealthSystem School of Nurse Anesthesia","2023","Illinois","Great Lakes (IL, IN, MI, OH, WI)"
"443049","Faith International University","2023","Washington","Far West (AK, CA, HI, NV, OR, WA)"
"443058","Family of Faith Christian University","2023","Oklahoma","Southwest (AZ, NM, OK, TX)"
"443076","Hood Theological Seminary","2023","North Carolina","Southeast (AL, AR, FL, GA, KY, LA, MS, NC, SC, TN, VA, WV)"
"443100","Colegio Educativo Tecnologico Industrial Inc","2023","Puerto Rico","Other U.S. jurisdictions (AS, FM, GU, MH, MP, PR, PW, VI)"
"443137","Irene's Myomassology Institute","2023","Michigan","Great Lakes (IL, IN, MI, OH, WI)"
"443146","Jay's Technical Institute","2023","Texas","Southwest (AZ, NM, OK, TX)"
"443207","NTMA Training Centers of Southern California","2023","California","Far West (AK, CA, HI, NV, OR, WA)"
"443216","P C Age-Jersey City","2023","New Jersey","Mid East (DE, DC, MD, NJ, NY, PA)"
"443225","PC AGE-Metropark","2023","New Jersey","Mid East (DE, DC, MD, NJ, NY, PA)"
"443234","Hollywood Institute","2023","Florida","Southeast (AL, AR, FL, GA, KY, LA, MS, NC, SC, TN, VA, WV)"
"443252","South Florida Institute of Technology","2023","Florida","Southeast (AL, AR, FL, GA, KY, LA, MS, NC, SC, TN, VA, WV)"
"443261","Southeastern College-Charleston","2023","South Carolina","Southeast (AL, AR, FL, GA, KY, LA, MS, NC, SC, TN, VA, WV)"
"443289","Tigi Hairdressing Academy-Colorado Springs","2023","Colorado","Rocky Mountains (CO, ID, MT, UT, WY)"
"443298","Trend Barber College","2023","Texas","Southwest (AZ, NM, OK, TX)"
"443322","Valley Grande Institute for Academic Studies","2023","Texas","Southwest (AZ, NM, OK, TX)"
"443331","West Coast University-Los Angeles","2023","California","Far West (AK, CA, HI, NV, OR, WA)"
"443340","Williamson Christian College","2023","Tennessee","Southeast (AL, AR, FL, GA, KY, LA, MS, NC, SC, TN, VA, WV)"
"443368","Illinois Eastern Community College-System Office","2023","Illinois","Great Lakes (IL, IN, MI, OH, WI)"
"443377","Triangle Tech Inc-Sunbury","2023","Pennsylvania","Mid East (DE, DC, MD, NJ, NY, PA)"
"443410","DigiPen Institute of Technology","2023","Washington","Far West (AK, CA, HI, NV, OR, WA)"
"443492","Pierpont Community and Technical College","2023","West Virginia","Southeast (AL, AR, FL, GA, KY, LA, MS, NC, SC, TN, VA, WV)"
"443562","Dewey University-Hato Rey","2023","Puerto Rico","Other U.S. jurisdictions (AS, FM, GU, MH, MP, PR, PW, VI)"
"443571","InterCoast Colleges-West Covina","2023","California","Far West (AK, CA, HI, NV, OR, WA)"
"443599","American College of Healthcare Sciences","2023","Oregon","Far West (AK, CA, HI, NV, OR, WA)"
"443632","Colorado Media School","2023","Colorado","Rocky Mountains (CO, ID, MT, UT, WY)"
"443641","Paul Mitchell the School-Rhode Island","2023","Rhode Island","New England (CT, ME, MA, NH, RI, VT)"
"443650","Miller-Motte College-Chattanooga","2023","Tennessee","Southeast (AL, AR, FL, GA, KY, LA, MS, NC, SC, TN, VA, WV)"
"443669","Milan Institute-Sparks","2023","Nevada","Far West (AK, CA, HI, NV, OR, WA)"
"443696","Interactive College of Technology","2023","Texas","Southwest (AZ, NM, OK, TX)"
"443702","Bexley Hall Seabury Western Theological Seminary Federation, Inc.","2023","Illinois","Great Lakes (IL, IN, MI, OH, WI)"
"443711","University of North Texas System","2023","Texas","Southwest (AZ, NM, OK, TX)"
"443748","Altierus Career College-Norcross","2023","Georgia","Southeast (AL, AR, FL, GA, KY, LA, MS, NC, SC, TN, VA, WV)"
"443766","Strayer University-Tennessee","2023","Tennessee","Southeast (AL, AR, FL, GA, KY, LA, MS, NC, SC, TN, VA, WV)"
"443784","Strayer University-Pennsylvania","2023","Pennsylvania","Mid East (DE, DC, MD, NJ, NY, PA)"
"443951","Charlie's Guard-Detective Bureau and Academy Inc","2023","Puerto Rico","Other U.S. jurisdictions (AS, FM, GU, MH, MP, PR, PW, VI)"
"443979","PCI Academy-Plymouth","2023","Minnesota","Plains (IA, KS, MN, MO, NE, ND, SD)"
"444051","Creative Images Institute of Cosmetology-South Dayton","2023","Ohio","Great Lakes (IL, IN, MI, OH, WI)"
"444088","Brookline College-Albuquerque","2023","New Mexico","Southwest (AZ, NM, OK, TX)"
"444103","Byzantine Catholic Seminary of Saints Cyril and Methodius","2023","Pennsylvania","Mid East (DE, DC, MD, NJ, NY, PA)"
"444130","Northcentral University","2023","California","Far West (AK, CA, HI, NV, OR, WA)"
"444194","Bayamon Community College","2023","Puerto Rico","Other U.S. jurisdictions (AS, FM, GU, MH, MP, PR, PW, VI)"
"444219","Folsom Lake College","2023","California","Far West (AK, CA, HI, NV, OR, WA)"
"444228","LeGrand Institute of Cosmetology Inc","2023","South Carolina","Southeast (AL, AR, FL, GA, KY, LA, MS, NC, SC, TN, VA, WV)"
"444255","Hussian College-Daymar College Murfreesboro","2023","Tennessee","Southeast (AL, AR, FL, GA, KY, LA, MS, NC, SC, TN, VA, WV)"
"444264","Cambridge Technical Institute","2023","Puerto Rico","Other U.S. jurisdictions (AS, FM, GU, MH, MP, PR, PW, VI)"
"444282","Empire Beauty School-Midlothian","2023","Virginia","Southeast (AL, AR, FL, GA, KY, LA, MS, NC, SC, TN, VA, WV)"
"444291","Empire Beauty School-Owings Mills","2023","Maryland","Mid East (DE, DC, MD, NJ, NY, PA)"
"444307","Empire Beauty School-West Mifflin","2023","Pennsylvania","Mid East (DE, DC, MD, NJ, NY, PA)"
"444325","ATI College-Whittier","2023","California","Far West (AK, CA, HI, NV, OR, WA)"
"444334","Advance Science International College","2023","Florida","Southeast (AL, AR, FL, GA, KY, LA, MS, NC, SC, TN, VA, WV)"
"444361","ATA College","2023","California","Far West (AK, CA, HI, NV, OR, WA)"
"444370","American Advanced Technicians Institute","2023","Florida","Southeast (AL, AR, FL, GA, KY, LA, MS, NC, SC, TN, VA, WV)"
"444398","Baptist University of the Americas","2023","Texas","Southwest (AZ, NM, OK, TX)"
"444404","The Beauty Institute","2023","Florida","Southeast (AL, AR, FL, GA, KY, LA, MS, NC, SC, TN, VA, WV)"
"444413","Beis Medrash Heichal Dovid","2023","New York","Mid East (DE, DC, MD, NJ, NY, PA)"
"444440","Blue Cliff Career College","2023","Alabama","Southeast (AL, AR, FL, GA, KY, LA, MS, NC, SC, TN, VA, WV)"
"444468","Lawrenceburg Technical College","2023","Tennessee","Southeast (AL, AR, FL, GA, KY, LA, MS, NC, SC, TN, VA, WV)"
"444486","Paul Mitchell the School-Gastonia","2023","North Carolina","Southeast (AL, AR, FL, GA, KY, LA, MS, NC, SC, TN, VA, WV)"
"444510","CES College","2023","California","Far West (AK, CA, HI, NV, OR, WA)"
"444529","Stellar Career College","2023","California","Far West (AK, CA, HI, NV, OR, WA)"
"444556","Auguste Escoffier School of Culinary Arts-Austin","2023","Texas","Southwest (AZ, NM, OK, TX)"
"444565","Culinary Institute Inc","2023","Texas","Southwest (AZ, NM, OK, TX)"
"444583","Escuela Hotelera de San Juan","2023","Puerto Rico","Other U.S. jurisdictions (AS, FM, GU, MH, MP, PR, PW, VI)"
"444635","Orion Institute","2023","Ohio","Great Lakes (IL, IN, MI, OH, WI)"
"444662","Moore Career College","2023","Louisiana","Southeast (AL, AR, FL, GA, KY, LA, MS, NC, SC, TN, VA, WV)"
"444671","Industrial Technical College","2023","Puerto Rico","Other U.S. jurisdictions (AS, FM, GU, MH, MP, PR, PW, VI)"
"444699","Institute of Clinical Acupuncture & Oriental Med","2023","Hawaii","Far West (AK, CA, HI, NV, OR, WA)"
"444714","Gwinnett College-Marietta Campus","2023","Georgia","Southeast (AL, AR, FL, GA, KY, LA, MS, NC, SC, TN, VA, WV)"
"444732","Leston College","2023","Puerto Rico","Other U.S. jurisdictions (AS, FM, GU, MH, MP, PR, PW, VI)"
"444778","Charlotte Christian College and Theological Seminary","2023","North Carolina","Southeast (AL, AR, FL, GA, KY, LA, MS, NC, SC, TN, VA, WV)"
"444787","Nightingale College","2023","Utah","Rocky Mountains (CO, ID, MT, UT, WY)"
"444811","PITC Institute","2023","Pennsylvania","Mid East (DE, DC, MD, NJ, NY, PA)"
"444857","Skinworks School of Advanced Skincare","2023","Utah","Rocky Mountains (CO, ID, MT, UT, WY)"
"444866","Southeastern College-Columbia","2023","South Carolina","Southeast (AL, AR, FL, GA, KY, LA, MS, NC, SC, TN, VA, WV)"
"444936","Turning Point Beauty College","2023","Arizona","Southwest (AZ, NM, OK, TX)"
"444945","Unitech Training Academy-Lafayette","2023","Louisiana","Southeast (AL, AR, FL, GA, KY, LA, MS, NC, SC, TN, VA, WV)"
"444954","Mountwest Community and Technical College","2023","West Virginia","Southeast (AL, AR, FL, GA, KY, LA, MS, NC, SC, TN, VA, WV)"
"445027","American InterContinental University System","2023","Arizona","Southwest (AZ, NM, OK, TX)"
"445054","Toyota Technological Institute at Chicago","2023","Illinois","Great Lakes (IL, IN, MI, OH, WI)"
"445133","American InterContinental University-Houston","2023","Texas","Southwest (AZ, NM, OK, TX)"
"445188","University of California-Merced","2023","California","Far West (AK, CA, HI, NV, OR, WA)"
"445203","Remington College-North Houston Campus","2023","Texas","Southwest (AZ, NM, OK, TX)"
"445212","Paul Mitchell the School-Orlando","2023","Florida","Southeast (AL, AR, FL, GA, KY, LA, MS, NC, SC, TN, VA, WV)"
"445230","Pima Medical Institute-Las Vegas","2023","Nevada","Far West (AK, CA, HI, NV, OR, WA)"
"445249","Remington College-Nashville Campus","2023","Tennessee","Southeast (AL, AR, FL, GA, KY, LA, MS, NC, SC, TN, VA, WV)"
"445267","Central Methodist University-College of Graduate and Extended Studies","2023","Missouri","Plains (IA, KS, MN, MO, NE, ND, SD)"
"445364","North-West College-Riverside","2023","California","Far West (AK, CA, HI, NV, OR, WA)"
"445461","Altierus Career College-Bissonnet","2023","Texas","Southwest (AZ, NM, OK, TX)"
"445498","Colegio Tecnico de Electricidad Galloza","2023","Puerto Rico","Other U.S. jurisdictions (AS, FM, GU, MH, MP, PR, PW, VI)"
"445540","Arthur's Beauty College","2023","Arkansas","Southeast (AL, AR, FL, GA, KY, LA, MS, NC, SC, TN, VA, WV)"
"445647","Spa Tech Institute-Westboro","2023","Massachusetts","New England (CT, ME, MA, NH, RI, VT)"
"445656","Spa Tech Institute-Plymouth","2023","Massachusetts","New England (CT, ME, MA, NH, RI, VT)"
"445692","Neumont College of Computer Science","2023","Utah","Rocky Mountains (CO, ID, MT, UT, WY)"
"445708","Johnson & Wales University-Charlotte","2023","North Carolina","Southeast (AL, AR, FL, GA, KY, LA, MS, NC, SC, TN, VA, WV)"
"445735","Roseman University of Health Sciences","2023","Nevada","Far West (AK, CA, HI, NV, OR, WA)"
"445744","Fortis Institute-Port Saint Lucie","2023","Florida","Southeast (AL, AR, FL, GA, KY, LA, MS, NC, SC, TN, VA, WV)"
"445762","Aviation Institute of Maintenance-Manassas","2023","Virginia","Southeast (AL, AR, FL, GA, KY, LA, MS, NC, SC, TN, VA, WV)"
"445780","Cosmetology School of Arts & Sciences","2023","Idaho","Rocky Mountains (CO, ID, MT, UT, WY)"
"445799","Universal Technical Institute of Pennsylvania Inc","2023","Pennsylvania","Mid East (DE, DC, MD, NJ, NY, PA)"
"445841","Kenneth Shuler School of Cosmetology-Spartanburg","2023","South Carolina","Southeast (AL, AR, FL, GA, KY, LA, MS, NC, SC, TN, VA, WV)"
"445850","Kenneth Shuler School of Cosmetology-Columbia","2023","South Carolina","Southeast (AL, AR, FL, GA, KY, LA, MS, NC, SC, TN, VA, WV)"
"445869","Divine Mercy University","2023","Virginia","Southeast (AL, AR, FL, GA, KY, LA, MS, NC, SC, TN, VA, WV)"
"445911","Lincoln Technical Institute-Shelton","2023","Connecticut","New England (CT, ME, MA, NH, RI, VT)"
"445948","Northwest Career College","2023","Nevada","Far West (AK, CA, HI, NV, OR, WA)"
"445957","Soma Institute-The National School of Clinical Massage Therapy","2023","Illinois","Great Lakes (IL, IN, MI, OH, WI)"
"446002","American Academy of Health and Wellness","2023","Minnesota","Plains (IA, KS, MN, MO, NE, ND, SD)"
"446039","Arizona School of Acupuncture and Oriental Medicine","2023","Arizona","Southwest (AZ, NM, OK, TX)"
"446048","Ave Maria University","2023","Florida","Southeast (AL, AR, FL, GA, KY, LA, MS, NC, SC, TN, VA, WV)"
"446084","CALC Institute of Technology","2023","Illinois","Great Lakes (IL, IN, MI, OH, WI)"
"446093","Sutter County Career Training Center","2023","California","Far West (AK, CA, HI, NV, OR, WA)"
"446109","Cambridge College of Healthcare & Technology","2023","Florida","Southeast (AL, AR, FL, GA, KY, LA, MS, NC, SC, TN, VA, WV)"
"446118","Career Care Institute","2023","California","Far West (AK, CA, HI, NV, OR, WA)"
"446127","ATA Career Education","2023","Florida","Southeast (AL, AR, FL, GA, KY, LA, MS, NC, SC, TN, VA, WV)"
"446163","Community Christian College","2023","California","Far West (AK, CA, HI, NV, OR, WA)"
"446206","Culpeper Cosmetology Training Center","2023","Virginia","Southeast (AL, AR, FL, GA, KY, LA, MS, NC, SC, TN, VA, WV)"
"446224","Eastern School of Acupuncture and Traditional Medicine","2023","New Jersey","Mid East (DE, DC, MD, NJ, NY, PA)"
"446233","Ecclesia College","2023","Arkansas","Southeast (AL, AR, FL, GA, KY, LA, MS, NC, SC, TN, VA, WV)"
"446242","Employment Solutions-College for Technical Education","2023","Kentucky","Southeast (AL, AR, FL, GA, KY, LA, MS, NC, SC, TN, VA, WV)"
"446251","Estelle Medical Academy","2023","Illinois","Great Lakes (IL, IN, MI, OH, WI)"
"446260","Evergreen Beauty and Barber College-Everett","2023","Washington","Far West (AK, CA, HI, NV, OR, WA)"
"446288","Paul Mitchell the School-Great Lakes","2023","Michigan","Great Lakes (IL, IN, MI, OH, WI)"
"446303","Healthcare Training Institute","2023","New Jersey","Mid East (DE, DC, MD, NJ, NY, PA)"
"446349","John D Rockefeller IV Career Center","2023","West Virginia","Southeast (AL, AR, FL, GA, KY, LA, MS, NC, SC, TN, VA, WV)"
"446385","Los Angeles College of Music","2023","California","Far West (AK, CA, HI, NV, OR, WA)"
"446516","Rosslyn Training Academy of Cosmetology","2023","Puerto Rico","Other U.S. jurisdictions (AS, FM, GU, MH, MP, PR, PW, VI)"
"446525","SAE Institute of Technology-Nashville","2023","Tennessee","Southeast (AL, AR, FL, GA, KY, LA, MS, NC, SC, TN, VA, WV)"
"446552","Southern Technical College","2023","Florida","Southeast (AL, AR, FL, GA, KY, LA, MS, NC, SC, TN, VA, WV)"
"446561","Stanbridge University","2023","California","Far West (AK, CA, HI, NV, OR, WA)"
"446598","Universal College of Healing Arts","2023","Nebraska","Plains (IA, KS, MN, MO, NE, ND, SD)"
"446604","Uta Mesivta of Kiryas Joel","2023","New York","Mid East (DE, DC, MD, NJ, NY, PA)"
"446640","Harrisburg University of Science and Technology","2023","Pennsylvania","Mid East (DE, DC, MD, NJ, NY, PA)"
"446774","Blue Ridge Community and Technical College","2023","West Virginia","Southeast (AL, AR, FL, GA, KY, LA, MS, NC, SC, TN, VA, WV)"
"446978","Colorado State University-System Office","2023","Colorado","Rocky Mountains (CO, ID, MT, UT, WY)"
"447014","Daytona College","2023","Florida","Southeast (AL, AR, FL, GA, KY, LA, MS, NC, SC, TN, VA, WV)"
"447023","Delta Technical College-Mississippi","2023","Mississippi","Southeast (AL, AR, FL, GA, KY, LA, MS, NC, SC, TN, VA, WV)"
"447050","United States University","2023","California","Far West (AK, CA, HI, NV, OR, WA)"
"447148","Empire Beauty School-Avondale","2023","Arizona","Southwest (AZ, NM, OK, TX)"
"447166","Empire Beauty School-Littleton","2023","Colorado","Rocky Mountains (CO, ID, MT, UT, WY)"
"447175","Empire Beauty School-Aurora","2023","Colorado","Rocky Mountains (CO, ID, MT, UT, WY)"
"447263","Joyce University of Nursing and Health Sciences","2023","Utah","Rocky Mountains (CO, ID, MT, UT, WY)"
"447351","San Joaquin Valley College-Modesto","2023","California","Far West (AK, CA, HI, NV, OR, WA)"
"447421","Eagle Gate College-Layton","2023","Utah","Rocky Mountains (CO, ID, MT, UT, WY)"
"447449","Academy of Hair Design-Jasper","2023","Texas","Southwest (AZ, NM, OK, TX)"
"447467","Unitech Training Academy-West Monroe","2023","Louisiana","Southeast (AL, AR, FL, GA, KY, LA, MS, NC, SC, TN, VA, WV)"
"447582","New River Community and Technical College","2023","West Virginia","Southeast (AL, AR, FL, GA, KY, LA, MS, NC, SC, TN, VA, WV)"
"447591","The College of Health Care Professions-Southwest Houston","2023","Texas","Southwest (AZ, NM, OK, TX)"
"447607","UEI College-Chula Vista","2023","California","Far West (AK, CA, HI, NV, OR, WA)"
"447616","UEI College-West Covina","2023","California","Far West (AK, CA, HI, NV, OR, WA)"
"447689","Georgia Gwinnett College","2023","Georgia","Southeast (AL, AR, FL, GA, KY, LA, MS, NC, SC, TN, VA, WV)"
"447698","Phoenix Institute of Herbal Medicine & Acupuncture","2023","Arizona","Southwest (AZ, NM, OK, TX)"
"447704","Tucson College of Beauty","2023","Arizona","Southwest (AZ, NM, OK, TX)"
"447713","California Career College","2023","California","Far West (AK, CA, HI, NV, OR, WA)"
"447722","Palladium Technical Academy Inc","2023","California","Far West (AK, CA, HI, NV, OR, WA)"
"447731","Los Angeles College of Aesthetics","2023","California","Far West (AK, CA, HI, NV, OR, WA)"
"447759","National Polytechnic College","2023","California","Far West (AK, CA, HI, NV, OR, WA)"
"447768","American Career College-Ontario","2023","California","Far West (AK, CA, HI, NV, OR, WA)"
"447777","Asher College","2023","California","Far West (AK, CA, HI, NV, OR, WA)"
"447795","American Institute of Massage Therapy","2023","California","Far West (AK, CA, HI, NV, OR, WA)"
"447801","University of East-West Medicine","2023","California","Far West (AK, CA, HI, NV, OR, WA)"
"447810","Blake Austin College","2023","California","Far West (AK, CA, HI, NV, OR, WA)"
"447847","Aviator College of Aeronautical Science and Technology","2023","Florida","Southeast (AL, AR, FL, GA, KY, LA, MS, NC, SC, TN, VA, WV)"
"447865","Trendsetters School of Beauty & Barbering","2023","Florida","Southeast (AL, AR, FL, GA, KY, LA, MS, NC, SC, TN, VA, WV)"
"447883","American Institute of Beauty","2023","Florida","Southeast (AL, AR, FL, GA, KY, LA, MS, NC, SC, TN, VA, WV)"
"447892","North Florida Cosmetology Institute","2023","Florida","Southeast (AL, AR, FL, GA, KY, LA, MS, NC, SC, TN, VA, WV)"
"447908","Florida Academy of Health & Beauty","2023","Florida","Southeast (AL, AR, FL, GA, KY, LA, MS, NC, SC, TN, VA, WV)"
"447917","Augusta School of Massage","2023","Georgia","Southeast (AL, AR, FL, GA, KY, LA, MS, NC, SC, TN, VA, WV)"
"447935","ATA College","2023","Kentucky","Southeast (AL, AR, FL, GA, KY, LA, MS, NC, SC, TN, VA, WV)"
"447953","SUM Bible College and Theological Seminary","2023","California","Far West (AK, CA, HI, NV, OR, WA)"
"447962","Compass Career College","2023","Louisiana","Southeast (AL, AR, FL, GA, KY, LA, MS, NC, SC, TN, VA, WV)"
"447971","Hair Expressions Academy","2023","Maryland","Mid East (DE, DC, MD, NJ, NY, PA)"
"447980","Nuvo College of Cosmetology","2023","Michigan","Great Lakes (IL, IN, MI, OH, WI)"
"447999","WellSpring School of Allied Health-Kansas City","2023","Missouri","Plains (IA, KS, MN, MO, NE, ND, SD)"
"448026","The Salon Professional Academy-Fargo","2023","North Dakota","Plains (IA, KS, MN, MO, NE, ND, SD)"
"448071","Aveda Arts & Sciences Institute-New York","2023","New York","Mid East (DE, DC, MD, NJ, NY, PA)"
"448123","MyrAngel Beauty Institute","2023","Puerto Rico","Other U.S. jurisdictions (AS, FM, GU, MH, MP, PR, PW, VI)"
"448196","Texas Health School","2023","Texas","Southwest (AZ, NM, OK, TX)"
"448220","Paul Mitchell the School-Logan","2023","Utah","Rocky Mountains (CO, ID, MT, UT, WY)"
"448239","Careers Unlimited","2023","Utah","Rocky Mountains (CO, ID, MT, UT, WY)"
"448248","Mountainland Technical College","2023","Utah","Rocky Mountains (CO, ID, MT, UT, WY)"
"448257","Avi Career Training","2023","Virginia","Southeast (AL, AR, FL, GA, KY, LA, MS, NC, SC, TN, VA, WV)"
"448275","Mountain State School of Massage","2023","West Virginia","Southeast (AL, AR, FL, GA, KY, LA, MS, NC, SC, TN, VA, WV)"
"448336","Arkansas State University System","2023","Arkansas","Southeast (AL, AR, FL, GA, KY, LA, MS, NC, SC, TN, VA, WV)"
"448372","San Joaquin Valley College-Rancho Cordova","2023","California","Far West (AK, CA, HI, NV, OR, WA)"
"448381","San Joaquin Valley College-Central Administrative Office","2023","California","Far West (AK, CA, HI, NV, OR, WA)"
"448424","Broken Arrow Beauty College","2023","Oklahoma","Southwest (AZ, NM, OK, TX)"
"448433","Universal Technical Institute of Northern California Inc","2023","California","Far West (AK, CA, HI, NV, OR, WA)"
"448594","Lemoore College","2023","California","Far West (AK, CA, HI, NV, OR, WA)"
"448600","Stautzenberger College-Brecksville","2023","Ohio","Great Lakes (IL, IN, MI, OH, WI)"
"448637","West Hills Community College District","2023","California","Far West (AK, CA, HI, NV, OR, WA)"
"448646","Unitech Training Academy-Houma","2023","Louisiana","Southeast (AL, AR, FL, GA, KY, LA, MS, NC, SC, TN, VA, WV)"
"448673","Rasmussen University-Illinois","2023","Illinois","Great Lakes (IL, IN, MI, OH, WI)"
"448691","International Institute for Restorative Practices","2023","Pennsylvania","Mid East (DE, DC, MD, NJ, NY, PA)"
"448770","Automotive Training Center-Warminster","2023","Pennsylvania","Mid East (DE, DC, MD, NJ, NY, PA)"
"448798","Empire Beauty School-Milwaukee","2023","Wisconsin","Great Lakes (IL, IN, MI, OH, WI)"
"448859","Triangle Tech Inc-Bethlehem","2023","Pennsylvania","Mid East (DE, DC, MD, NJ, NY, PA)"
"448895","Milan Institute-Clovis","2023","California","Far West (AK, CA, HI, NV, OR, WA)"
"449038","Strayer University-Florida","2023","Florida","Southeast (AL, AR, FL, GA, KY, LA, MS, NC, SC, TN, VA, WV)"
"449074","Pima Medical Institute-Renton","2023","Washington","Far West (AK, CA, HI, NV, OR, WA)"
"449083","CBT Technology Institute-Main Campus","2023","Florida","Southeast (AL, AR, FL, GA, KY, LA, MS, NC, SC, TN, VA, WV)"
"449092","CBT Technology Institute-Hialeah","2023","Florida","Southeast (AL, AR, FL, GA, KY, LA, MS, NC, SC, TN, VA, WV)"
"449135","Dewey University-Juana Díaz","2023","Puerto Rico","Other U.S. jurisdictions (AS, FM, GU, MH, MP, PR, PW, VI)"
"449250","The College of Health Care Professions-San Antonio","2023","Texas","Southwest (AZ, NM, OK, TX)"
"449311","Brittany Beauty Academy","2023","New York","Mid East (DE, DC, MD, NJ, NY, PA)"
"449320","Lincoln Technical Institute-Whitestone","2023","New York","Mid East (DE, DC, MD, NJ, NY, PA)"
"449339","American Public University System","2023","West Virginia","Southeast (AL, AR, FL, GA, KY, LA, MS, NC, SC, TN, VA, WV)"
"449348","Huntsville Bible College","2023","Alabama","Southeast (AL, AR, FL, GA, KY, LA, MS, NC, SC, TN, VA, WV)"
"449357","Beaumont Adult School","2023","California","Far West (AK, CA, HI, NV, OR, WA)"
"449384","Gnomon","2023","California","Far West (AK, CA, HI, NV, OR, WA)"
"449393","Coachella Valley Beauty College","2023","California","Far West (AK, CA, HI, NV, OR, WA)"
"449445","Valley College of Medical Careers","2023","California","Far West (AK, CA, HI, NV, OR, WA)"
"449454","Academy of Natural Therapy Inc","2023","Colorado","Rocky Mountains (CO, ID, MT, UT, WY)"
"449463","Academy Di Capelli-School of Cosmetology","2023","Connecticut","New England (CT, ME, MA, NH, RI, VT)"
"449472","Delaware Learning Institute of Cosmetology","2023","Delaware","Mid East (DE, DC, MD, NJ, NY, PA)"
"449481","Dragon Rises College of Oriental Medicine","2023","Florida","Southeast (AL, AR, FL, GA, KY, LA, MS, NC, SC, TN, VA, WV)"
"449490","Palm Beach Academy of Health & Beauty","2023","Florida","Southeast (AL, AR, FL, GA, KY, LA, MS, NC, SC, TN, VA, WV)"
"449506","SABER College","2023","Florida","Southeast (AL, AR, FL, GA, KY, LA, MS, NC, SC, TN, VA, WV)"
"449524","Taylor College","2023","Florida","Southeast (AL, AR, FL, GA, KY, LA, MS, NC, SC, TN, VA, WV)"
"449533","Pensacola School of Massage Therapy & Health Careers","2023","Florida","Southeast (AL, AR, FL, GA, KY, LA, MS, NC, SC, TN, VA, WV)"
"449597","Ideal Beauty Academy","2023","Indiana","Great Lakes (IL, IN, MI, OH, WI)"
"449603","Denmark College","2023","Indiana","Great Lakes (IL, IN, MI, OH, WI)"
"449612","Louisiana Culinary Institute","2023","Louisiana","Southeast (AL, AR, FL, GA, KY, LA, MS, NC, SC, TN, VA, WV)"
"449658","Bais Medrash Toras Chesed","2023","New Jersey","Mid East (DE, DC, MD, NJ, NY, PA)"
"449676","Ace Institute of Technology","2023","New York","Mid East (DE, DC, MD, NJ, NY, PA)"
"449685","New Age Training","2023","New York","Mid East (DE, DC, MD, NJ, NY, PA)"
"449700","Dayton School of Medical Massage","2023","Ohio","Great Lakes (IL, IN, MI, OH, WI)"
"449728","ATA College","2023","Oklahoma","Southwest (AZ, NM, OK, TX)"
"449764","Visible Music College","2023","Tennessee","Southeast (AL, AR, FL, GA, KY, LA, MS, NC, SC, TN, VA, WV)"
"449773","CCI Training Center-Arlington","2023","Texas","Southwest (AZ, NM, OK, TX)"
"449782","Champion Beauty College","2023","Texas","Southwest (AZ, NM, OK, TX)"
"449807","Southeast Texas Career Institute","2023","Texas","Southwest (AZ, NM, OK, TX)"
"449816","Southwest Technical College","2023","Utah","Rocky Mountains (CO, ID, MT, UT, WY)"
"449834","Virginia Beach Theological Seminary","2023","Virginia","Southeast (AL, AR, FL, GA, KY, LA, MS, NC, SC, TN, VA, WV)"
"449861","Milwaukee Career College","2023","Wisconsin","Great Lakes (IL, IN, MI, OH, WI)"
"449870","University of the West","2023","California","Far West (AK, CA, HI, NV, OR, WA)"
"449889","American College of Education","2023","Indiana","Great Lakes (IL, IN, MI, OH, WI)"
"449898","South University-Tampa","2023","Florida","Southeast (AL, AR, FL, GA, KY, LA, MS, NC, SC, TN, VA, WV)"
"449904","Milan Institute of Cosmetology-San Antonio Military","2023","Texas","Southwest (AZ, NM, OK, TX)"
"449922","Appalachian College of Pharmacy","2023","Virginia","Southeast (AL, AR, FL, GA, KY, LA, MS, NC, SC, TN, VA, WV)"
"449959","Paul Mitchell the School-Tampa","2023","Florida","Southeast (AL, AR, FL, GA, KY, LA, MS, NC, SC, TN, VA, WV)"
"449968","Paul Mitchell the School-San Diego","2023","California","Far West (AK, CA, HI, NV, OR, WA)"
"449977","Paul Mitchell the School-Michigan","2023","Michigan","Great Lakes (IL, IN, MI, OH, WI)"
"449986","Paul Mitchell the School-Sherman Oaks","2023","California","Far West (AK, CA, HI, NV, OR, WA)"
"449995","Paul Mitchell the School-Tysons Corner","2023","Virginia","Southeast (AL, AR, FL, GA, KY, LA, MS, NC, SC, TN, VA, WV)"
"450021","Blue Cliff College-Houma","2023","Louisiana","Southeast (AL, AR, FL, GA, KY, LA, MS, NC, SC, TN, VA, WV)"
"450058","Fortis College-Columbus","2023","Ohio","Great Lakes (IL, IN, MI, OH, WI)"
"450067","Fortis College-Cincinnati","2023","Ohio","Great Lakes (IL, IN, MI, OH, WI)"
"450119","Blue Cliff College-Fayetteville","2023","Arkansas","Southeast (AL, AR, FL, GA, KY, LA, MS, NC, SC, TN, VA, WV)"
"450128","Blue Cliff College-Alexandria","2023","Louisiana","Southeast (AL, AR, FL, GA, KY, LA, MS, NC, SC, TN, VA, WV)"
"450298","Strayer University-Delaware","2023","Delaware","Mid East (DE, DC, MD, NJ, NY, PA)"
"450304","Brite Divinity School","2023","Texas","Southwest (AZ, NM, OK, TX)"
"450377","Strayer University-Alabama","2023","Alabama","Southeast (AL, AR, FL, GA, KY, LA, MS, NC, SC, TN, VA, WV)"
"450395","Brown Aveda Institute-Strongsville","2023","Ohio","Great Lakes (IL, IN, MI, OH, WI)"
"450401","Clary Sage College","2023","Oklahoma","Southwest (AZ, NM, OK, TX)"
"450571","Rasmussen University-Wisconsin","2023","Wisconsin","Great Lakes (IL, IN, MI, OH, WI)"
"450599","Empire Beauty School-Richmond","2023","Virginia","Southeast (AL, AR, FL, GA, KY, LA, MS, NC, SC, TN, VA, WV)"
"450605","Empire Beauty School-North Hills","2023","Pennsylvania","Mid East (DE, DC, MD, NJ, NY, PA)"
"450614","Empire Beauty School-Concord","2023","North Carolina","Southeast (AL, AR, FL, GA, KY, LA, MS, NC, SC, TN, VA, WV)"
"450632","Lexington Healing Arts Academy","2023","Kentucky","Southeast (AL, AR, FL, GA, KY, LA, MS, NC, SC, TN, VA, WV)"
"450641","Empire Beauty School-Hooksett","2023","New Hampshire","New England (CT, ME, MA, NH, RI, VT)"
"450650","The Institute of Beauty and Wellness","2023","Wisconsin","Great Lakes (IL, IN, MI, OH, WI)"
"450696","Carrington College-Stockton","2023","California","Far West (AK, CA, HI, NV, OR, WA)"
"450702","Carrington College-Citrus Heights","2023","California","Far West (AK, CA, HI, NV, OR, WA)"
"450711","Trend Barber College","2023","Texas","Southwest (AZ, NM, OK, TX)"
"450720","Euphoria Institute of Beauty Arts & Sciences-Summerlin","2023","Nevada","Far West (AK, CA, HI, NV, OR, WA)"
"450933","Columbia Southern University","2023","Alabama","Southeast (AL, AR, FL, GA, KY, LA, MS, NC, SC, TN, VA, WV)"
"450951","Arizona Culinary Institute","2023","Arizona","Southwest (AZ, NM, OK, TX)"
"450960","Healthcare Career College","2023","California","Far West (AK, CA, HI, NV, OR, WA)"
"450988","Coastline Beauty College","2023","California","Far West (AK, CA, HI, NV, OR, WA)"
"451042","Branford Academy of Hair and Cosmetology","2023","Connecticut","New England (CT, ME, MA, NH, RI, VT)"
"451051","Academy of Massage and Bodywork","2023","Delaware","Mid East (DE, DC, MD, NJ, NY, PA)"
"451079","Academy for Five Element Acupuncture","2023","Florida","Southeast (AL, AR, FL, GA, KY, LA, MS, NC, SC, TN, VA, WV)"
"451097","Academy of Career Training","2023","Florida","Southeast (AL, AR, FL, GA, KY, LA, MS, NC, SC, TN, VA, WV)"
"451103","Miami Regional University","2023","Florida","Southeast (AL, AR, FL, GA, KY, LA, MS, NC, SC, TN, VA, WV)"
"451121","Paul Mitchell the School-Miami","2023","Florida","Southeast (AL, AR, FL, GA, KY, LA, MS, NC, SC, TN, VA, WV)"
"451149","Aveda Institute-South Florida","2023","Florida","Southeast (AL, AR, FL, GA, KY, LA, MS, NC, SC, TN, VA, WV)"
"451158","Aveda Institute-Tallahassee","2023","Florida","Southeast (AL, AR, FL, GA, KY, LA, MS, NC, SC, TN, VA, WV)"
"451167","Shear Excellence Hair Academy","2023","Florida","Southeast (AL, AR, FL, GA, KY, LA, MS, NC, SC, TN, VA, WV)"
"451194","Carlson College of Massage Therapy","2023","Iowa","Plains (IA, KS, MN, MO, NE, ND, SD)"
"451228","MyComputerCareer at Indianapolis","2023","Indiana","Great Lakes (IL, IN, MI, OH, WI)"
"451237","Z Hair Academy","2023","Kansas","Plains (IA, KS, MN, MO, NE, ND, SD)"
"451255","DiGrigoli School of Cosmetology","2023","Massachusetts","New England (CT, ME, MA, NH, RI, VT)"
"451282","Elevate Salon Institute","2023","Michigan","Great Lakes (IL, IN, MI, OH, WI)"
"451291","Lakewood School of Therapeutic Massage","2023","Michigan","Great Lakes (IL, IN, MI, OH, WI)"
"451307","The Salon Professional Academy-Battle Creek","2023","Michigan","Great Lakes (IL, IN, MI, OH, WI)"
"451316","Trend Setters School","2023","Missouri","Plains (IA, KS, MN, MO, NE, ND, SD)"
"451334","Academy of Hair Design-Springfield","2023","Missouri","Plains (IA, KS, MN, MO, NE, ND, SD)"
"451343","Corinth Academy of Cosmetology","2023","Mississippi","Southeast (AL, AR, FL, GA, KY, LA, MS, NC, SC, TN, VA, WV)"
"451352","Southeastern College-Charlotte","2023","North Carolina","Southeast (AL, AR, FL, GA, KY, LA, MS, NC, SC, TN, VA, WV)"
"451370","Yeshivas Be'er Yitzchok","2023","New Jersey","Mid East (DE, DC, MD, NJ, NY, PA)"
"451398","Yeshiva Toras Chaim","2023","New Jersey","Mid East (DE, DC, MD, NJ, NY, PA)"
"451404","Talmudical Seminary of Bobov","2023","New York","Mid East (DE, DC, MD, NJ, NY, PA)"
"451413","Center for Allied Health Education","2023","New York","Mid East (DE, DC, MD, NJ, NY, PA)"
"451459","Monroe 2 Orleans BOCES-Center for Workforce Development","2023","New York","Mid East (DE, DC, MD, NJ, NY, PA)"
"451468","Aveda Fredric's Institute-Cincinnati","2023","Ohio","Great Lakes (IL, IN, MI, OH, WI)"
"451477","MyComputerCareer at Columbus","2023","Ohio","Great Lakes (IL, IN, MI, OH, WI)"
"451495","CDE Career Institute","2023","Pennsylvania","Mid East (DE, DC, MD, NJ, NY, PA)"
"451501","Instituto Educativo Premier","2023","Puerto Rico","Other U.S. jurisdictions (AS, FM, GU, MH, MP, PR, PW, VI)"
"451510","Charleston School of Law","2023","South Carolina","Southeast (AL, AR, FL, GA, KY, LA, MS, NC, SC, TN, VA, WV)"
"451529","Elite College of Cosmetology","2023","Tennessee","Southeast (AL, AR, FL, GA, KY, LA, MS, NC, SC, TN, VA, WV)"
"451547","Manuel and Theresa's School of Hair Design-Bryan","2023","Texas","Southwest (AZ, NM, OK, TX)"
"451556","Southwest University at El Paso","2023","Texas","Southwest (AZ, NM, OK, TX)"
"451565","Paul Mitchell the School-Austin","2023","Texas","Southwest (AZ, NM, OK, TX)"
"451574","Aveda Institute-Provo","2023","Utah","Rocky Mountains (CO, ID, MT, UT, WY)"
"451583","Dixie Technical College","2023","Utah","Rocky Mountains (CO, ID, MT, UT, WY)"
"451626","Victoria's Academy of Cosmetology","2023","Washington","Far West (AK, CA, HI, NV, OR, WA)"
"451714","Paul Mitchell the School-San Antonio","2023","Texas","Southwest (AZ, NM, OK, TX)"
"451741","CEM College-Bayamon","2023","Puerto Rico","Other U.S. jurisdictions (AS, FM, GU, MH, MP, PR, PW, VI)"
"451750","Bryant & Stratton College-Wauwatosa","2023","Wisconsin","Great Lakes (IL, IN, MI, OH, WI)"
"451820","The Art Institute of Austin","2023","Texas","Southwest (AZ, NM, OK, TX)"
"451857","Remington College-Houston Southeast Campus","2023","Texas","Southwest (AZ, NM, OK, TX)"
"451866","Remington College-Shreveport Campus","2023","Louisiana","Southeast (AL, AR, FL, GA, KY, LA, MS, NC, SC, TN, VA, WV)"
"451918","TC Beauty","2023","Tennessee","Southeast (AL, AR, FL, GA, KY, LA, MS, NC, SC, TN, VA, WV)"
"451927","Patrick Henry College","2023","Virginia","Southeast (AL, AR, FL, GA, KY, LA, MS, NC, SC, TN, VA, WV)"
"452009","The Hair Academy","2023","North Dakota","Plains (IA, KS, MN, MO, NE, ND, SD)"
"452072","Ross Medical Education Center-New Baltimore","2023","Michigan","Great Lakes (IL, IN, MI, OH, WI)"
"452081","Ross College-Sylvania","2023","Ohio","Great Lakes (IL, IN, MI, OH, WI)"
"452106","Escuela De Troqueleria Y Herramentaje","2023","Puerto Rico","Other U.S. jurisdictions (AS, FM, GU, MH, MP, PR, PW, VI)"
"452124","Fortis Institute-Nashville","2023","Tennessee","Southeast (AL, AR, FL, GA, KY, LA, MS, NC, SC, TN, VA, WV)"
"452373","ATA College-Cincinnati","2023","Ohio","Great Lakes (IL, IN, MI, OH, WI)"
"452540","Community Technology Learning Center of Portage","2023","Ohio","Great Lakes (IL, IN, MI, OH, WI)"
"452771","Dental Assistant Pro LLC-Columbus","2023","Ohio","Great Lakes (IL, IN, MI, OH, WI)"
"452780","Dental Assistant Pro-Lebanon","2023","Ohio","Great Lakes (IL, IN, MI, OH, WI)"
"452887","Elite Welding Academy LLC","2023","Ohio","Great Lakes (IL, IN, MI, OH, WI)"
"452948","Galen College of Nursing-Cincinnati","2023","Ohio","Great Lakes (IL, IN, MI, OH, WI)"
"453163","Strayer University-North Carolina","2023","North Carolina","Southeast (AL, AR, FL, GA, KY, LA, MS, NC, SC, TN, VA, WV)"
"453215","Strayer University-New Jersey","2023","New Jersey","Mid East (DE, DC, MD, NJ, NY, PA)"
"453297","International Culinary Arts and Sciences Institute","2023","Ohio","Great Lakes (IL, IN, MI, OH, WI)"
"453756","Ohio Media School-Columbus","2023","Ohio","Great Lakes (IL, IN, MI, OH, WI)"
"453792","Ohio Medical Career College","2023","Ohio","Great Lakes (IL, IN, MI, OH, WI)"
"454184","The King's College","2023","New York","Mid East (DE, DC, MD, NJ, NY, PA)"
"454218","Chamberlain University-Administrative Office","2023","Illinois","Great Lakes (IL, IN, MI, OH, WI)"
"454227","Chamberlain University-Illinois","2023","Illinois","Great Lakes (IL, IN, MI, OH, WI)"
"454236","Chamberlain University-Ohio","2023","Ohio","Great Lakes (IL, IN, MI, OH, WI)"
"454245","Chamberlain University-Arizona","2023","Arizona","Southwest (AZ, NM, OK, TX)"
"454537","The Salon Professional Academy-Appleton","2023","Wisconsin","Great Lakes (IL, IN, MI, OH, WI)"
"454546","Milan Institute of Cosmetology-Vacaville","2023","California","Far West (AK, CA, HI, NV, OR, WA)"
"454555","Milan Institute of Cosmetology-Reno","2023","Nevada","Far West (AK, CA, HI, NV, OR, WA)"
"454582","Ottawa University-Online","2023","Kansas","Plains (IA, KS, MN, MO, NE, ND, SD)"
"454607","Paul Mitchell the School-Esani","2023","Georgia","Southeast (AL, AR, FL, GA, KY, LA, MS, NC, SC, TN, VA, WV)"
"454652","Paul Mitchell the School-Birmingham","2023","Alabama","Southeast (AL, AR, FL, GA, KY, LA, MS, NC, SC, TN, VA, WV)"
"454689","Taft University System","2023","Colorado","Rocky Mountains (CO, ID, MT, UT, WY)"
"454698","Mayfield College","2023","California","Far West (AK, CA, HI, NV, OR, WA)"
"454722","Academy of Esthetics and Cosmetology","2023","California","Far West (AK, CA, HI, NV, OR, WA)"
"454759","Borner's Barber College","2023","California","Far West (AK, CA, HI, NV, OR, WA)"
"454768","Paul Mitchell the School-Pasadena","2023","California","Far West (AK, CA, HI, NV, OR, WA)"
"454777","San Francisco Institute of Esthetics & Cosmetology Inc","2023","California","Far West (AK, CA, HI, NV, OR, WA)"
"454786","Laurus College","2023","California","Far West (AK, CA, HI, NV, OR, WA)"
"454795","Healing Hands School of Holistic Health","2023","California","Far West (AK, CA, HI, NV, OR, WA)"
"454801","Career Development Institute Inc","2023","California","Far West (AK, CA, HI, NV, OR, WA)"
"454810","Auguste Escoffier School of Culinary Arts-Boulder","2023","Colorado","Rocky Mountains (CO, ID, MT, UT, WY)"
"454829","Aspen University","2023","Arizona","Southwest (AZ, NM, OK, TX)"
"454838","Institute of Taoist Education and Acupuncture","2023","Colorado","Rocky Mountains (CO, ID, MT, UT, WY)"
"454856","Denver College of Nursing","2023","Colorado","Rocky Mountains (CO, ID, MT, UT, WY)"
"454865","Cambridge College of Healthcare & Technology","2023","Florida","Southeast (AL, AR, FL, GA, KY, LA, MS, NC, SC, TN, VA, WV)"
"454874","Cozmo Beauty School","2023","Florida","Southeast (AL, AR, FL, GA, KY, LA, MS, NC, SC, TN, VA, WV)"
"454917","Celebrity School of Beauty","2023","Florida","Southeast (AL, AR, FL, GA, KY, LA, MS, NC, SC, TN, VA, WV)"
"454926","Paul Mitchell the School-Atlanta","2023","Georgia","Southeast (AL, AR, FL, GA, KY, LA, MS, NC, SC, TN, VA, WV)"
"454935","Evans Hairstyling College-Rexburg","2023","Idaho","Rocky Mountains (CO, ID, MT, UT, WY)"
"454944","Paul Mitchell the School-Rexburg","2023","Idaho","Rocky Mountains (CO, ID, MT, UT, WY)"
"454953","University of Aesthetics & Cosmetology","2023","Illinois","Great Lakes (IL, IN, MI, OH, WI)"
"454962","The University of Aesthetics & Cosmetology","2023","Illinois","Great Lakes (IL, IN, MI, OH, WI)"
"454971","Tricoci University of Beauty Culture-Chicago NW","2023","Illinois","Great Lakes (IL, IN, MI, OH, WI)"
"454980","Tricoci University of Beauty Culture-Glendale Heights","2023","Illinois","Great Lakes (IL, IN, MI, OH, WI)"
"454999","Tricoci University of Beauty Culture-Peoria","2023","Illinois","Great Lakes (IL, IN, MI, OH, WI)"
"455008","Tricoci University of Beauty Culture-Rockford","2023","Illinois","Great Lakes (IL, IN, MI, OH, WI)"
"455026","Omega Studios' School of Applied Recording Arts & Sciences","2023","Maryland","Mid East (DE, DC, MD, NJ, NY, PA)"
"455062","French Academy of Cosmetology","2023","Michigan","Great Lakes (IL, IN, MI, OH, WI)"
"455071","Healing Arts Center","2023","Missouri","Plains (IA, KS, MN, MO, NE, ND, SD)"
"455080","Paul Mitchell the School-Springfield","2023","Missouri","Plains (IA, KS, MN, MO, NE, ND, SD)"
"455099","Urshan Graduate School of Theology","2023","Missouri","Plains (IA, KS, MN, MO, NE, ND, SD)"
"455105","Mississippi Institute of Aesthetics Nails & Cosmetology","2023","Mississippi","Southeast (AL, AR, FL, GA, KY, LA, MS, NC, SC, TN, VA, WV)"
"455114","College of Western Idaho","2023","Idaho","Rocky Mountains (CO, ID, MT, UT, WY)"
"455141","Aveda Institute-Chapel Hill","2023","North Carolina","Southeast (AL, AR, FL, GA, KY, LA, MS, NC, SC, TN, VA, WV)"
"455178","Daoist Traditions College of Chinese Medical Arts","2023","North Carolina","Southeast (AL, AR, FL, GA, KY, LA, MS, NC, SC, TN, VA, WV)"
"455187","Total Image Beauty Academy","2023","New Jersey","Mid East (DE, DC, MD, NJ, NY, PA)"
"455196","Jersey College","2023","New Jersey","Mid East (DE, DC, MD, NJ, NY, PA)"
"455202","American Institute of Medical Sciences & Education","2023","New Jersey","Mid East (DE, DC, MD, NJ, NY, PA)"
"455211","Casal Institute of Nevada","2023","Nevada","Far West (AK, CA, HI, NV, OR, WA)"
"455220","Career School of NY","2023","New York","Mid East (DE, DC, MD, NJ, NY, PA)"
"455257","Yeshiva of Machzikai Hadas","2023","New York","Mid East (DE, DC, MD, NJ, NY, PA)"
"455275","Aveda Institute-Columbus","2023","Ohio","Great Lakes (IL, IN, MI, OH, WI)"
"455284","Paul Mitchell the School-Cincinnati","2023","Ohio","Great Lakes (IL, IN, MI, OH, WI)"
"455327","Hands on Therapy","2023","Texas","Southwest (AZ, NM, OK, TX)"
"455336","MediaTech Institute-Dallas","2023","Texas","Southwest (AZ, NM, OK, TX)"
"455354","Aveda Arts & Sciences Institute-San Antonio","2023","Texas","Southwest (AZ, NM, OK, TX)"
"455381","Skin Science Institute","2023","Utah","Rocky Mountains (CO, ID, MT, UT, WY)"
"455406","Pacific Northwest University of Health Sciences","2023","Washington","Far West (AK, CA, HI, NV, OR, WA)"
"455433","The Chicago School at Anaheim","2023","California","Far West (AK, CA, HI, NV, OR, WA)"
"455460","Fortis College-Dothan","2023","Alabama","Southeast (AL, AR, FL, GA, KY, LA, MS, NC, SC, TN, VA, WV)"
"455479","Fortis Institute-Pensacola","2023","Florida","Southeast (AL, AR, FL, GA, KY, LA, MS, NC, SC, TN, VA, WV)"
"455488","Fortis College-Montgomery","2023","Alabama","Southeast (AL, AR, FL, GA, KY, LA, MS, NC, SC, TN, VA, WV)"
"455512","Woodland Community College","2023","California","Far West (AK, CA, HI, NV, OR, WA)"
"455628","Fortis Institute-Birmingham","2023","Alabama","Southeast (AL, AR, FL, GA, KY, LA, MS, NC, SC, TN, VA, WV)"
"455664","The Chicago School at Los Angeles","2023","California","Far West (AK, CA, HI, NV, OR, WA)"
"455707","Cardiac and Vascular Institute of Ultrasound","2023","Alabama","Southeast (AL, AR, FL, GA, KY, LA, MS, NC, SC, TN, VA, WV)"
"455725","Studio Academy of Beauty","2023","Arizona","Southwest (AZ, NM, OK, TX)"
"455734","California Nurses Educational Institute","2023","California","Far West (AK, CA, HI, NV, OR, WA)"
"455761","Paul Mitchell the School-Sacramento","2023","California","Far West (AK, CA, HI, NV, OR, WA)"
"455770","Providence Christian College","2023","California","Far West (AK, CA, HI, NV, OR, WA)"
"455798","Oxford Academy of Hair Design Inc","2023","Connecticut","New England (CT, ME, MA, NH, RI, VT)"
"455804","Institute of World Politics","2023","District of Columbia","Mid East (DE, DC, MD, NJ, NY, PA)"
"455813","Pontifical John Paul II Institute for Studies on Marriage and Family","2023","District of Columbia","Mid East (DE, DC, MD, NJ, NY, PA)"
"455831","Medical Institute of Palm Beach","2023","Florida","Southeast (AL, AR, FL, GA, KY, LA, MS, NC, SC, TN, VA, WV)"
"455859","Oliver Finley Academy of Cosmetology","2023","Idaho","Rocky Mountains (CO, ID, MT, UT, WY)"
"455868","National Career College","2023","California","Far West (AK, CA, HI, NV, OR, WA)"
"455877","Aveda Institute-Chicago","2023","Illinois","Great Lakes (IL, IN, MI, OH, WI)"
"455886","Tricoci University of Beauty Culture-Libertyville","2023","Illinois","Great Lakes (IL, IN, MI, OH, WI)"
"455895","Tricoci University of Beauty Culture-Bridgeview","2023","Illinois","Great Lakes (IL, IN, MI, OH, WI)"
"455901","The Temple-A Paul Mitchell Partner School","2023","Maryland","Mid East (DE, DC, MD, NJ, NY, PA)"
"455910","Center for Massage","2023","North Carolina","Southeast (AL, AR, FL, GA, KY, LA, MS, NC, SC, TN, VA, WV)"
"455929","The Academy of Hair Design LLC","2023","Oklahoma","Southwest (AZ, NM, OK, TX)"
"455965","Toni & Guy Hairdressing Academy-Cranston","2023","Rhode Island","New England (CT, ME, MA, NH, RI, VT)"
"455974","South Texas Training Center","2023","Texas","Southwest (AZ, NM, OK, TX)"
"455983","Columbia College","2023","Virginia","Southeast (AL, AR, FL, GA, KY, LA, MS, NC, SC, TN, VA, WV)"
"455992","Vermont College of Fine Arts","2023","Vermont","New England (CT, ME, MA, NH, RI, VT)"
"456001","Advanced Welding Institute","2023","Vermont","New England (CT, ME, MA, NH, RI, VT)"
"456029","Paul Mitchell the School-Memphis","2023","Tennessee","Southeast (AL, AR, FL, GA, KY, LA, MS, NC, SC, TN, VA, WV)"
"456038","Pima Medical Institute-East Valley","2023","Arizona","Southwest (AZ, NM, OK, TX)"
"456065","Paul Mitchell the School-Cleveland","2023","Ohio","Great Lakes (IL, IN, MI, OH, WI)"
"456074","Paul Mitchell the School-Columbus","2023","Ohio","Great Lakes (IL, IN, MI, OH, WI)"
"456135","Empire Beauty School-Spring Lake Park","2023","Minnesota","Plains (IA, KS, MN, MO, NE, ND, SD)"
"456153","MediaTech Institute-Houston","2023","Texas","Southwest (AZ, NM, OK, TX)"
"456205","Miller-Motte College-Raleigh","2023","North Carolina","Southeast (AL, AR, FL, GA, KY, LA, MS, NC, SC, TN, VA, WV)"
"456214","Lamson Institute","2023","Texas","Southwest (AZ, NM, OK, TX)"
"456287","College of Hair Design-East Campus","2023","Nebraska","Plains (IA, KS, MN, MO, NE, ND, SD)"
"456454","Fortis College-Salt Lake City","2023","Utah","Rocky Mountains (CO, ID, MT, UT, WY)"
"456481","Polytechnic University of Puerto Rico-Miami","2023","Florida","Southeast (AL, AR, FL, GA, KY, LA, MS, NC, SC, TN, VA, WV)"
"456490","Polytechnic University of Puerto Rico-Orlando","2023","Florida","Southeast (AL, AR, FL, GA, KY, LA, MS, NC, SC, TN, VA, WV)"
"456506","Ross Medical Education Center-Fort Wayne","2023","Indiana","Great Lakes (IL, IN, MI, OH, WI)"
"456515","Ross Medical Education Center-Battle Creek","2023","Michigan","Great Lakes (IL, IN, MI, OH, WI)"
"456542","Geisinger Commonwealth School of Medicine","2023","Pennsylvania","Mid East (DE, DC, MD, NJ, NY, PA)"
"456551","Josef's School of Hair, Skin & Body-Fargo","2023","North Dakota","Plains (IA, KS, MN, MO, NE, ND, SD)"
"456579","Miller-Motte College-McCann-Allentown","2023","Pennsylvania","Mid East (DE, DC, MD, NJ, NY, PA)"
"456588","Salon Success Academy-Fontana","2023","California","Far West (AK, CA, HI, NV, OR, WA)"
"456597","Salon Success Academy-Redlands","2023","California","Far West (AK, CA, HI, NV, OR, WA)"
"456621","Strayer University-West Virginia","2023","West Virginia","Southeast (AL, AR, FL, GA, KY, LA, MS, NC, SC, TN, VA, WV)"
"456825","Paul Mitchell the School-Baton Rouge","2023","Louisiana","Southeast (AL, AR, FL, GA, KY, LA, MS, NC, SC, TN, VA, WV)"
"456852","San Joaquin Valley College-Hesperia","2023","California","Far West (AK, CA, HI, NV, OR, WA)"
"456922","South Texas Vocational Technical Institute-Brownsville","2023","Texas","Southwest (AZ, NM, OK, TX)"
"456931","Miller-Motte College-STVT-Corpus Christi","2023","Texas","Southwest (AZ, NM, OK, TX)"
"456959","University of Minnesota-Rochester","2023","Minnesota","Plains (IA, KS, MN, MO, NE, ND, SD)"
"456968","Health And Style Institute","2023","North Carolina","Southeast (AL, AR, FL, GA, KY, LA, MS, NC, SC, TN, VA, WV)"
"456977","CBT Technology Institute-Cutler Bay","2023","Florida","Southeast (AL, AR, FL, GA, KY, LA, MS, NC, SC, TN, VA, WV)"
"457031","Capri Beauty College","2023","Illinois","Great Lakes (IL, IN, MI, OH, WI)"
"457077","Milan Institute-Bakersfield","2023","California","Far West (AK, CA, HI, NV, OR, WA)"
"457086","Homestead Schools","2023","California","Far West (AK, CA, HI, NV, OR, WA)"
"457101","Carrington College-Las Vegas","2023","Nevada","Far West (AK, CA, HI, NV, OR, WA)"
"457110","Carrington College-Reno","2023","Nevada","Far West (AK, CA, HI, NV, OR, WA)"
"457129","Chamberlain University-Florida","2023","Florida","Southeast (AL, AR, FL, GA, KY, LA, MS, NC, SC, TN, VA, WV)"
"457192","Washington Barber College Inc","2023","Arkansas","Southeast (AL, AR, FL, GA, KY, LA, MS, NC, SC, TN, VA, WV)"
"457208","InterCoast Colleges-Rancho Cordova","2023","California","Far West (AK, CA, HI, NV, OR, WA)"
"457226","Horizon University","2023","Indiana","Great Lakes (IL, IN, MI, OH, WI)"
"457253","Beyond 21st Century Beauty Academy","2023","California","Far West (AK, CA, HI, NV, OR, WA)"
"457271","Academy for Jewish Religion California","2023","California","Far West (AK, CA, HI, NV, OR, WA)"
"457299","Angeles College","2023","California","Far West (AK, CA, HI, NV, OR, WA)"
"457314","Angeles Institute","2023","California","Far West (AK, CA, HI, NV, OR, WA)"
"457323","Paul Mitchell the School-Temecula","2023","California","Far West (AK, CA, HI, NV, OR, WA)"
"457332","TIGI Hairdressing Academy Guilford","2023","Connecticut","New England (CT, ME, MA, NH, RI, VT)"
"457341","International Institute of Cosmetology","2023","Connecticut","New England (CT, ME, MA, NH, RI, VT)"
"457350","Florida School of Traditional Midwifery","2023","Florida","Southeast (AL, AR, FL, GA, KY, LA, MS, NC, SC, TN, VA, WV)"
"457378","Emerald Coast Technical College","2023","Florida","Southeast (AL, AR, FL, GA, KY, LA, MS, NC, SC, TN, VA, WV)"
"457387","Immokalee Technical College","2023","Florida","Southeast (AL, AR, FL, GA, KY, LA, MS, NC, SC, TN, VA, WV)"
"457396","American Academy of Cosmetology","2023","Florida","Southeast (AL, AR, FL, GA, KY, LA, MS, NC, SC, TN, VA, WV)"
"457402","University of Fort Lauderdale","2023","Florida","Southeast (AL, AR, FL, GA, KY, LA, MS, NC, SC, TN, VA, WV)"
"457411","Aviation Institute of Maintenance-Orlando","2023","Florida","Southeast (AL, AR, FL, GA, KY, LA, MS, NC, SC, TN, VA, WV)"
"457420","Summit Salon Academy","2023","Florida","Southeast (AL, AR, FL, GA, KY, LA, MS, NC, SC, TN, VA, WV)"
"457439","Summit Salon Academy-Gainesville","2023","Florida","Southeast (AL, AR, FL, GA, KY, LA, MS, NC, SC, TN, VA, WV)"
"457448","Tenaj Salon Institute","2023","Florida","Southeast (AL, AR, FL, GA, KY, LA, MS, NC, SC, TN, VA, WV)"
"457466","Profile Institute of Barber-Styling","2023","Georgia","Southeast (AL, AR, FL, GA, KY, LA, MS, NC, SC, TN, VA, WV)"
"457475","Keune Academy by 124","2023","Georgia","Southeast (AL, AR, FL, GA, KY, LA, MS, NC, SC, TN, VA, WV)"
"457484","Pacific Rim Christian University","2023","Hawaii","Far West (AK, CA, HI, NV, OR, WA)"
"457493","Paul Mitchell the School-Twin Falls","2023","Idaho","Rocky Mountains (CO, ID, MT, UT, WY)"
"457527","Ambria College of Nursing","2023","Illinois","Great Lakes (IL, IN, MI, OH, WI)"
"457536","Midwestern Career College","2023","Illinois","Great Lakes (IL, IN, MI, OH, WI)"
"457545","Paul Mitchell the School-Normal","2023","Illinois","Great Lakes (IL, IN, MI, OH, WI)"
"457554","Innovations Design Academy","2023","Illinois","Great Lakes (IL, IN, MI, OH, WI)"
"457563","Aveda Fredric's Institute-Indianapolis","2023","Indiana","Great Lakes (IL, IN, MI, OH, WI)"
"457572","Summit Salon Academy","2023","Indiana","Great Lakes (IL, IN, MI, OH, WI)"
"457581","Eric Fisher Academy","2023","Kansas","Plains (IA, KS, MN, MO, NE, ND, SD)"
"457606","My Le's Beauty College","2023","Louisiana","Southeast (AL, AR, FL, GA, KY, LA, MS, NC, SC, TN, VA, WV)"
"457615","Blackstone Valley Vocational Regional School District","2023","Massachusetts","New England (CT, ME, MA, NH, RI, VT)"
"457624","Southern Worcester County Regional Vocational School District","2023","Massachusetts","New England (CT, ME, MA, NH, RI, VT)"
"457633","L'esprit Academy","2023","Michigan","Great Lakes (IL, IN, MI, OH, WI)"
"457642","Marketti Academy of Cosmetology","2023","Michigan","Great Lakes (IL, IN, MI, OH, WI)"
"457679","Avalon School of Cosmetology","2023","Minnesota","Plains (IA, KS, MN, MO, NE, ND, SD)"
"457697","City Vision University","2023","Missouri","Plains (IA, KS, MN, MO, NE, ND, SD)"
"457749","Montana Academy of Salons","2023","Montana","Rocky Mountains (CO, ID, MT, UT, WY)"
"457767","National Career Institute","2023","New Jersey","Mid East (DE, DC, MD, NJ, NY, PA)"
"457776","Paul Mitchell the School-Albuquerque","2023","New Mexico","Southwest (AZ, NM, OK, TX)"
"457785","International Academy of Style","2023","Nevada","Far West (AK, CA, HI, NV, OR, WA)"
"457794","EDP School","2023","New York","Mid East (DE, DC, MD, NJ, NY, PA)"
"457800","New York Medical Career Training Center","2023","New York","Mid East (DE, DC, MD, NJ, NY, PA)"
"457819","Institute of Culinary Education","2023","New York","Mid East (DE, DC, MD, NJ, NY, PA)"
"457837","The Salon Professional Academy-Tonawanda","2023","New York","Mid East (DE, DC, MD, NJ, NY, PA)"
"457855","Paul Mitchell the School-NYC","2023","New York","Mid East (DE, DC, MD, NJ, NY, PA)"
"457873","Four County Career Center","2023","Ohio","Great Lakes (IL, IN, MI, OH, WI)"
"457916","Summit Salon Academy-Perrysburg","2023","Ohio","Great Lakes (IL, IN, MI, OH, WI)"
"457925","Portland Actors Conservatory","2023","Oregon","Far West (AK, CA, HI, NV, OR, WA)"
"457943","Somerset County Technology Center","2023","Pennsylvania","Mid East (DE, DC, MD, NJ, NY, PA)"
"457952","Metro Beauty Academy","2023","Pennsylvania","Mid East (DE, DC, MD, NJ, NY, PA)"
"457989","Academy for Careers and Technology","2023","South Carolina","Southeast (AL, AR, FL, GA, KY, LA, MS, NC, SC, TN, VA, WV)"
"458007","Love Beauty School Inc","2023","Tennessee","Southeast (AL, AR, FL, GA, KY, LA, MS, NC, SC, TN, VA, WV)"
"458034","Houston International College Cardiotech Ultrasound School","2023","Texas","Southwest (AZ, NM, OK, TX)"
"458043","DuVall's School of Cosmetology","2023","Texas","Southwest (AZ, NM, OK, TX)"
"458061","Texas Beauty College","2023","Texas","Southwest (AZ, NM, OK, TX)"
"458070","Avenue Five Institute","2023","Texas","Southwest (AZ, NM, OK, TX)"
"458098","The Salon Professional Academy-Lewisville","2023","Texas","Southwest (AZ, NM, OK, TX)"
"458104","Renaissance Academie","2023","Utah","Rocky Mountains (CO, ID, MT, UT, WY)"
"458113","Ascent College","2023","Virginia","Southeast (AL, AR, FL, GA, KY, LA, MS, NC, SC, TN, VA, WV)"
"458122","Institute of Advanced Medical Esthetics","2023","Virginia","Southeast (AL, AR, FL, GA, KY, LA, MS, NC, SC, TN, VA, WV)"
"458131","Aveda Arts & Sciences Institute Seattle","2023","Washington","Far West (AK, CA, HI, NV, OR, WA)"
"458140","Northwest School of Wooden Boat Building","2023","Washington","Far West (AK, CA, HI, NV, OR, WA)"
"458168","The Salon Professional Academy-Onalaska","2023","Wisconsin","Great Lakes (IL, IN, MI, OH, WI)"
"458210","West Coast University-Orange County","2023","California","Far West (AK, CA, HI, NV, OR, WA)"
"458229","West Coast University-Ontario","2023","California","Far West (AK, CA, HI, NV, OR, WA)"
"458274","Paul Mitchell the School-Chicago","2023","Illinois","Great Lakes (IL, IN, MI, OH, WI)"
"458405","Miller-Motte College-Fayetteville","2023","North Carolina","Southeast (AL, AR, FL, GA, KY, LA, MS, NC, SC, TN, VA, WV)"
"458423","European Massage Therapy School-Las Vegas","2023","Nevada","Far West (AK, CA, HI, NV, OR, WA)"
"458441","Miller-Motte College-Columbus","2023","Georgia","Southeast (AL, AR, FL, GA, KY, LA, MS, NC, SC, TN, VA, WV)"
"458496","The Art Institute of Virginia Beach","2023","Virginia","Southeast (AL, AR, FL, GA, KY, LA, MS, NC, SC, TN, VA, WV)"
"458681","Fortis College-Indianapolis","2023","Indiana","Great Lakes (IL, IN, MI, OH, WI)"
"458803","Empire Beauty School-E Memphis","2023","Tennessee","Southeast (AL, AR, FL, GA, KY, LA, MS, NC, SC, TN, VA, WV)"
"458812","Empire Beauty School-Nashville","2023","Tennessee","Southeast (AL, AR, FL, GA, KY, LA, MS, NC, SC, TN, VA, WV)"
"458821","Empire Beauty School-Jackson","2023","Tennessee","Southeast (AL, AR, FL, GA, KY, LA, MS, NC, SC, TN, VA, WV)"
"458830","Empire Beauty School-Springfield","2023","Pennsylvania","Mid East (DE, DC, MD, NJ, NY, PA)"
"458858","Empire Beauty School-Speedway","2023","Indiana","Great Lakes (IL, IN, MI, OH, WI)"
"458867","Empire Beauty School-Morrow","2023","Georgia","Southeast (AL, AR, FL, GA, KY, LA, MS, NC, SC, TN, VA, WV)"
"458885","Strayer University-Arkansas","2023","Arkansas","Southeast (AL, AR, FL, GA, KY, LA, MS, NC, SC, TN, VA, WV)"
"458919","Strayer University-Georgia","2023","Georgia","Southeast (AL, AR, FL, GA, KY, LA, MS, NC, SC, TN, VA, WV)"
"458955","Strayer University-Mississippi","2023","Mississippi","Southeast (AL, AR, FL, GA, KY, LA, MS, NC, SC, TN, VA, WV)"
"458964","Strayer University-South Carolina","2023","South Carolina","Southeast (AL, AR, FL, GA, KY, LA, MS, NC, SC, TN, VA, WV)"
"458973","Strayer University-Texas","2023","Texas","Southwest (AZ, NM, OK, TX)"
"458982","The Art Institute of San Antonio","2023","Texas","Southwest (AZ, NM, OK, TX)"
"459019","Empire Beauty School-Charlotte","2023","North Carolina","Southeast (AL, AR, FL, GA, KY, LA, MS, NC, SC, TN, VA, WV)"
"459046","Empire Beauty School-Winston-Salem","2023","North Carolina","Southeast (AL, AR, FL, GA, KY, LA, MS, NC, SC, TN, VA, WV)"
"459055","Empire Beauty School-West Palm","2023","Florida","Southeast (AL, AR, FL, GA, KY, LA, MS, NC, SC, TN, VA, WV)"
"459064","Empire Beauty School-Pineville","2023","North Carolina","Southeast (AL, AR, FL, GA, KY, LA, MS, NC, SC, TN, VA, WV)"
"459116","Paul Mitchell the School-Phoenix","2023","Arizona","Southwest (AZ, NM, OK, TX)"
"459170","Paul Mitchell the School-Modesto","2023","California","Far West (AK, CA, HI, NV, OR, WA)"
"459189","Cosmo Beauty Academy","2023","California","Far West (AK, CA, HI, NV, OR, WA)"
"459198","Paul Mitchell the School-Fresno","2023","California","Far West (AK, CA, HI, NV, OR, WA)"
"459204","Unitek College","2023","California","Far West (AK, CA, HI, NV, OR, WA)"
"459213","Gurnick Academy of Medical Arts","2023","California","Far West (AK, CA, HI, NV, OR, WA)"
"459231","Paul Mitchell the School-East Bay","2023","California","Far West (AK, CA, HI, NV, OR, WA)"
"459259","South University-Richmond","2023","Virginia","Southeast (AL, AR, FL, GA, KY, LA, MS, NC, SC, TN, VA, WV)"
"459268","South University-Virginia Beach","2023","Virginia","Southeast (AL, AR, FL, GA, KY, LA, MS, NC, SC, TN, VA, WV)"
"459277","Aveda Institute-Denver","2023","Colorado","Rocky Mountains (CO, ID, MT, UT, WY)"
"459286","Paul Mitchell the School-Colorado Springs","2023","Colorado","Rocky Mountains (CO, ID, MT, UT, WY)"
"459295","The Salon Professional Academy-Colorado Springs","2023","Colorado","Rocky Mountains (CO, ID, MT, UT, WY)"
"459301","Paul Mitchell the School-Delaware","2023","Delaware","Mid East (DE, DC, MD, NJ, NY, PA)"
"459329","Fred K Marchman Technical College","2023","Florida","Southeast (AL, AR, FL, GA, KY, LA, MS, NC, SC, TN, VA, WV)"
"459347","The Salon Professional Academy-Ft Myers","2023","Florida","Southeast (AL, AR, FL, GA, KY, LA, MS, NC, SC, TN, VA, WV)"
"459374","Universal Spa Training Academy","2023","Illinois","Great Lakes (IL, IN, MI, OH, WI)"
"459392","The Salon Professional Academy-Evansville","2023","Indiana","Great Lakes (IL, IN, MI, OH, WI)"
"459408","Tri County Regional Vocational Technical High School","2023","Massachusetts","New England (CT, ME, MA, NH, RI, VT)"
"459417","Compass College of Film and Media","2023","Michigan","Great Lakes (IL, IN, MI, OH, WI)"
"459426","Nova Academy of Cosmetology","2023","Minnesota","Plains (IA, KS, MN, MO, NE, ND, SD)"
"459499","Sage School of Massage & Esthetics","2023","Oregon","Far West (AK, CA, HI, NV, OR, WA)"
"459514","Peloton College","2023","Texas","Southwest (AZ, NM, OK, TX)"
"459523","ABC Beauty Academy","2023","Texas","Southwest (AZ, NM, OK, TX)"
"459532","Salon & Spa Institute","2023","Texas","Southwest (AZ, NM, OK, TX)"
"459541","American Beauty Academy","2023","Utah","Rocky Mountains (CO, ID, MT, UT, WY)"
"459550","Summit Salon Academy","2023","Washington","Far West (AK, CA, HI, NV, OR, WA)"
"459578","Paul Mitchell the School-Milwaukee","2023","Wisconsin","Great Lakes (IL, IN, MI, OH, WI)"
"459727","Touro University Worldwide","2023","California","Far West (AK, CA, HI, NV, OR, WA)"
"459736","Touro University California","2023","California","Far West (AK, CA, HI, NV, OR, WA)"
"459745","The Chicago School at Washington DC","2023","District of Columbia","Mid East (DE, DC, MD, NJ, NY, PA)"
"459824","Touro University Nevada","2023","Nevada","Far West (AK, CA, HI, NV, OR, WA)"
"459842","Herzing University-Kenosha","2023","Wisconsin","Great Lakes (IL, IN, MI, OH, WI)"
"459851","Herzing University-Brookfield","2023","Wisconsin","Great Lakes (IL, IN, MI, OH, WI)"
"459949","Texas A&M University-San Antonio","2023","Texas","Southwest (AZ, NM, OK, TX)"
"459958","Fortis Institute","2023","Texas","Southwest (AZ, NM, OK, TX)"
"459967","Southern Careers Institute-Brownsville","2023","Texas","Southwest (AZ, NM, OK, TX)"
"459985","Southern Careers Institute-Harlingen","2023","Texas","Southwest (AZ, NM, OK, TX)"
"459994","Strayer University-Global Region","2023","District of Columbia","Mid East (DE, DC, MD, NJ, NY, PA)"
"460011","Kenneth Shuler School of Cosmetology-Florence","2023","South Carolina","Southeast (AL, AR, FL, GA, KY, LA, MS, NC, SC, TN, VA, WV)"
"460020","Fortis College-Columbia","2023","South Carolina","Southeast (AL, AR, FL, GA, KY, LA, MS, NC, SC, TN, VA, WV)"
"460093","Ross Medical Education Center-Davison","2023","Michigan","Great Lakes (IL, IN, MI, OH, WI)"
"460109","Ross Medical Education Center-Granger","2023","Indiana","Great Lakes (IL, IN, MI, OH, WI)"
"460118","Ross Medical Education Center-Niles","2023","Ohio","Great Lakes (IL, IN, MI, OH, WI)"
"460127","Ross Medical Education Center-Canton","2023","Michigan","Great Lakes (IL, IN, MI, OH, WI)"
"460136","Pima Medical Institute-Houston","2023","Texas","Southwest (AZ, NM, OK, TX)"
"460145","Illinois Media School-Chicago Campus","2023","Illinois","Great Lakes (IL, IN, MI, OH, WI)"
"460172","Miller-Motte College-STVT-San Antonio","2023","Texas","Southwest (AZ, NM, OK, TX)"
"460181","Concorde Career College-Dallas","2023","Texas","Southwest (AZ, NM, OK, TX)"
"460190","Concorde Career Institute-Orlando","2023","Florida","Southeast (AL, AR, FL, GA, KY, LA, MS, NC, SC, TN, VA, WV)"
"460206","Concorde Career College-San Antonio","2023","Texas","Southwest (AZ, NM, OK, TX)"
"460349","Johnson & Wales University-Online","2023","Rhode Island","New England (CT, ME, MA, NH, RI, VT)"
"460376","Fairfax University of America","2023","Virginia","Southeast (AL, AR, FL, GA, KY, LA, MS, NC, SC, TN, VA, WV)"
"460385","Geisinger-Lewistown Hospital School of Nursing","2023","Pennsylvania","Mid East (DE, DC, MD, NJ, NY, PA)"
"460394","Moreno Valley College","2023","California","Far West (AK, CA, HI, NV, OR, WA)"
"460464","Norco College","2023","California","Far West (AK, CA, HI, NV, OR, WA)"
"460482","Dorsey College-Saginaw","2023","Michigan","Great Lakes (IL, IN, MI, OH, WI)"
"460525","Milan Institute-Boise","2023","Idaho","Rocky Mountains (CO, ID, MT, UT, WY)"
"460534","Milan Institute of Cosmetology-El Paso","2023","Texas","Southwest (AZ, NM, OK, TX)"
"460543","Universal Technical Institute-Dallas Fort Worth","2023","Texas","Southwest (AZ, NM, OK, TX)"
"460677","ICPR Junior College","2023","Puerto Rico","Other U.S. jurisdictions (AS, FM, GU, MH, MP, PR, PW, VI)"
"460701","Artistic Nails and Beauty Academy-Lakeland","2023","Florida","Southeast (AL, AR, FL, GA, KY, LA, MS, NC, SC, TN, VA, WV)"
"460756","Hawaii Medical College","2023","Hawaii","Far West (AK, CA, HI, NV, OR, WA)"
"460765","Carolina College of Hair Design Inc","2023","North Carolina","Southeast (AL, AR, FL, GA, KY, LA, MS, NC, SC, TN, VA, WV)"
"460808","Integrated Massage Therapy Services","2023","Idaho","Rocky Mountains (CO, ID, MT, UT, WY)"
"460817","Miller-Motte College-Jacksonville","2023","North Carolina","Southeast (AL, AR, FL, GA, KY, LA, MS, NC, SC, TN, VA, WV)"
"460826","Miller-Motte College-Augusta","2023","Georgia","Southeast (AL, AR, FL, GA, KY, LA, MS, NC, SC, TN, VA, WV)"
"460835","Miller-Motte College-Conway","2023","South Carolina","Southeast (AL, AR, FL, GA, KY, LA, MS, NC, SC, TN, VA, WV)"
"460862","Aveda Institute-Portland","2023","Oregon","Far West (AK, CA, HI, NV, OR, WA)"
"460871","Chamberlain University-Virginia","2023","Virginia","Southeast (AL, AR, FL, GA, KY, LA, MS, NC, SC, TN, VA, WV)"
"460914","Penrose Academy","2023","Arizona","Southwest (AZ, NM, OK, TX)"
"460932","Skin Institute","2023","Missouri","Plains (IA, KS, MN, MO, NE, ND, SD)"
"460969","Beauty Academy of South Florida","2023","Florida","Southeast (AL, AR, FL, GA, KY, LA, MS, NC, SC, TN, VA, WV)"
"460978","Ogle School Hair Skin Nails-North Dallas","2023","Texas","Southwest (AZ, NM, OK, TX)"
"460987","The Salon Professional Academy","2023","Arkansas","Southeast (AL, AR, FL, GA, KY, LA, MS, NC, SC, TN, VA, WV)"
"460996","The Salon Professional Academy-St Charles","2023","Missouri","Plains (IA, KS, MN, MO, NE, ND, SD)"
"461014","Mildred Elley-New York Campus","2023","New York","Mid East (DE, DC, MD, NJ, NY, PA)"
"461023","National Paralegal College","2023","Arizona","Southwest (AZ, NM, OK, TX)"
"461032","Carolina College of Biblical Studies","2023","North Carolina","Southeast (AL, AR, FL, GA, KY, LA, MS, NC, SC, TN, VA, WV)"
"461087","Northeast Technology Center","2023","Oklahoma","Southwest (AZ, NM, OK, TX)"
"461111","Allstate Hairstyling & Barber College","2023","Ohio","Great Lakes (IL, IN, MI, OH, WI)"
"461120","Omega Graduate School","2023","Tennessee","Southeast (AL, AR, FL, GA, KY, LA, MS, NC, SC, TN, VA, WV)"
"461139","Jung Tao School of Classical Chinese Medicine","2023","North Carolina","Southeast (AL, AR, FL, GA, KY, LA, MS, NC, SC, TN, VA, WV)"
"461148","New York Film Academy","2023","California","Far West (AK, CA, HI, NV, OR, WA)"
"461175","International College of Cosmetology","2023","California","Far West (AK, CA, HI, NV, OR, WA)"
"461193","Bella Capelli Academy","2023","Pennsylvania","Mid East (DE, DC, MD, NJ, NY, PA)"
"461218","Institute of Medical Careers","2023","Pennsylvania","Mid East (DE, DC, MD, NJ, NY, PA)"
"461245","Flagler Technical College","2023","Florida","Southeast (AL, AR, FL, GA, KY, LA, MS, NC, SC, TN, VA, WV)"
"461254","Galaxy Medical College","2023","California","Far West (AK, CA, HI, NV, OR, WA)"
"461263","American Medical Sciences Center","2023","California","Far West (AK, CA, HI, NV, OR, WA)"
"461272","Mandalyn Academy","2023","Utah","Rocky Mountains (CO, ID, MT, UT, WY)"
"461281","Jose Maria Vargas University","2023","Florida","Southeast (AL, AR, FL, GA, KY, LA, MS, NC, SC, TN, VA, WV)"
"461306","D A Dorsey Technical College","2023","Florida","Southeast (AL, AR, FL, GA, KY, LA, MS, NC, SC, TN, VA, WV)"
"461315","Keweenaw Bay Ojibwa Community College","2023","Michigan","Great Lakes (IL, IN, MI, OH, WI)"
"461324","Meridian Institute of Surgical Assisting","2023","Tennessee","Southeast (AL, AR, FL, GA, KY, LA, MS, NC, SC, TN, VA, WV)"
"461333","Mauna Loa Helicopters","2023","Hawaii","Far West (AK, CA, HI, NV, OR, WA)"
"461342","Acaydia School of Aesthetics","2023","Utah","Rocky Mountains (CO, ID, MT, UT, WY)"
"461379","Holistic Massage Training Institute","2023","Maryland","Mid East (DE, DC, MD, NJ, NY, PA)"
"461388","Diamonds College","2023","Texas","Southwest (AZ, NM, OK, TX)"
"461412","Northern Virginia School of Therapeutic Massage","2023","Virginia","Southeast (AL, AR, FL, GA, KY, LA, MS, NC, SC, TN, VA, WV)"
"461421","Paul Mitchell the School-St Louis","2023","Missouri","Plains (IA, KS, MN, MO, NE, ND, SD)"
"461430","Advanced Training Institute","2023","Nevada","Far West (AK, CA, HI, NV, OR, WA)"
"461485","Shepherds Theological Seminary","2023","North Carolina","Southeast (AL, AR, FL, GA, KY, LA, MS, NC, SC, TN, VA, WV)"
"461494","Taylor Andrews Academy of Hair Design-West Jordan","2023","Utah","Rocky Mountains (CO, ID, MT, UT, WY)"
"461500","Santa Ana Beauty Academy","2023","California","Far West (AK, CA, HI, NV, OR, WA)"
"461528","Manna University","2023","North Carolina","Southeast (AL, AR, FL, GA, KY, LA, MS, NC, SC, TN, VA, WV)"
"461537","Evolve Beauty Academy","2023","Missouri","Plains (IA, KS, MN, MO, NE, ND, SD)"
"461555","Aveda Institute-New Mexico","2023","New Mexico","Southwest (AZ, NM, OK, TX)"
"461573","American Trade School","2023","Missouri","Plains (IA, KS, MN, MO, NE, ND, SD)"
"461582","Estelle Skin Care and Spa Institute","2023","Illinois","Great Lakes (IL, IN, MI, OH, WI)"
"461591","Paul Mitchell the School-Honolulu","2023","Hawaii","Far West (AK, CA, HI, NV, OR, WA)"
"461607","Elite Cosmetology School","2023","California","Far West (AK, CA, HI, NV, OR, WA)"
"461625","American Technical Institute","2023","Puerto Rico","Other U.S. jurisdictions (AS, FM, GU, MH, MP, PR, PW, VI)"
"461643","Bergin University of Canine Studies","2023","California","Far West (AK, CA, HI, NV, OR, WA)"
"461652","Aveda Institute-Boise","2023","Idaho","Rocky Mountains (CO, ID, MT, UT, WY)"
"461689","Pima Medical Institute-Aurora","2023","Colorado","Rocky Mountains (CO, ID, MT, UT, WY)"
"461704","Capilo School of Hair Design","2023","Maine","New England (CT, ME, MA, NH, RI, VT)"
"461713","Pure Aesthetics Natural Skincare School","2023","Arizona","Southwest (AZ, NM, OK, TX)"
"461722","Lindsey Institute of Cosmetology","2023","Kentucky","Southeast (AL, AR, FL, GA, KY, LA, MS, NC, SC, TN, VA, WV)"
"461740","Buckner Barber School","2023","Texas","Southwest (AZ, NM, OK, TX)"
"461759","Simmons College of Kentucky","2023","Kentucky","Southeast (AL, AR, FL, GA, KY, LA, MS, NC, SC, TN, VA, WV)"
"461768","Atelier Esthetique Institute of Esthetics","2023","New York","Mid East (DE, DC, MD, NJ, NY, PA)"
"461786","Advanced College of Cosmetology","2023","Wisconsin","Great Lakes (IL, IN, MI, OH, WI)"
"461795","North American University","2023","Texas","Southwest (AZ, NM, OK, TX)"
"461810","United Beauty College","2023","Colorado","Rocky Mountains (CO, ID, MT, UT, WY)"
"461829","Cinta Aveda Institute","2023","California","Far West (AK, CA, HI, NV, OR, WA)"
"461838","Long Island Nail Skin & Hair Institute","2023","New York","Mid East (DE, DC, MD, NJ, NY, PA)"
"461847","Keser Torah-Mayan Hatalmud","2023","New Jersey","Mid East (DE, DC, MD, NJ, NY, PA)"
"461856","Southern California Health Institute","2023","California","Far West (AK, CA, HI, NV, OR, WA)"
"461865","Best Care College","2023","New Jersey","Mid East (DE, DC, MD, NJ, NY, PA)"
"461874","First Class Cosmetology School","2023","Wisconsin","Great Lakes (IL, IN, MI, OH, WI)"
"461883","Millennia Atlantic University","2023","Florida","Southeast (AL, AR, FL, GA, KY, LA, MS, NC, SC, TN, VA, WV)"
"461892","Abcott Institute","2023","Michigan","Great Lakes (IL, IN, MI, OH, WI)"
"461908","The Salon Professional Academy-Kenosha","2023","Wisconsin","Great Lakes (IL, IN, MI, OH, WI)"
"461917","Paul Mitchell the School-Indianapolis","2023","Indiana","Great Lakes (IL, IN, MI, OH, WI)"
"461926","Taylor Andrews Academy-St George","2023","Utah","Rocky Mountains (CO, ID, MT, UT, WY)"
"461944","Protege Academy","2023","Michigan","Great Lakes (IL, IN, MI, OH, WI)"
"461953","Colorado Academy of Veterinary Technology","2023","Colorado","Rocky Mountains (CO, ID, MT, UT, WY)"
"461962","Northeast Technical Institute","2023","Maine","New England (CT, ME, MA, NH, RI, VT)"
"461999","Elite School of Cosmetology","2023","Ohio","Great Lakes (IL, IN, MI, OH, WI)"
"462008","Paul Mitchell the School-Las Vegas","2023","Nevada","Far West (AK, CA, HI, NV, OR, WA)"
"462017","Summit Salon Academy-Kokomo","2023","Indiana","Great Lakes (IL, IN, MI, OH, WI)"
"462035","Florida Academy","2023","Florida","Southeast (AL, AR, FL, GA, KY, LA, MS, NC, SC, TN, VA, WV)"
"462044","Institute for Doctoral Studies in the Visual Arts","2023","Maine","New England (CT, ME, MA, NH, RI, VT)"
"462053","State Career College","2023","Illinois","Great Lakes (IL, IN, MI, OH, WI)"
"462062","Academy for Salon Professionals","2023","California","Far West (AK, CA, HI, NV, OR, WA)"
"462071","Paul Mitchell the School-Spokane","2023","Washington","Far West (AK, CA, HI, NV, OR, WA)"
"462336","International College of Beauty Arts & Sciences","2023","California","Far West (AK, CA, HI, NV, OR, WA)"
"462345","The Salon Professional Academy","2023","Illinois","Great Lakes (IL, IN, MI, OH, WI)"
"462354","John Paul the Great Catholic University","2023","California","Far West (AK, CA, HI, NV, OR, WA)"
"463056","University of Connecticut-Hartford Campus","2023","Connecticut","New England (CT, ME, MA, NH, RI, VT)"
"464226","Ottawa University-Surprise","2023","Arizona","Southwest (AZ, NM, OK, TX)"
"466921","Chamberlain University-Missouri","2023","Missouri","Plains (IA, KS, MN, MO, NE, ND, SD)"
"466930","Chamberlain University-Texas","2023","Texas","Southwest (AZ, NM, OK, TX)"
"467094","Continental School of Beauty Culture-Mattydale","2023","New York","Mid East (DE, DC, MD, NJ, NY, PA)"
"467368","Carrington College-Ontario","2023","California","Far West (AK, CA, HI, NV, OR, WA)"
"467863","Paul Mitchell the School-Columbia","2023","South Carolina","Southeast (AL, AR, FL, GA, KY, LA, MS, NC, SC, TN, VA, WV)"
"467872","Paul Mitchell the School-Charleston","2023","South Carolina","Southeast (AL, AR, FL, GA, KY, LA, MS, NC, SC, TN, VA, WV)"
"467906","Kenneth Shuler School of Cosmetology-Greenville","2023","South Carolina","Southeast (AL, AR, FL, GA, KY, LA, MS, NC, SC, TN, VA, WV)"
"468246","Northwest College-Eugene","2023","Oregon","Far West (AK, CA, HI, NV, OR, WA)"
"468255","Northwest College-Tualatin","2023","Oregon","Far West (AK, CA, HI, NV, OR, WA)"
"468291","San Joaquin Valley College-Hanford Classroom","2023","California","Far West (AK, CA, HI, NV, OR, WA)"
"468769","CET-Soledad","2023","California","Far West (AK, CA, HI, NV, OR, WA)"
"468848","UEI College-Oceanside","2023","California","Far West (AK, CA, HI, NV, OR, WA)"
"468893","Paul Mitchell the School-New Orleans","2023","Louisiana","Southeast (AL, AR, FL, GA, KY, LA, MS, NC, SC, TN, VA, WV)"
"468909","UEI College-Garden Grove","2023","California","Far West (AK, CA, HI, NV, OR, WA)"
"468963","New England Tractor Trailer Training School of Massachusetts","2023","Massachusetts","New England (CT, ME, MA, NH, RI, VT)"
"469416","Dewey University-Manati","2023","Puerto Rico","Other U.S. jurisdictions (AS, FM, GU, MH, MP, PR, PW, VI)"
"469610","Allen School-Phoenix","2023","Arizona","Southwest (AZ, NM, OK, TX)"
"469629","Oklahoma Technical College","2023","Oklahoma","Southwest (AZ, NM, OK, TX)"
"469911","Unitech Training Academy-Alexandria","2023","Louisiana","Southeast (AL, AR, FL, GA, KY, LA, MS, NC, SC, TN, VA, WV)"
"470038","UEI College-Riverside","2023","California","Far West (AK, CA, HI, NV, OR, WA)"
"470047","WellSpring School of Allied Health-Lawrence","2023","Kansas","Plains (IA, KS, MN, MO, NE, ND, SD)"
"470296","Manuel and Theresa's School of Hair Design-Victoria","2023","Texas","Southwest (AZ, NM, OK, TX)"
"470393","Tricoci University of Beauty Culture-Chicago NE","2023","Illinois","Great Lakes (IL, IN, MI, OH, WI)"
"474863","Los Angeles Pacific University","2023","California","Far West (AK, CA, HI, NV, OR, WA)"
"474915","Avalon Institute-Phoenix","2023","Arizona","Southwest (AZ, NM, OK, TX)"
"474924","Avalon Institute-Layton","2023","Utah","Rocky Mountains (CO, ID, MT, UT, WY)"
"475015","Aveda Institute-Des Moines","2023","Iowa","Plains (IA, KS, MN, MO, NE, ND, SD)"
"475024","Fortis Institute-Lawrenceville","2023","New Jersey","Mid East (DE, DC, MD, NJ, NY, PA)"
"475033","Relay Graduate School of Education","2023","New York","Mid East (DE, DC, MD, NJ, NY, PA)"
"475060","Miller-Motte College-Macon","2023","Georgia","Southeast (AL, AR, FL, GA, KY, LA, MS, NC, SC, TN, VA, WV)"
"475121","South University-Savannah Online","2023","Georgia","Southeast (AL, AR, FL, GA, KY, LA, MS, NC, SC, TN, VA, WV)"
"475176","San Joaquin Valley College-Temecula","2023","California","Far West (AK, CA, HI, NV, OR, WA)"
"475200","Whitworth University-Adult Degree Programs","2023","Washington","Far West (AK, CA, HI, NV, OR, WA)"
"475228","The Colleges of Law at Santa Barbara","2023","California","Far West (AK, CA, HI, NV, OR, WA)"
"475237","The University of America","2023","California","Far West (AK, CA, HI, NV, OR, WA)"
"475273","Springfield College-Regional, Online, and Continuing Education","2023","Massachusetts","New England (CT, ME, MA, NH, RI, VT)"
"475282","Marian Health Careers Center-Van Nuys Campus","2023","California","Far West (AK, CA, HI, NV, OR, WA)"
"475325","Milan Institute-Las Vegas","2023","Nevada","Far West (AK, CA, HI, NV, OR, WA)"
"475398","Catholic Distance University","2023","West Virginia","Southeast (AL, AR, FL, GA, KY, LA, MS, NC, SC, TN, VA, WV)"
"475404","New York School of Esthetics & Day Spa","2023","New York","Mid East (DE, DC, MD, NJ, NY, PA)"
"475422","Finger Lakes Health College of Nursing & Health Sciences","2023","New York","Mid East (DE, DC, MD, NJ, NY, PA)"
"475431","ASI Career Institute","2023","New Jersey","Mid East (DE, DC, MD, NJ, NY, PA)"
"475468","Christine Valmy International School of Esthetics & Cosmetology","2023","New Jersey","Mid East (DE, DC, MD, NJ, NY, PA)"
"475477","City College-Hollywood","2023","Florida","Southeast (AL, AR, FL, GA, KY, LA, MS, NC, SC, TN, VA, WV)"
"475486","Paul Mitchell the School-Arlington","2023","Texas","Southwest (AZ, NM, OK, TX)"
"475495","Rocky Mountain University of Health Professions","2023","Utah","Rocky Mountains (CO, ID, MT, UT, WY)"
"475547","Paul Mitchell the School-Fort Myers","2023","Florida","Southeast (AL, AR, FL, GA, KY, LA, MS, NC, SC, TN, VA, WV)"
"475556","Paul Mitchell the School-Raleigh","2023","North Carolina","Southeast (AL, AR, FL, GA, KY, LA, MS, NC, SC, TN, VA, WV)"
"475565","CUNY Stella and Charles Guttman Community College","2023","New York","Mid East (DE, DC, MD, NJ, NY, PA)"
"475574","Lil Lou's Beauty and Barber College","2023","Indiana","Great Lakes (IL, IN, MI, OH, WI)"
"475608","Criswell College","2023","Texas","Southwest (AZ, NM, OK, TX)"
"475635","Beverly Hills Design Institute","2023","California","Far West (AK, CA, HI, NV, OR, WA)"
"475653","Reflections Academy of Beauty","2023","Illinois","Great Lakes (IL, IN, MI, OH, WI)"
"475662","UCAS University of Cosmetology Arts & Sciences-La Joya","2023","Texas","Southwest (AZ, NM, OK, TX)"
"475705","Annenberg School of Nursing","2023","California","Far West (AK, CA, HI, NV, OR, WA)"
"475714","American Medical Academy","2023","Florida","Southeast (AL, AR, FL, GA, KY, LA, MS, NC, SC, TN, VA, WV)"
"475723","Tooele Technical College","2023","Utah","Rocky Mountains (CO, ID, MT, UT, WY)"
"475732","Chamberlain University-Georgia","2023","Georgia","Southeast (AL, AR, FL, GA, KY, LA, MS, NC, SC, TN, VA, WV)"
"475741","Chamberlain University-Indiana","2023","Indiana","Great Lakes (IL, IN, MI, OH, WI)"
"475839","Sessions College for Professional Design","2023","Arizona","Southwest (AZ, NM, OK, TX)"
"476063","Tulsa Welding School-Jacksonville","2023","Florida","Southeast (AL, AR, FL, GA, KY, LA, MS, NC, SC, TN, VA, WV)"
"476179","Empire Beauty School-Virginia Beach","2023","Virginia","Southeast (AL, AR, FL, GA, KY, LA, MS, NC, SC, TN, VA, WV)"
"476230","Ross Medical Education Center-Morgantown","2023","West Virginia","Southeast (AL, AR, FL, GA, KY, LA, MS, NC, SC, TN, VA, WV)"
"476355","Miami Ad School-New York","2023","New York","Mid East (DE, DC, MD, NJ, NY, PA)"
"476489","Larry's Barber College","2023","Illinois","Great Lakes (IL, IN, MI, OH, WI)"
"476498","Futura Career Institute","2023","Florida","Southeast (AL, AR, FL, GA, KY, LA, MS, NC, SC, TN, VA, WV)"
"476513","Flair Beauty College","2023","California","Far West (AK, CA, HI, NV, OR, WA)"
"476540","Vogue College of Cosmetology-San Antonio Fredericksburg","2023","Texas","Southwest (AZ, NM, OK, TX)"
"476559","Vogue College of Cosmetology","2023","Texas","Southwest (AZ, NM, OK, TX)"
"476568","Tomorrow's Image Barber And Beauty Academy of Virginia","2023","Virginia","Southeast (AL, AR, FL, GA, KY, LA, MS, NC, SC, TN, VA, WV)"
"476595","Medical Allied Career Center","2023","California","Far West (AK, CA, HI, NV, OR, WA)"
"476601","Bais HaMedrash and Mesivta of Baltimore","2023","Maryland","Mid East (DE, DC, MD, NJ, NY, PA)"
"476610","Barber & Beauty Institute of New York","2023","New York","Mid East (DE, DC, MD, NJ, NY, PA)"
"476629","Salon Institute-Toledo Campus","2023","Ohio","Great Lakes (IL, IN, MI, OH, WI)"
"476683","Athena Career Academy","2023","Ohio","Great Lakes (IL, IN, MI, OH, WI)"
"476692","Yeshiva Gedolah Zichron Leyma","2023","New Jersey","Mid East (DE, DC, MD, NJ, NY, PA)"
"476708","The Barber School","2023","Utah","Rocky Mountains (CO, ID, MT, UT, WY)"
"476717","Be'er Yaakov Talmudic Seminary","2023","New York","Mid East (DE, DC, MD, NJ, NY, PA)"
"476726","Rio Grande Valley College","2023","Texas","Southwest (AZ, NM, OK, TX)"
"476735","Alexander Academy","2023","Massachusetts","New England (CT, ME, MA, NH, RI, VT)"
"476753","Aveda Institute-Tucson","2023","Arizona","Southwest (AZ, NM, OK, TX)"
"476780","Diamond Beauty College","2023","California","Far West (AK, CA, HI, NV, OR, WA)"
"476799","Unitek College","2023","California","Far West (AK, CA, HI, NV, OR, WA)"
"476805","University Academy of Hair Design","2023","Alabama","Southeast (AL, AR, FL, GA, KY, LA, MS, NC, SC, TN, VA, WV)"
"476814","Florida Institute of Recording Sound and Technology","2023","Florida","Southeast (AL, AR, FL, GA, KY, LA, MS, NC, SC, TN, VA, WV)"
"476841","Paul Mitchell the School-Reno","2023","Nevada","Far West (AK, CA, HI, NV, OR, WA)"
"476850","Boise Barber College","2023","Idaho","Rocky Mountains (CO, ID, MT, UT, WY)"
"476869","Austin Kade Academy","2023","Idaho","Rocky Mountains (CO, ID, MT, UT, WY)"
"476878","Aesthetic Science Institute","2023","New York","Mid East (DE, DC, MD, NJ, NY, PA)"
"476887","Elaine Sterling Institute","2023","Georgia","Southeast (AL, AR, FL, GA, KY, LA, MS, NC, SC, TN, VA, WV)"
"476896","Wade Gordon Hairdressing Academy","2023","Texas","Southwest (AZ, NM, OK, TX)"
"476902","Mitsu Sato Hair Academy","2023","Kansas","Plains (IA, KS, MN, MO, NE, ND, SD)"
"476939","FVI School of Nursing and Technology","2023","Florida","Southeast (AL, AR, FL, GA, KY, LA, MS, NC, SC, TN, VA, WV)"
"476957","Academy di Firenze","2023","Idaho","Rocky Mountains (CO, ID, MT, UT, WY)"
"476975","Colorado State University Global","2023","Colorado","Rocky Mountains (CO, ID, MT, UT, WY)"
"476984","Paul Mitchell the School-Overland Park","2023","Kansas","Plains (IA, KS, MN, MO, NE, ND, SD)"
"476993","Medspa Academies","2023","Utah","Rocky Mountains (CO, ID, MT, UT, WY)"
"477002","Brighton Institute of Cosmetology","2023","Michigan","Great Lakes (IL, IN, MI, OH, WI)"
"477039","West Coast University-Dallas","2023","Texas","Southwest (AZ, NM, OK, TX)"
"478582","Empire Beauty School-Savannah","2023","Georgia","Southeast (AL, AR, FL, GA, KY, LA, MS, NC, SC, TN, VA, WV)"
"478591","Ogle School Hair Skin Nails-Denton","2023","Texas","Southwest (AZ, NM, OK, TX)"
"478616","Empire Beauty School-West Greensboro","2023","North Carolina","Southeast (AL, AR, FL, GA, KY, LA, MS, NC, SC, TN, VA, WV)"
"478917","Hays Academy of Hair Design","2023","Kansas","Plains (IA, KS, MN, MO, NE, ND, SD)"
"478953","Bellus Academy","2023","Kansas","Plains (IA, KS, MN, MO, NE, ND, SD)"
"479062","MotoRing Technical Training Institute","2023","Rhode Island","New England (CT, ME, MA, NH, RI, VT)"
"479424","Unitek College","2023","California","Far West (AK, CA, HI, NV, OR, WA)"
"479965","Medical Career Institute","2023","New Jersey","Mid East (DE, DC, MD, NJ, NY, PA)"
"479974","Advance Beauty Techs Academy","2023","California","Far West (AK, CA, HI, NV, OR, WA)"
"479983","Elevate Salon Institute-Westminster","2023","Colorado","Rocky Mountains (CO, ID, MT, UT, WY)"
"479992","Brand College","2023","California","Far West (AK, CA, HI, NV, OR, WA)"
"480000","Hinton Barber and Beauty College","2023","California","Far West (AK, CA, HI, NV, OR, WA)"
"480019","Advanced Career Institute","2023","California","Far West (AK, CA, HI, NV, OR, WA)"
"480028","Digital Film Academy","2023","New York","Mid East (DE, DC, MD, NJ, NY, PA)"
"480037","MyComputerCareer at Raleigh","2023","North Carolina","Southeast (AL, AR, FL, GA, KY, LA, MS, NC, SC, TN, VA, WV)"
"480073","South University-Austin","2023","Texas","Southwest (AZ, NM, OK, TX)"
"480091","Bryant & Stratton College-Online","2023","New York","Mid East (DE, DC, MD, NJ, NY, PA)"
"480125","Ogle School Hair Skin Nails-San Antonio","2023","Texas","Southwest (AZ, NM, OK, TX)"
"480161","Ideal Beauty Academy","2023","Kentucky","Southeast (AL, AR, FL, GA, KY, LA, MS, NC, SC, TN, VA, WV)"
"480198","Warner Pacific University Professional and Graduate Studies","2023","Oregon","Far West (AK, CA, HI, NV, OR, WA)"
"480204","Platt College-Riverside","2023","California","Far West (AK, CA, HI, NV, OR, WA)"
"480310","Empire Beauty School-Glen Burnie","2023","Maryland","Mid East (DE, DC, MD, NJ, NY, PA)"
"480347","International School of Cosmetology","2023","Arizona","Southwest (AZ, NM, OK, TX)"
"480471","UEI College-Stockton","2023","California","Far West (AK, CA, HI, NV, OR, WA)"
"480523","Ross Medical Education Center-Dayton","2023","Ohio","Great Lakes (IL, IN, MI, OH, WI)"
"480532","Ross Medical Education Center-Ontario","2023","Ohio","Great Lakes (IL, IN, MI, OH, WI)"
"480550","Ross Medical Education Center-Bowling Green","2023","Kentucky","Southeast (AL, AR, FL, GA, KY, LA, MS, NC, SC, TN, VA, WV)"
"480569","Florida Institute of Technology-Online","2023","Florida","Southeast (AL, AR, FL, GA, KY, LA, MS, NC, SC, TN, VA, WV)"
"480657","Rasmussen University-Kansas","2023","Kansas","Plains (IA, KS, MN, MO, NE, ND, SD)"
"480727","School of Missionary Aviation Technology","2023","Michigan","Great Lakes (IL, IN, MI, OH, WI)"
"480781","California Miramar University","2023","California","Far West (AK, CA, HI, NV, OR, WA)"
"480790","Rocky Vista University","2023","Colorado","Rocky Mountains (CO, ID, MT, UT, WY)"
"480824","The College of Health Care Professions-Dallas","2023","Texas","Southwest (AZ, NM, OK, TX)"
"480833","The College of Health Care Professions-Fort Worth","2023","Texas","Southwest (AZ, NM, OK, TX)"
"480842","Shear Finesse Beauty Academy","2023","Florida","Southeast (AL, AR, FL, GA, KY, LA, MS, NC, SC, TN, VA, WV)"
"480851","Miami Media School","2023","Florida","Southeast (AL, AR, FL, GA, KY, LA, MS, NC, SC, TN, VA, WV)"
"480879","Academy of Salon Professionals","2023","Missouri","Plains (IA, KS, MN, MO, NE, ND, SD)"
"480888","CyberTex Institute of Technology","2023","Texas","Southwest (AZ, NM, OK, TX)"
"480903","New England Tractor Trailer Training School of CT-Bridgeport","2023","Connecticut","New England (CT, ME, MA, NH, RI, VT)"
"480921","Designer Barber & Stylist School","2023","Arkansas","Southeast (AL, AR, FL, GA, KY, LA, MS, NC, SC, TN, VA, WV)"
"480930","Paul Mitchell the School-Woodbridge","2023","Virginia","Southeast (AL, AR, FL, GA, KY, LA, MS, NC, SC, TN, VA, WV)"
"480967","College of the Muscogee Nation","2023","Oklahoma","Southwest (AZ, NM, OK, TX)"
"480976","The Salon Professional Academy-Huntsville","2023","Alabama","Southeast (AL, AR, FL, GA, KY, LA, MS, NC, SC, TN, VA, WV)"
"480985","Midwives College of Utah","2023","Utah","Rocky Mountains (CO, ID, MT, UT, WY)"
"480994","Aspen Beauty Academy of Laurel","2023","Maryland","Mid East (DE, DC, MD, NJ, NY, PA)"
"481003","M T Training Center","2023","Texas","Southwest (AZ, NM, OK, TX)"
"481021","Berks Career & Technology Center","2023","Pennsylvania","Mid East (DE, DC, MD, NJ, NY, PA)"
"481030","Future Generations University","2023","West Virginia","Southeast (AL, AR, FL, GA, KY, LA, MS, NC, SC, TN, VA, WV)"
"481049","Carthage R9 School District-Carthage Technical Center","2023","Missouri","Plains (IA, KS, MN, MO, NE, ND, SD)"
"481058","Grace Mission University","2023","California","Far West (AK, CA, HI, NV, OR, WA)"
"481085","Verve College","2023","Illinois","Great Lakes (IL, IN, MI, OH, WI)"
"481094","Sotheby's Institute of Art-NY","2023","New York","Mid East (DE, DC, MD, NJ, NY, PA)"
"481100","Top Nails & Hair Beauty School","2023","Utah","Rocky Mountains (CO, ID, MT, UT, WY)"
"481128","Santa Ana Beauty College","2023","California","Far West (AK, CA, HI, NV, OR, WA)"
"481137","Shepherds College","2023","Wisconsin","Great Lakes (IL, IN, MI, OH, WI)"
"481146","Woodruff Medical and Wellness Training","2023","Georgia","Southeast (AL, AR, FL, GA, KY, LA, MS, NC, SC, TN, VA, WV)"
"481155","Helms College","2023","Georgia","Southeast (AL, AR, FL, GA, KY, LA, MS, NC, SC, TN, VA, WV)"
"481182","Ukiah Adult School","2023","California","Far West (AK, CA, HI, NV, OR, WA)"
"481191","Riverside County Office of Education-School of Career Education","2023","California","Far West (AK, CA, HI, NV, OR, WA)"
"481207","Institute of Health Sciences","2023","Maryland","Mid East (DE, DC, MD, NJ, NY, PA)"
"481225","Mid-South Christian College","2023","Tennessee","Southeast (AL, AR, FL, GA, KY, LA, MS, NC, SC, TN, VA, WV)"
"481243","New York Institute of Beauty","2023","New York","Mid East (DE, DC, MD, NJ, NY, PA)"
"481252","Ultrasound Medical Institute","2023","Florida","Southeast (AL, AR, FL, GA, KY, LA, MS, NC, SC, TN, VA, WV)"
"481289","Xavier College School of Nursing","2023","California","Far West (AK, CA, HI, NV, OR, WA)"
"481298","Lawrence & Company College of Cosmetology","2023","California","Far West (AK, CA, HI, NV, OR, WA)"
"481313","Kaizen Beauty Academy","2023","Florida","Southeast (AL, AR, FL, GA, KY, LA, MS, NC, SC, TN, VA, WV)"
"481322","Southern Texas Careers Academy","2023","Texas","Southwest (AZ, NM, OK, TX)"
"481331","Sharp Edgez Barber Institute","2023","New York","Mid East (DE, DC, MD, NJ, NY, PA)"
"481340","The Salon Professional Academy-Nashville","2023","Tennessee","Southeast (AL, AR, FL, GA, KY, LA, MS, NC, SC, TN, VA, WV)"
"481368","Prestige Health & Beauty Sciences Academy","2023","Florida","Southeast (AL, AR, FL, GA, KY, LA, MS, NC, SC, TN, VA, WV)"
"481386","California Career Institute","2023","California","Far West (AK, CA, HI, NV, OR, WA)"
"481401","Grace School of Theology","2023","Texas","Southwest (AZ, NM, OK, TX)"
"481410","Yeshiva Gedolah Kesser Torah","2023","New York","Mid East (DE, DC, MD, NJ, NY, PA)"
"481429","Universal Training Institute","2023","New Jersey","Mid East (DE, DC, MD, NJ, NY, PA)"
"481438","Yeshiva Yesodei Hatorah","2023","New Jersey","Mid East (DE, DC, MD, NJ, NY, PA)"
"481447","Center for the Healing Arts","2023","New Jersey","Mid East (DE, DC, MD, NJ, NY, PA)"
"481456","Bonnie Joseph Academy of Cosmetology & Barbering","2023","Utah","Rocky Mountains (CO, ID, MT, UT, WY)"
"481465","Healthcare Training Institute","2023","Louisiana","Southeast (AL, AR, FL, GA, KY, LA, MS, NC, SC, TN, VA, WV)"
"481474","J D Academy of Salon and Spa","2023","California","Far West (AK, CA, HI, NV, OR, WA)"
"481483","Boca Beauty Academy","2023","Florida","Southeast (AL, AR, FL, GA, KY, LA, MS, NC, SC, TN, VA, WV)"
"481517","City Pointe Beauty Academy","2023","Missouri","Plains (IA, KS, MN, MO, NE, ND, SD)"
"481526","The Chrysm Institute of Esthetics","2023","Virginia","Southeast (AL, AR, FL, GA, KY, LA, MS, NC, SC, TN, VA, WV)"
"481535","Sanford Burnham Prebys Medical Discovery Institute","2023","California","Far West (AK, CA, HI, NV, OR, WA)"
"481571","Belle Academy of Cosmetology LLC","2023","Connecticut","New England (CT, ME, MA, NH, RI, VT)"
"481678","Empire Beauty School-Augusta","2023","Georgia","Southeast (AL, AR, FL, GA, KY, LA, MS, NC, SC, TN, VA, WV)"
"481720","South University-High Point","2023","North Carolina","Southeast (AL, AR, FL, GA, KY, LA, MS, NC, SC, TN, VA, WV)"
"481739","Empire Beauty School-Vernon Hills","2023","Illinois","Great Lakes (IL, IN, MI, OH, WI)"
"481748","Empire Beauty School-Stone Park","2023","Illinois","Great Lakes (IL, IN, MI, OH, WI)"
"481775","San Joaquin Valley College-Lancaster","2023","California","Far West (AK, CA, HI, NV, OR, WA)"
"481845","Empire Beauty School-Rochester","2023","New York","Mid East (DE, DC, MD, NJ, NY, PA)"
"481863","Ross Medical Education Center-Kokomo","2023","Indiana","Great Lakes (IL, IN, MI, OH, WI)"
"481890","Ross Medical Education Center-Erlanger","2023","Kentucky","Southeast (AL, AR, FL, GA, KY, LA, MS, NC, SC, TN, VA, WV)"
"481906","Ross Medical Education Center-Charleston","2023","West Virginia","Southeast (AL, AR, FL, GA, KY, LA, MS, NC, SC, TN, VA, WV)"
"481960","InterCoast Colleges-Fairfield","2023","California","Far West (AK, CA, HI, NV, OR, WA)"
"482015","Southern Careers Institute-San Antonio","2023","Texas","Southwest (AZ, NM, OK, TX)"
"482060","Milan Institute-Merced","2023","California","Far West (AK, CA, HI, NV, OR, WA)"
"482097","Midwest Technical Institute-Missouri","2023","Missouri","Plains (IA, KS, MN, MO, NE, ND, SD)"
"482149","Augusta University","2023","Georgia","Southeast (AL, AR, FL, GA, KY, LA, MS, NC, SC, TN, VA, WV)"
"482158","Middle Georgia State University","2023","Georgia","Southeast (AL, AR, FL, GA, KY, LA, MS, NC, SC, TN, VA, WV)"
"482167","Trenz Beauty Academy","2023","Illinois","Great Lakes (IL, IN, MI, OH, WI)"
"482176","Paul Mitchell the School-Denver","2023","Colorado","Rocky Mountains (CO, ID, MT, UT, WY)"
"482185","Academy of Interactive Entertainment","2023","Washington","Far West (AK, CA, HI, NV, OR, WA)"
"482194","Arrojo Cosmetology School","2023","New York","Mid East (DE, DC, MD, NJ, NY, PA)"
"482200","Cosmetology Academy of Texarkana","2023","Texas","Southwest (AZ, NM, OK, TX)"
"482228","Veritas Baptist College","2023","Indiana","Great Lakes (IL, IN, MI, OH, WI)"
"482246","Lynnes Welding Training","2023","North Dakota","Plains (IA, KS, MN, MO, NE, ND, SD)"
"482255","Aviation Institute of Maintenance-Las Vegas","2023","Nevada","Far West (AK, CA, HI, NV, OR, WA)"
"482291","UEI College-Bakersfield","2023","California","Far West (AK, CA, HI, NV, OR, WA)"
"482413","DeVry College of New York","2023","New York","Mid East (DE, DC, MD, NJ, NY, PA)"
"482422","DeVry University-Arizona","2023","Arizona","Southwest (AZ, NM, OK, TX)"
"482431","DeVry University-California","2023","California","Far West (AK, CA, HI, NV, OR, WA)"
"482440","DeVry University-Colorado","2023","Colorado","Rocky Mountains (CO, ID, MT, UT, WY)"
"482459","DeVry University-Florida","2023","Florida","Southeast (AL, AR, FL, GA, KY, LA, MS, NC, SC, TN, VA, WV)"
"482468","DeVry University-Georgia","2023","Georgia","Southeast (AL, AR, FL, GA, KY, LA, MS, NC, SC, TN, VA, WV)"
"482477","DeVry University-Illinois","2023","Illinois","Great Lakes (IL, IN, MI, OH, WI)"
"482538","DeVry University-Missouri","2023","Missouri","Plains (IA, KS, MN, MO, NE, ND, SD)"
"482547","DeVry University-Nevada","2023","Nevada","Far West (AK, CA, HI, NV, OR, WA)"
"482556","DeVry University-New Jersey","2023","New Jersey","Mid East (DE, DC, MD, NJ, NY, PA)"
"482565","DeVry University-North Carolina","2023","North Carolina","Southeast (AL, AR, FL, GA, KY, LA, MS, NC, SC, TN, VA, WV)"
"482574","DeVry University-Ohio","2023","Ohio","Great Lakes (IL, IN, MI, OH, WI)"
"482617","DeVry University-Tennessee","2023","Tennessee","Southeast (AL, AR, FL, GA, KY, LA, MS, NC, SC, TN, VA, WV)"
"482635","DeVry University-Texas","2023","Texas","Southwest (AZ, NM, OK, TX)"
"482653","DeVry University-Virginia","2023","Virginia","Southeast (AL, AR, FL, GA, KY, LA, MS, NC, SC, TN, VA, WV)"
"482680","University of North Georgia","2023","Georgia","Southeast (AL, AR, FL, GA, KY, LA, MS, NC, SC, TN, VA, WV)"
"482699","South Georgia State College","2023","Georgia","Southeast (AL, AR, FL, GA, KY, LA, MS, NC, SC, TN, VA, WV)"
"482705","Northeastern University Professional Programs","2023","Massachusetts","New England (CT, ME, MA, NH, RI, VT)"
"482936","Florida Polytechnic University","2023","Florida","Southeast (AL, AR, FL, GA, KY, LA, MS, NC, SC, TN, VA, WV)"
"482963","American Institute-Toms River","2023","New Jersey","Mid East (DE, DC, MD, NJ, NY, PA)"
"482981","Alamo City Barber College","2023","Texas","Southwest (AZ, NM, OK, TX)"
"482990","Arizona College-Mesa","2023","Arizona","Southwest (AZ, NM, OK, TX)"
"483009","American College of Healthcare and Technology","2023","California","Far West (AK, CA, HI, NV, OR, WA)"
"483018","Antioch College","2023","Ohio","Great Lakes (IL, IN, MI, OH, WI)"
"483036","Texas A&M University-Central Texas","2023","Texas","Southwest (AZ, NM, OK, TX)"
"483045","Central Georgia Technical College","2023","Georgia","Southeast (AL, AR, FL, GA, KY, LA, MS, NC, SC, TN, VA, WV)"
"483054","Barber School of Pittsburgh","2023","Pennsylvania","Mid East (DE, DC, MD, NJ, NY, PA)"
"483106","Innovate Salon Academy","2023","New Jersey","Mid East (DE, DC, MD, NJ, NY, PA)"
"483124","Arizona State University Digital Immersion","2023","Arizona","Southwest (AZ, NM, OK, TX)"
"483212","Louisiana Delta Community College","2023","Louisiana","Southeast (AL, AR, FL, GA, KY, LA, MS, NC, SC, TN, VA, WV)"
"483221","Learnet Academy Inc","2023","California","Far West (AK, CA, HI, NV, OR, WA)"
"483230","The Fab School","2023","California","Far West (AK, CA, HI, NV, OR, WA)"
"483258","Networks Barber College","2023","Illinois","Great Lakes (IL, IN, MI, OH, WI)"
"483276","JB's Hair Design and Barber College","2023","Oklahoma","Southwest (AZ, NM, OK, TX)"
"483328","Paul Mitchell the School-Lombard","2023","Illinois","Great Lakes (IL, IN, MI, OH, WI)"
"483337","Paul Mitchell the School-Greenville","2023","South Carolina","Southeast (AL, AR, FL, GA, KY, LA, MS, NC, SC, TN, VA, WV)"
"483346","Barber and Beauty Academy of Pennsylvania","2023","Pennsylvania","Mid East (DE, DC, MD, NJ, NY, PA)"
"483355","Delta College of Arts & Technology-Lafayette Campus","2023","Louisiana","Southeast (AL, AR, FL, GA, KY, LA, MS, NC, SC, TN, VA, WV)"
"483364","Delta College-Slidell Campus","2023","Louisiana","Southeast (AL, AR, FL, GA, KY, LA, MS, NC, SC, TN, VA, WV)"
"483373","Integrity College of Health","2023","California","Far West (AK, CA, HI, NV, OR, WA)"
"483382","Electrical and HVAC/R Training Center","2023","New York","Mid East (DE, DC, MD, NJ, NY, PA)"
"483425","Alexander Paul Institute of Hair Design","2023","North Carolina","Southeast (AL, AR, FL, GA, KY, LA, MS, NC, SC, TN, VA, WV)"
"483470","More Tech Institute","2023","Florida","Southeast (AL, AR, FL, GA, KY, LA, MS, NC, SC, TN, VA, WV)"
"483504","Dorsey College-Dearborn","2023","Michigan","Great Lakes (IL, IN, MI, OH, WI)"
"483513","Neecee's Barber College","2023","Texas","Southwest (AZ, NM, OK, TX)"
"483559","Bella Cosmetology and Barber College","2023","Texas","Southwest (AZ, NM, OK, TX)"
"483577","Franklin Hair Academy School of Cosmetology","2023","Tennessee","Southeast (AL, AR, FL, GA, KY, LA, MS, NC, SC, TN, VA, WV)"
"483595","Ana G. Mendez University","2023","Florida","Southeast (AL, AR, FL, GA, KY, LA, MS, NC, SC, TN, VA, WV)"
"483647","Ohio Institute of Allied Health","2023","Ohio","Great Lakes (IL, IN, MI, OH, WI)"
"483708","Access Careers","2023","New York","Mid East (DE, DC, MD, NJ, NY, PA)"
"483726","Luckes Beauty Academy LLC","2023","Virginia","Southeast (AL, AR, FL, GA, KY, LA, MS, NC, SC, TN, VA, WV)"
"483735","Total Transformation Institute of Cosmetology","2023","Texas","Southwest (AZ, NM, OK, TX)"
"483744","Vibe Barber College","2023","Tennessee","Southeast (AL, AR, FL, GA, KY, LA, MS, NC, SC, TN, VA, WV)"
"483753","Champ's Barber School","2023","Pennsylvania","Mid East (DE, DC, MD, NJ, NY, PA)"
"483780","Washington University of Science and Technology","2023","Virginia","Southeast (AL, AR, FL, GA, KY, LA, MS, NC, SC, TN, VA, WV)"
"483799","East-West Healing Arts Institute","2023","Wisconsin","Great Lakes (IL, IN, MI, OH, WI)"
"483814","Standard Healthcare Services-College of Nursing","2023","Virginia","Southeast (AL, AR, FL, GA, KY, LA, MS, NC, SC, TN, VA, WV)"
"483823","Philadelphia Technician Training","2023","Pennsylvania","Mid East (DE, DC, MD, NJ, NY, PA)"
"483841","Grace International Beauty School","2023","New York","Mid East (DE, DC, MD, NJ, NY, PA)"
"483850","Alliance Computing Solutions","2023","New York","Mid East (DE, DC, MD, NJ, NY, PA)"
"483869","InterAmerican Technical Institute","2023","Florida","Southeast (AL, AR, FL, GA, KY, LA, MS, NC, SC, TN, VA, WV)"
"483878","Bay Area Medical Academy","2023","California","Far West (AK, CA, HI, NV, OR, WA)"
"483887","Mind Body Institute","2023","Tennessee","Southeast (AL, AR, FL, GA, KY, LA, MS, NC, SC, TN, VA, WV)"
"483896","Parisian Spa Institute","2023","Florida","Southeast (AL, AR, FL, GA, KY, LA, MS, NC, SC, TN, VA, WV)"
"483911","Creative Touch Cosmetology School","2023","Illinois","Great Lakes (IL, IN, MI, OH, WI)"
"483920","LaBarberia Institute of Hair","2023","Ohio","Great Lakes (IL, IN, MI, OH, WI)"
"483948","Bos-Man's Barber College","2023","Louisiana","Southeast (AL, AR, FL, GA, KY, LA, MS, NC, SC, TN, VA, WV)"
"483957","Lawrence & Company College of Cosmetology","2023","California","Far West (AK, CA, HI, NV, OR, WA)"
"483975","Alabama College of Osteopathic Medicine","2023","Alabama","Southeast (AL, AR, FL, GA, KY, LA, MS, NC, SC, TN, VA, WV)"
"484002","High Desert Medical College","2023","California","Far West (AK, CA, HI, NV, OR, WA)"
"484011","Paul Mitchell the School-Schenectady","2023","New York","Mid East (DE, DC, MD, NJ, NY, PA)"
"484020","Beyond Measure Barbering Institute","2023","North Carolina","Southeast (AL, AR, FL, GA, KY, LA, MS, NC, SC, TN, VA, WV)"
"484048","Barber Institute of Texas","2023","Texas","Southwest (AZ, NM, OK, TX)"
"484057","Jupiter Beauty Academy","2023","Massachusetts","New England (CT, ME, MA, NH, RI, VT)"
"484066","MedQuest College","2023","Kentucky","Southeast (AL, AR, FL, GA, KY, LA, MS, NC, SC, TN, VA, WV)"
"484075","First Coast Barber Academy","2023","Florida","Southeast (AL, AR, FL, GA, KY, LA, MS, NC, SC, TN, VA, WV)"
"484084","Debutantes School of Cosmetology and Nail Technology","2023","Illinois","Great Lakes (IL, IN, MI, OH, WI)"
"484093","Paul Mitchell The School-Farmington Hills","2023","Michigan","Great Lakes (IL, IN, MI, OH, WI)"
"484109","Paul Mitchell the School-Merrillville","2023","Indiana","Great Lakes (IL, IN, MI, OH, WI)"
"484127","TIGI Hairdressing Academy Newtown","2023","Connecticut","New England (CT, ME, MA, NH, RI, VT)"
"484136","Yahweh Beauty Academy","2023","Texas","Southwest (AZ, NM, OK, TX)"
"484163","Arizona School of Integrative Studies","2023","Arizona","Southwest (AZ, NM, OK, TX)"
"484172","Lee Professional Institute","2023","Florida","Southeast (AL, AR, FL, GA, KY, LA, MS, NC, SC, TN, VA, WV)"
"484190","Park Place Premier Barber School","2023","Louisiana","Southeast (AL, AR, FL, GA, KY, LA, MS, NC, SC, TN, VA, WV)"
"484206","The Salon Professional Academy-San Jose","2023","California","Far West (AK, CA, HI, NV, OR, WA)"
"484233","Tri-Community Adult Education","2023","California","Far West (AK, CA, HI, NV, OR, WA)"
"484330","Ross Medical Education Center-Owensboro","2023","Kentucky","Southeast (AL, AR, FL, GA, KY, LA, MS, NC, SC, TN, VA, WV)"
"484349","Ross Medical Education Center-Evansville","2023","Indiana","Great Lakes (IL, IN, MI, OH, WI)"
"484358","Ross Medical Education Center-Johnson City","2023","Tennessee","Southeast (AL, AR, FL, GA, KY, LA, MS, NC, SC, TN, VA, WV)"
"484367","North-West College-Anaheim","2023","California","Far West (AK, CA, HI, NV, OR, WA)"
"484376","North-West College-Long Beach","2023","California","Far West (AK, CA, HI, NV, OR, WA)"
"484394","Taylor Andrews Academy of Hair Design-Provo","2023","Utah","Rocky Mountains (CO, ID, MT, UT, WY)"
"484473","University of Florida-Online","2023","Florida","Southeast (AL, AR, FL, GA, KY, LA, MS, NC, SC, TN, VA, WV)"
"484604","Ogle School Hair Skin Nails-Stafford","2023","Texas","Southwest (AZ, NM, OK, TX)"
"484613","University of Phoenix-Arizona","2023","Arizona","Southwest (AZ, NM, OK, TX)"
"484631","University of Phoenix-California","2023","California","Far West (AK, CA, HI, NV, OR, WA)"
"484710","University of Phoenix-Nevada","2023","Nevada","Far West (AK, CA, HI, NV, OR, WA)"
"484756","University of Phoenix-Texas","2023","Texas","Southwest (AZ, NM, OK, TX)"
"484862","University of West Los Angeles","2023","California","Far West (AK, CA, HI, NV, OR, WA)"
"484871","Rabbinical College Ohr Yisroel","2023","New York","Mid East (DE, DC, MD, NJ, NY, PA)"
"484899","Aveda Institute-Phoenix","2023","Arizona","Southwest (AZ, NM, OK, TX)"
"484905","University of North Texas at Dallas","2023","Texas","Southwest (AZ, NM, OK, TX)"
"484923","Dermal Science International Aesthetics and Nail Academy","2023","Virginia","Southeast (AL, AR, FL, GA, KY, LA, MS, NC, SC, TN, VA, WV)"
"484932","BridgeValley Community & Technical College","2023","West Virginia","Southeast (AL, AR, FL, GA, KY, LA, MS, NC, SC, TN, VA, WV)"
"484950","Northwest College-Medford","2023","Oregon","Far West (AK, CA, HI, NV, OR, WA)"
"484996","Houston Training Schools-Gessner","2023","Texas","Southwest (AZ, NM, OK, TX)"
"485014","Empire Beauty School-Buffalo","2023","New York","Mid East (DE, DC, MD, NJ, NY, PA)"
"485032","Paul Mitchell the School-Toledo","2023","Ohio","Great Lakes (IL, IN, MI, OH, WI)"
"485111","Georgia Military College","2023","Georgia","Southeast (AL, AR, FL, GA, KY, LA, MS, NC, SC, TN, VA, WV)"
"485166","Beau Monde Academy of Barbering and Cosmetology","2023","Oregon","Far West (AK, CA, HI, NV, OR, WA)"
"485236","Fountain of Youth Academy of Cosmetology","2023","Pennsylvania","Mid East (DE, DC, MD, NJ, NY, PA)"
"485272","West Coast University-Miami","2023","Florida","Southeast (AL, AR, FL, GA, KY, LA, MS, NC, SC, TN, VA, WV)"
"485342","Aparicio-Levy Technical College","2023","Florida","Southeast (AL, AR, FL, GA, KY, LA, MS, NC, SC, TN, VA, WV)"
"485360","The Vocational Nursing Institute Inc","2023","Texas","Southwest (AZ, NM, OK, TX)"
"485379","Hollywood Institute of Beauty Careers-West Palm Beach","2023","Florida","Southeast (AL, AR, FL, GA, KY, LA, MS, NC, SC, TN, VA, WV)"
"485388","Hollywood Institute of Beauty Careers-Casselberry","2023","Florida","Southeast (AL, AR, FL, GA, KY, LA, MS, NC, SC, TN, VA, WV)"
"485397","Empire Beauty School-Cheltenham","2023","Pennsylvania","Mid East (DE, DC, MD, NJ, NY, PA)"
"485403","High Tech High Graduate School of Education","2023","California","Far West (AK, CA, HI, NV, OR, WA)"
"485412","Coachella Valley Beauty College-Hemet","2023","California","Far West (AK, CA, HI, NV, OR, WA)"
"485458","Coastal Pines Technical College","2023","Georgia","Southeast (AL, AR, FL, GA, KY, LA, MS, NC, SC, TN, VA, WV)"
"485467","Carrington College-Administrative Office","2023","California","Far West (AK, CA, HI, NV, OR, WA)"
"485476","Studio Beauty School","2023","Washington","Far West (AK, CA, HI, NV, OR, WA)"
"485485","Latin Beauty Academy","2023","Florida","Southeast (AL, AR, FL, GA, KY, LA, MS, NC, SC, TN, VA, WV)"
"485494","Associated Barber College of San Diego","2023","California","Far West (AK, CA, HI, NV, OR, WA)"
"485500","ABCO Technology","2023","California","Far West (AK, CA, HI, NV, OR, WA)"
"485519","Lionel University","2023","California","Far West (AK, CA, HI, NV, OR, WA)"
"485546","California Intercontinental University","2023","South Dakota","Plains (IA, KS, MN, MO, NE, ND, SD)"
"485564","Infinity College","2023","Louisiana","Southeast (AL, AR, FL, GA, KY, LA, MS, NC, SC, TN, VA, WV)"
"485573","Universal Healthcare Careers College","2023","California","Far West (AK, CA, HI, NV, OR, WA)"
"485591","New Beginnings Beauty Academy","2023","Arkansas","Southeast (AL, AR, FL, GA, KY, LA, MS, NC, SC, TN, VA, WV)"
"485607","Dolce The Academy","2023","Connecticut","New England (CT, ME, MA, NH, RI, VT)"
"485698","American College of the Building Arts","2023","South Carolina","Southeast (AL, AR, FL, GA, KY, LA, MS, NC, SC, TN, VA, WV)"
"485704","River Valley School of Massage","2023","Arkansas","Southeast (AL, AR, FL, GA, KY, LA, MS, NC, SC, TN, VA, WV)"
"485768","Atlantis University","2023","Florida","Southeast (AL, AR, FL, GA, KY, LA, MS, NC, SC, TN, VA, WV)"
"485801","Westchester School for Medical & Dental Assistants","2023","New York","Mid East (DE, DC, MD, NJ, NY, PA)"
"485856","Studio Incamminati","2023","Pennsylvania","Mid East (DE, DC, MD, NJ, NY, PA)"
"485874","Salon Boutique Academy","2023","Texas","Southwest (AZ, NM, OK, TX)"
"485926","GA Beauty & Barber School","2023","Texas","Southwest (AZ, NM, OK, TX)"
"485953","The Recording Conservatory of Austin","2023","Texas","Southwest (AZ, NM, OK, TX)"
"485962","VH Barber & Styling Academy","2023","Louisiana","Southeast (AL, AR, FL, GA, KY, LA, MS, NC, SC, TN, VA, WV)"
"485999","Bet Medrash Gadol Ateret Torah","2023","New York","Mid East (DE, DC, MD, NJ, NY, PA)"
"486017","Yeshiva Ohr Yisrael","2023","New York","Mid East (DE, DC, MD, NJ, NY, PA)"
"486026","Yeshiva Sholom Shachna","2023","New York","Mid East (DE, DC, MD, NJ, NY, PA)"
"486053","Bethlehem College & Seminary","2023","Minnesota","Plains (IA, KS, MN, MO, NE, ND, SD)"
"486080","Elmezzi Graduate School of Molecular Medicine","2023","New York","Mid East (DE, DC, MD, NJ, NY, PA)"
"486123","Theatre of Arts","2023","California","Far West (AK, CA, HI, NV, OR, WA)"
"486141","Westchester College of Nursing & Allied Health","2023","California","Far West (AK, CA, HI, NV, OR, WA)"
"486150","Treasure Coast Technical College","2023","Florida","Southeast (AL, AR, FL, GA, KY, LA, MS, NC, SC, TN, VA, WV)"
"486169","American College of Barbering","2023","Kentucky","Southeast (AL, AR, FL, GA, KY, LA, MS, NC, SC, TN, VA, WV)"
"486196","Beth Medrash Meor Yitzchok","2023","New York","Mid East (DE, DC, MD, NJ, NY, PA)"
"486202","Mingo Extended Learning Center","2023","West Virginia","Southeast (AL, AR, FL, GA, KY, LA, MS, NC, SC, TN, VA, WV)"
"486239","San Ignacio University","2023","Florida","Southeast (AL, AR, FL, GA, KY, LA, MS, NC, SC, TN, VA, WV)"
"486248","ZMS The Academy","2023","California","Far West (AK, CA, HI, NV, OR, WA)"
"486257","Valor Christian College","2023","Ohio","Great Lakes (IL, IN, MI, OH, WI)"
"486284","Bethany Global University","2023","Minnesota","Plains (IA, KS, MN, MO, NE, ND, SD)"
"486345","HVAC Technical Institute","2023","Illinois","Great Lakes (IL, IN, MI, OH, WI)"
"486354","United International College","2023","Florida","Southeast (AL, AR, FL, GA, KY, LA, MS, NC, SC, TN, VA, WV)"
"486372","San Francisco Film School","2023","California","Far West (AK, CA, HI, NV, OR, WA)"
"486381","Center for Ultrasound Research & Education","2023","New York","Mid East (DE, DC, MD, NJ, NY, PA)"
"486390","Culinary Tech Center","2023","New York","Mid East (DE, DC, MD, NJ, NY, PA)"
"486406","Randolph Technical Center","2023","West Virginia","Southeast (AL, AR, FL, GA, KY, LA, MS, NC, SC, TN, VA, WV)"
"486415","AMG School of Nursing","2023","New York","Mid East (DE, DC, MD, NJ, NY, PA)"
"486424","Saint Michael College of Allied Health","2023","District of Columbia","Mid East (DE, DC, MD, NJ, NY, PA)"
"486433","Presidio Graduate School","2023","California","Far West (AK, CA, HI, NV, OR, WA)"
"486442","Sandra Academy of Salon Services","2023","Tennessee","Southeast (AL, AR, FL, GA, KY, LA, MS, NC, SC, TN, VA, WV)"
"486460","Wright Graduate University for the Realization of Human Potential","2023","Wisconsin","Great Lakes (IL, IN, MI, OH, WI)"
"486488","California Jazz Conservatory","2023","California","Far West (AK, CA, HI, NV, OR, WA)"
"486497","California Barber and Beauty College","2023","California","Far West (AK, CA, HI, NV, OR, WA)"
"486503","Laredo CHI Academy Beauty School","2023","Texas","Southwest (AZ, NM, OK, TX)"
"486512","Florida International Training Institute","2023","Florida","Southeast (AL, AR, FL, GA, KY, LA, MS, NC, SC, TN, VA, WV)"
"486530","Gould's Academy","2023","Tennessee","Southeast (AL, AR, FL, GA, KY, LA, MS, NC, SC, TN, VA, WV)"
"486558","Aviation Institute of Maintenance-Fremont","2023","California","Far West (AK, CA, HI, NV, OR, WA)"
"486567","Paul Mitchell the School-Tulsa","2023","Oklahoma","Southwest (AZ, NM, OK, TX)"
"486576","PPG Technical College","2023","Puerto Rico","Other U.S. jurisdictions (AS, FM, GU, MH, MP, PR, PW, VI)"
"486619","Academy of Professional Cosmetology","2023","Arkansas","Southeast (AL, AR, FL, GA, KY, LA, MS, NC, SC, TN, VA, WV)"
"486691","Empire Beauty School-Northlake","2023","Georgia","Southeast (AL, AR, FL, GA, KY, LA, MS, NC, SC, TN, VA, WV)"
"486707","Ross Medical Education Center-Huntsville","2023","Alabama","Southeast (AL, AR, FL, GA, KY, LA, MS, NC, SC, TN, VA, WV)"
"486716","Ross Medical Education Center-Knoxville","2023","Tennessee","Southeast (AL, AR, FL, GA, KY, LA, MS, NC, SC, TN, VA, WV)"
"486752","Ross Medical Education Center-Muncie","2023","Indiana","Great Lakes (IL, IN, MI, OH, WI)"
"486770","Cortiva Institute-Arlington","2023","Texas","Southwest (AZ, NM, OK, TX)"
"486798","Tulsa Welding School-Houston","2023","Texas","Southwest (AZ, NM, OK, TX)"
"486813","Pima Medical Institute-El Paso","2023","Texas","Southwest (AZ, NM, OK, TX)"
"486822","Pima Medical Institute-Phoenix","2023","Arizona","Southwest (AZ, NM, OK, TX)"
"486840","Kennesaw State University","2023","Georgia","Southeast (AL, AR, FL, GA, KY, LA, MS, NC, SC, TN, VA, WV)"
"486859","Entourage Institute of Beauty and Esthetics","2023","Nebraska","Plains (IA, KS, MN, MO, NE, ND, SD)"
"486877","Eastern Suffolk BOCES","2023","New York","Mid East (DE, DC, MD, NJ, NY, PA)"
"486886","Eastern Suffolk BOCES","2023","New York","Mid East (DE, DC, MD, NJ, NY, PA)"
"486901","Milligan University","2023","Tennessee","Southeast (AL, AR, FL, GA, KY, LA, MS, NC, SC, TN, VA, WV)"
"486938","Chamberlain University-Nevada","2023","Nevada","Far West (AK, CA, HI, NV, OR, WA)"
"486947","Chamberlain University-Michigan","2023","Michigan","Great Lakes (IL, IN, MI, OH, WI)"
"486956","Chamberlain University-New Jersey","2023","New Jersey","Mid East (DE, DC, MD, NJ, NY, PA)"
"486965","Hussian College-Los Angeles","2023","California","Far West (AK, CA, HI, NV, OR, WA)"
"486983","Paul Mitchell the School-Madison","2023","Wisconsin","Great Lakes (IL, IN, MI, OH, WI)"
"487010","The University of Tennessee Health Science Center","2023","Tennessee","Southeast (AL, AR, FL, GA, KY, LA, MS, NC, SC, TN, VA, WV)"
"487047","Unitech Training Academy-New Orleans","2023","Louisiana","Southeast (AL, AR, FL, GA, KY, LA, MS, NC, SC, TN, VA, WV)"
"487065","Wade Gordon Hairdressing Academy-Lubbock","2023","Texas","Southwest (AZ, NM, OK, TX)"
"487083","Protege Academy","2023","Michigan","Great Lakes (IL, IN, MI, OH, WI)"
"487092","Emory University-Oxford College","2023","Georgia","Southeast (AL, AR, FL, GA, KY, LA, MS, NC, SC, TN, VA, WV)"
"487153","The Chicago School at Xavier University of Louisiana","2023","Louisiana","Southeast (AL, AR, FL, GA, KY, LA, MS, NC, SC, TN, VA, WV)"
"487162","Southern Regional Technical College","2023","Georgia","Southeast (AL, AR, FL, GA, KY, LA, MS, NC, SC, TN, VA, WV)"
"487232","Texas College of Cosmetology-Lubbock","2023","Texas","Southwest (AZ, NM, OK, TX)"
"487302","Fortis College-Cuyahoga Falls","2023","Ohio","Great Lakes (IL, IN, MI, OH, WI)"
"487311","Jones Technical Institute","2023","Florida","Southeast (AL, AR, FL, GA, KY, LA, MS, NC, SC, TN, VA, WV)"
"487320","Texas State Technical College","2023","Texas","Southwest (AZ, NM, OK, TX)"
"487348","Aveda Institute Portland-Vancouver Campus","2023","Washington","Far West (AK, CA, HI, NV, OR, WA)"
"487375","Arizona College of Nursing-Las Vegas","2023","Nevada","Far West (AK, CA, HI, NV, OR, WA)"
"487384","Florida Career College-Pembroke Pines","2023","Florida","Southeast (AL, AR, FL, GA, KY, LA, MS, NC, SC, TN, VA, WV)"
"487393","Florida Career College-West Palm Beach","2023","Florida","Southeast (AL, AR, FL, GA, KY, LA, MS, NC, SC, TN, VA, WV)"
"487409","Florida Career College-Hialeah","2023","Florida","Southeast (AL, AR, FL, GA, KY, LA, MS, NC, SC, TN, VA, WV)"
"487418","Florida Career College-Lauderdale Lakes","2023","Florida","Southeast (AL, AR, FL, GA, KY, LA, MS, NC, SC, TN, VA, WV)"
"487427","Florida Career College-Tampa","2023","Florida","Southeast (AL, AR, FL, GA, KY, LA, MS, NC, SC, TN, VA, WV)"
"487436","Florida Career College-Jacksonville","2023","Florida","Southeast (AL, AR, FL, GA, KY, LA, MS, NC, SC, TN, VA, WV)"
"487445","Florida Career College-Boynton Beach","2023","Florida","Southeast (AL, AR, FL, GA, KY, LA, MS, NC, SC, TN, VA, WV)"
"487454","Florida Career College-Margate","2023","Florida","Southeast (AL, AR, FL, GA, KY, LA, MS, NC, SC, TN, VA, WV)"
"487472","Florida Career College-Orlando","2023","Florida","Southeast (AL, AR, FL, GA, KY, LA, MS, NC, SC, TN, VA, WV)"
"487481","UEI College-Phoenix","2023","Arizona","Southwest (AZ, NM, OK, TX)"
"487490","Florida Career College-Houston","2023","Texas","Southwest (AZ, NM, OK, TX)"
"487506","Aveda Institute-Madison","2023","Wisconsin","Great Lakes (IL, IN, MI, OH, WI)"
"487524","Husson University","2023","Maine","New England (CT, ME, MA, NH, RI, VT)"
"487533","Tricoci University of Beauty Culture-Elgin","2023","Illinois","Great Lakes (IL, IN, MI, OH, WI)"
"487588","Concorde Career College-Southaven","2023","Mississippi","Southeast (AL, AR, FL, GA, KY, LA, MS, NC, SC, TN, VA, WV)"
"487597","Universal Technical Institute-Southern California","2023","California","Far West (AK, CA, HI, NV, OR, WA)"
"487603","Northwest University-Center for Online and Extended Education","2023","Washington","Far West (AK, CA, HI, NV, OR, WA)"
"487621","Celebrity Barber School","2023","Louisiana","Southeast (AL, AR, FL, GA, KY, LA, MS, NC, SC, TN, VA, WV)"
"487649","California Institute of Advanced Management","2023","California","Far West (AK, CA, HI, NV, OR, WA)"
"487658","Academy of Interactive Entertainment","2023","Louisiana","Southeast (AL, AR, FL, GA, KY, LA, MS, NC, SC, TN, VA, WV)"
"487676","The Temple Annapolis-A Paul Mitchell Partner School","2023","Maryland","Mid East (DE, DC, MD, NJ, NY, PA)"
"487746","Yeshiva Zichron Aryeh","2023","New York","Mid East (DE, DC, MD, NJ, NY, PA)"
"487773","Butte County Regional Occupational Program","2023","California","Far West (AK, CA, HI, NV, OR, WA)"
"487791","Arclabs","2023","South Carolina","Southeast (AL, AR, FL, GA, KY, LA, MS, NC, SC, TN, VA, WV)"
"487807","Top of the Line Barber College","2023","South Carolina","Southeast (AL, AR, FL, GA, KY, LA, MS, NC, SC, TN, VA, WV)"
"487816","Midfield Institute of Cosmetology","2023","Alabama","Southeast (AL, AR, FL, GA, KY, LA, MS, NC, SC, TN, VA, WV)"
"487852","American Institute of Alternative Medicine","2023","New Jersey","Mid East (DE, DC, MD, NJ, NY, PA)"
"487861","Felbry College","2023","Ohio","Great Lakes (IL, IN, MI, OH, WI)"
"487889","Regional Center for Border Health","2023","Arizona","Southwest (AZ, NM, OK, TX)"
"487898","B-Unique Beauty and Barber Academy","2023","South Carolina","Southeast (AL, AR, FL, GA, KY, LA, MS, NC, SC, TN, VA, WV)"
"487904","Kentucky Horseshoeing School","2023","Kentucky","Southeast (AL, AR, FL, GA, KY, LA, MS, NC, SC, TN, VA, WV)"
"487922","Image Maker Beauty Institute","2023","Tennessee","Southeast (AL, AR, FL, GA, KY, LA, MS, NC, SC, TN, VA, WV)"
"487959","Dalton Institute of Esthetics and Cosmetology","2023","Georgia","Southeast (AL, AR, FL, GA, KY, LA, MS, NC, SC, TN, VA, WV)"
"487968","CAAN Academy of Nursing","2023","Illinois","Great Lakes (IL, IN, MI, OH, WI)"
"487977","Martinsburg College","2023","West Virginia","Southeast (AL, AR, FL, GA, KY, LA, MS, NC, SC, TN, VA, WV)"
"487995","Alhambra Medical University","2023","California","Far West (AK, CA, HI, NV, OR, WA)"
"488004","Central Yeshiva Beth Joseph","2023","New York","Mid East (DE, DC, MD, NJ, NY, PA)"
"488013","Garden State Science and Technology Institute","2023","New Jersey","Mid East (DE, DC, MD, NJ, NY, PA)"
"488022","Barber Tech Academy","2023","South Carolina","Southeast (AL, AR, FL, GA, KY, LA, MS, NC, SC, TN, VA, WV)"
"488031","Abraham Lincoln University","2023","California","Far West (AK, CA, HI, NV, OR, WA)"
"488059","Med College","2023","Florida","Southeast (AL, AR, FL, GA, KY, LA, MS, NC, SC, TN, VA, WV)"
"488068","Huntington University of Health Sciences","2023","Tennessee","Southeast (AL, AR, FL, GA, KY, LA, MS, NC, SC, TN, VA, WV)"
"488077","Sonoran Desert Institute","2023","Arizona","Southwest (AZ, NM, OK, TX)"
"488110","Natural Images Beauty College","2023","Texas","Southwest (AZ, NM, OK, TX)"
"488129","Textures Institute of Cosmetology","2023","Indiana","Great Lakes (IL, IN, MI, OH, WI)"
"488138","Williams Technical College","2023","Louisiana","Southeast (AL, AR, FL, GA, KY, LA, MS, NC, SC, TN, VA, WV)"
"488147","PiBerry Institute","2023","Florida","Southeast (AL, AR, FL, GA, KY, LA, MS, NC, SC, TN, VA, WV)"
"488174","Ea La Mar's Cosmetology & Barber College","2023","Missouri","Plains (IA, KS, MN, MO, NE, ND, SD)"
"488183","Regina Webb Academy","2023","Kentucky","Southeast (AL, AR, FL, GA, KY, LA, MS, NC, SC, TN, VA, WV)"
"488192","DeHart Technical School","2023","California","Far West (AK, CA, HI, NV, OR, WA)"
"488217","Medical Career & Technical College","2023","Kentucky","Southeast (AL, AR, FL, GA, KY, LA, MS, NC, SC, TN, VA, WV)"
"488226","Center for Neurosomatic Studies","2023","Florida","Southeast (AL, AR, FL, GA, KY, LA, MS, NC, SC, TN, VA, WV)"
"488253","Focus Personal Training Institute","2023","New York","Mid East (DE, DC, MD, NJ, NY, PA)"
"488262","Hair Academy School of Barbering & Beauty","2023","Delaware","Mid East (DE, DC, MD, NJ, NY, PA)"
"488271","Fosbre Academy of Hair Design","2023","Washington","Far West (AK, CA, HI, NV, OR, WA)"
"488280","National Personal Training Institute","2023","Florida","Southeast (AL, AR, FL, GA, KY, LA, MS, NC, SC, TN, VA, WV)"
"488299","Mission Beauty Institute","2023","Texas","Southwest (AZ, NM, OK, TX)"
"488305","Elim Bible Institute and College","2023","New York","Mid East (DE, DC, MD, NJ, NY, PA)"
"488314","Beth Medrash of Asbury Park","2023","New Jersey","Mid East (DE, DC, MD, NJ, NY, PA)"
"488332","Hope College of Arts and Sciences","2023","Florida","Southeast (AL, AR, FL, GA, KY, LA, MS, NC, SC, TN, VA, WV)"
"488350","Yeshiva Gedolah Shaarei Shmuel","2023","New Jersey","Mid East (DE, DC, MD, NJ, NY, PA)"
"488369","Premier Barber Institute","2023","Pennsylvania","Mid East (DE, DC, MD, NJ, NY, PA)"
"488378","International Beauty Education Center","2023","Washington","Far West (AK, CA, HI, NV, OR, WA)"
"488387","Claremont Lincoln University","2023","California","Far West (AK, CA, HI, NV, OR, WA)"
"488396","Phipps Academy of Barbering","2023","Illinois","Great Lakes (IL, IN, MI, OH, WI)"
"488411","Hoss Lee Academy","2023","California","Far West (AK, CA, HI, NV, OR, WA)"
"488420","Indiana Wellness College","2023","Indiana","Great Lakes (IL, IN, MI, OH, WI)"
"488439","Kenny's Academy of Barbering","2023","Indiana","Great Lakes (IL, IN, MI, OH, WI)"
"488448","Seattle Film Institute","2023","Washington","Far West (AK, CA, HI, NV, OR, WA)"
"488527","Arkansas Colleges of Health Education","2023","Arkansas","Southeast (AL, AR, FL, GA, KY, LA, MS, NC, SC, TN, VA, WV)"
"488554","Burrell College of Osteopathic Medicine","2023","New Mexico","Southwest (AZ, NM, OK, TX)"
"488572","California Health Sciences University","2023","California","Far West (AK, CA, HI, NV, OR, WA)"
"488590","Christian Culinary Academy","2023","Oregon","Far West (AK, CA, HI, NV, OR, WA)"
"488651","Glitz School of Cosmetology","2023","New Mexico","Southwest (AZ, NM, OK, TX)"
"488679","Indiana Wesleyan University-National & Global","2023","Indiana","Great Lakes (IL, IN, MI, OH, WI)"
"488730","Northeast Lakeview College","2023","Texas","Southwest (AZ, NM, OK, TX)"
"488749","Paul Mitchell the School-Jessup","2023","Maryland","Mid East (DE, DC, MD, NJ, NY, PA)"
"488776","John Patrick University of Health and Applied Sciences","2023","Indiana","Great Lakes (IL, IN, MI, OH, WI)"
"488785","University of Saint Katherine","2023","California","Far West (AK, CA, HI, NV, OR, WA)"
"488800","Teachers College of San Joaquin","2023","California","Far West (AK, CA, HI, NV, OR, WA)"
"488837","U.S. Truck Driver Training School","2023","Michigan","Great Lakes (IL, IN, MI, OH, WI)"
"488846","University of the People","2023","California","Far West (AK, CA, HI, NV, OR, WA)"
"488891","South Dade Technical College-South Dade Skills Center Campus","2023","Florida","Southeast (AL, AR, FL, GA, KY, LA, MS, NC, SC, TN, VA, WV)"
"488907","Wongu University of Oriental Medicine","2023","Nevada","Far West (AK, CA, HI, NV, OR, WA)"
"488916","Alabama School of Nail Technology & Cosmetology","2023","Alabama","Southeast (AL, AR, FL, GA, KY, LA, MS, NC, SC, TN, VA, WV)"
"488934","Tulsa Technology Center","2023","Oklahoma","Southwest (AZ, NM, OK, TX)"
"488952","Ross Medical Education Center-Elyria","2023","Ohio","Great Lakes (IL, IN, MI, OH, WI)"
"488961","Ross Medical Education Center-Lafayette","2023","Indiana","Great Lakes (IL, IN, MI, OH, WI)"
"488970","Ross Medical Education Center-Midland","2023","Michigan","Great Lakes (IL, IN, MI, OH, WI)"
"488989","Paul Mitchell the School-Clear Lake","2023","Texas","Southwest (AZ, NM, OK, TX)"
"488998","Paul Mitchell the School-Nampa","2023","Idaho","Rocky Mountains (CO, ID, MT, UT, WY)"
"489122","Academy of Beauty Professionals","2023","Wisconsin","Great Lakes (IL, IN, MI, OH, WI)"
"489131","Academy of Beauty Professionals","2023","Wisconsin","Great Lakes (IL, IN, MI, OH, WI)"
"489140","Academy of Beauty Professionals","2023","Wisconsin","Great Lakes (IL, IN, MI, OH, WI)"
"489159","Kenneth Shuler School of Cosmetology-Goose Creek","2023","South Carolina","Southeast (AL, AR, FL, GA, KY, LA, MS, NC, SC, TN, VA, WV)"
"489201","Clovis Community College","2023","California","Far West (AK, CA, HI, NV, OR, WA)"
"489238","Boca Beauty Academy-Parkland","2023","Florida","Southeast (AL, AR, FL, GA, KY, LA, MS, NC, SC, TN, VA, WV)"
"489247","American Beauty Academy-West Valley Campus","2023","Utah","Rocky Mountains (CO, ID, MT, UT, WY)"
"489256","Caribbean Aviation Training Institute Inc","2023","Puerto Rico","Other U.S. jurisdictions (AS, FM, GU, MH, MP, PR, PW, VI)"
"489283","The College of Health Care Professions-McAllen Campus","2023","Texas","Southwest (AZ, NM, OK, TX)"
"489335","Institute of Buddhist Studies","2023","California","Far West (AK, CA, HI, NV, OR, WA)"
"489344","Chamberlain University-North Carolina","2023","North Carolina","Southeast (AL, AR, FL, GA, KY, LA, MS, NC, SC, TN, VA, WV)"
"489353","Chamberlain University-California","2023","California","Far West (AK, CA, HI, NV, OR, WA)"
"489371","Spartan College of Aeronautics and Technology","2023","California","Far West (AK, CA, HI, NV, OR, WA)"
"489779","Purdue University Global","2023","Indiana","Great Lakes (IL, IN, MI, OH, WI)"
"489812","Pima Medical Institute-Dillon","2023","Montana","Rocky Mountains (CO, ID, MT, UT, WY)"
"489830","Arthur's Beauty College","2023","Arkansas","Southeast (AL, AR, FL, GA, KY, LA, MS, NC, SC, TN, VA, WV)"
"489858","West Coast University-Center for Graduate Studies","2023","California","Far West (AK, CA, HI, NV, OR, WA)"
"489937","Carolina University","2023","North Carolina","Southeast (AL, AR, FL, GA, KY, LA, MS, NC, SC, TN, VA, WV)"
"490018","National Personal Training Institute-Tampa","2023","Florida","Southeast (AL, AR, FL, GA, KY, LA, MS, NC, SC, TN, VA, WV)"
"490045","Presbyterian Theological Seminary in America","2023","California","Far West (AK, CA, HI, NV, OR, WA)"
"490054","HCI College","2023","Florida","Southeast (AL, AR, FL, GA, KY, LA, MS, NC, SC, TN, VA, WV)"
"490081","America Evangelical University","2023","California","Far West (AK, CA, HI, NV, OR, WA)"
"490090","Gadsden Technical College","2023","Florida","Southeast (AL, AR, FL, GA, KY, LA, MS, NC, SC, TN, VA, WV)"
"490106","Virginia University of Integrative Medicine","2023","Virginia","Southeast (AL, AR, FL, GA, KY, LA, MS, NC, SC, TN, VA, WV)"
"490115","Nashville Film Institute","2023","Tennessee","Southeast (AL, AR, FL, GA, KY, LA, MS, NC, SC, TN, VA, WV)"
"490124","Los Angeles Academy of Figurative Art","2023","California","Far West (AK, CA, HI, NV, OR, WA)"
"490133","Westcliff University","2023","California","Far West (AK, CA, HI, NV, OR, WA)"
"490142","World Class Academy of Beauty Careers","2023","Florida","Southeast (AL, AR, FL, GA, KY, LA, MS, NC, SC, TN, VA, WV)"
"490151","Allied Health Careers Institute","2023","Tennessee","Southeast (AL, AR, FL, GA, KY, LA, MS, NC, SC, TN, VA, WV)"
"490160","Sacramento Ultrasound Institute","2023","California","Far West (AK, CA, HI, NV, OR, WA)"
"490197","Regan Career Institute","2023","California","Far West (AK, CA, HI, NV, OR, WA)"
"490203","Bolivar Technical College","2023","Missouri","Plains (IA, KS, MN, MO, NE, ND, SD)"
"490221","MAK Beauty Institute","2023","Georgia","Southeast (AL, AR, FL, GA, KY, LA, MS, NC, SC, TN, VA, WV)"
"490230","Reformed University","2023","Georgia","Southeast (AL, AR, FL, GA, KY, LA, MS, NC, SC, TN, VA, WV)"
"490249","Mobile Technical Training","2023","New Jersey","Mid East (DE, DC, MD, NJ, NY, PA)"
"490258","American Barber and Beauty Academy","2023","Pennsylvania","Mid East (DE, DC, MD, NJ, NY, PA)"
"490267","Master's Barber & Styling College","2023","Tennessee","Southeast (AL, AR, FL, GA, KY, LA, MS, NC, SC, TN, VA, WV)"
"490276","Yeshiva Shaar Ephraim","2023","New York","Mid East (DE, DC, MD, NJ, NY, PA)"
"490285","California Institute of Arts & Technology","2023","California","Far West (AK, CA, HI, NV, OR, WA)"
"490294","Elite Cosmetology, Barber & Spa Academy","2023","Washington","Far West (AK, CA, HI, NV, OR, WA)"
"490300","Cutting Edge Academy","2023","New Jersey","Mid East (DE, DC, MD, NJ, NY, PA)"
"490319","Yeshiva Bais Aharon","2023","New Jersey","Mid East (DE, DC, MD, NJ, NY, PA)"
"490328","Mechon L'hoyroa","2023","New York","Mid East (DE, DC, MD, NJ, NY, PA)"
"490346","Elyon College","2023","New York","Mid East (DE, DC, MD, NJ, NY, PA)"
"490373","Western Michigan University Homer Stryker M.D. School of Medicine","2023","Michigan","Great Lakes (IL, IN, MI, OH, WI)"
"490382","Harmony Health Care Institute","2023","New Hampshire","New England (CT, ME, MA, NH, RI, VT)"
"490391","American Beauty Schools","2023","Florida","Southeast (AL, AR, FL, GA, KY, LA, MS, NC, SC, TN, VA, WV)"
"490407","Hogan Institute of Cosmetology and Esthetics","2023","Georgia","Southeast (AL, AR, FL, GA, KY, LA, MS, NC, SC, TN, VA, WV)"
"490416","J's Barber College","2023","Louisiana","Southeast (AL, AR, FL, GA, KY, LA, MS, NC, SC, TN, VA, WV)"
"490425","Ann Webb Skin Institute","2023","Texas","Southwest (AZ, NM, OK, TX)"
"490434","Apex Academy Hair Skin Nails School of Cosmetology","2023","Ohio","Great Lakes (IL, IN, MI, OH, WI)"
"490443","The Esthetic Institute","2023","Virginia","Southeast (AL, AR, FL, GA, KY, LA, MS, NC, SC, TN, VA, WV)"
"490452","Kor Beauty Academy","2023","Arizona","Southwest (AZ, NM, OK, TX)"
"490461","EduMed Partners","2023","Tennessee","Southeast (AL, AR, FL, GA, KY, LA, MS, NC, SC, TN, VA, WV)"
"490470","Massage Institute of Memphis","2023","Tennessee","Southeast (AL, AR, FL, GA, KY, LA, MS, NC, SC, TN, VA, WV)"
"490489","Metro Detroit Barber College","2023","Michigan","Great Lakes (IL, IN, MI, OH, WI)"
"490498","Digital Media Institute","2023","Louisiana","Southeast (AL, AR, FL, GA, KY, LA, MS, NC, SC, TN, VA, WV)"
"490504","Yeshiva Ohr Naftoli","2023","New York","Mid East (DE, DC, MD, NJ, NY, PA)"
"490513","Bais Medrash Mayan Hatorah","2023","New Jersey","Mid East (DE, DC, MD, NJ, NY, PA)"
"490522","Allgood Beauty Institute","2023","Texas","Southwest (AZ, NM, OK, TX)"
"490531","Ray J's College of Hair","2023","Louisiana","Southeast (AL, AR, FL, GA, KY, LA, MS, NC, SC, TN, VA, WV)"
"490559","Gwinnett Institute","2023","Florida","Southeast (AL, AR, FL, GA, KY, LA, MS, NC, SC, TN, VA, WV)"
"490601","Kansas City University","2023","Missouri","Plains (IA, KS, MN, MO, NE, ND, SD)"
"490674","Manuel and Theresa's School of Hair Design","2023","Texas","Southwest (AZ, NM, OK, TX)"
"490692","Cincinnati School of Barbering & Hair Design","2023","Ohio","Great Lakes (IL, IN, MI, OH, WI)"
"490717","L Makeup Institute","2023","Nevada","Far West (AK, CA, HI, NV, OR, WA)"
"490735","Peloton College","2023","Texas","Southwest (AZ, NM, OK, TX)"
"490744","Northern Technical College","2023","Arkansas","Southeast (AL, AR, FL, GA, KY, LA, MS, NC, SC, TN, VA, WV)"
"490753","Maine Media College","2023","Maine","New England (CT, ME, MA, NH, RI, VT)"
"490805","Purdue University Northwest","2023","Indiana","Great Lakes (IL, IN, MI, OH, WI)"
"490814","Ross Medical Education Center-Portage","2023","Michigan","Great Lakes (IL, IN, MI, OH, WI)"
"490832","Ross College-Canton","2023","Ohio","Great Lakes (IL, IN, MI, OH, WI)"
"490841","Ross College-Grand Rapids North","2023","Michigan","Great Lakes (IL, IN, MI, OH, WI)"
"490869","American Institute-Somerset","2023","New Jersey","Mid East (DE, DC, MD, NJ, NY, PA)"
"490878","Platt College-Anaheim","2023","California","Far West (AK, CA, HI, NV, OR, WA)"
"490896","Advantage Career Institute","2023","New Jersey","Mid East (DE, DC, MD, NJ, NY, PA)"
"490948","Bull City Durham Beauty and Barber College","2023","North Carolina","Southeast (AL, AR, FL, GA, KY, LA, MS, NC, SC, TN, VA, WV)"
"490975","Fortis College-Cutler Bay","2023","Florida","Southeast (AL, AR, FL, GA, KY, LA, MS, NC, SC, TN, VA, WV)"
"491057","Yeshiva Kollel Tifereth Elizer","2023","New York","Mid East (DE, DC, MD, NJ, NY, PA)"
"491066","Strand Institute of Beauty & Esthetics","2023","Texas","Southwest (AZ, NM, OK, TX)"
"491075","Arkansas Welding Academy","2023","Arkansas","Southeast (AL, AR, FL, GA, KY, LA, MS, NC, SC, TN, VA, WV)"
"491084","Unitech Training Academy-Baton Rouge","2023","Louisiana","Southeast (AL, AR, FL, GA, KY, LA, MS, NC, SC, TN, VA, WV)"
"491136","Empire Beauty School-Tampa","2023","Florida","Southeast (AL, AR, FL, GA, KY, LA, MS, NC, SC, TN, VA, WV)"
"491145","Empire Beauty School-Lakeland","2023","Florida","Southeast (AL, AR, FL, GA, KY, LA, MS, NC, SC, TN, VA, WV)"
"491181","Galen College of Nursing-ARH","2023","Kentucky","Southeast (AL, AR, FL, GA, KY, LA, MS, NC, SC, TN, VA, WV)"
"491190","The Chicago School at San Diego","2023","California","Far West (AK, CA, HI, NV, OR, WA)"
"491215","Commercial Divers International","2023","Arizona","Southwest (AZ, NM, OK, TX)"
"491224","Tricoci University of Beauty Culture-Janesville","2023","Wisconsin","Great Lakes (IL, IN, MI, OH, WI)"
"491233","Unlimited Cosmetology School","2023","Mississippi","Southeast (AL, AR, FL, GA, KY, LA, MS, NC, SC, TN, VA, WV)"
"491242","Johnny Matthew's Hairdressing Training School","2023","Oregon","Far West (AK, CA, HI, NV, OR, WA)"
"491251","The Culinary School of Fort Worth","2023","Texas","Southwest (AZ, NM, OK, TX)"
"491260","Centralia Beauty College","2023","Washington","Far West (AK, CA, HI, NV, OR, WA)"
"491288","University of Wisconsin-Milwaukee Flex","2023","Wisconsin","Great Lakes (IL, IN, MI, OH, WI)"
"491297","University of Wisconsin-Parkside Flex","2023","Wisconsin","Great Lakes (IL, IN, MI, OH, WI)"
"491394","Miller-Motte College-STVT-Arlington","2023","Texas","Southwest (AZ, NM, OK, TX)"
"491446","Bnos Zion Of Bobov Seminary","2023","New York","Mid East (DE, DC, MD, NJ, NY, PA)"
"491464","ABC Adult School","2023","California","Far West (AK, CA, HI, NV, OR, WA)"
"491473","Polytech Adult Education","2023","Delaware","Mid East (DE, DC, MD, NJ, NY, PA)"
"491507","California Institute of Medical Science","2023","California","Far West (AK, CA, HI, NV, OR, WA)"
"491525","Union Bible College","2023","Indiana","Great Lakes (IL, IN, MI, OH, WI)"
"491534","Pets Playground Grooming School","2023","Florida","Southeast (AL, AR, FL, GA, KY, LA, MS, NC, SC, TN, VA, WV)"
"491543","San Bernardino Beauty College","2023","California","Far West (AK, CA, HI, NV, OR, WA)"
"491552","Christina and Company Education Center","2023","Indiana","Great Lakes (IL, IN, MI, OH, WI)"
"491570","Institute of Medical Ultrasound","2023","Georgia","Southeast (AL, AR, FL, GA, KY, LA, MS, NC, SC, TN, VA, WV)"
"491589","Mystros Barber Academy","2023","Texas","Southwest (AZ, NM, OK, TX)"
"491598","European Medical School of Massage","2023","Pennsylvania","Mid East (DE, DC, MD, NJ, NY, PA)"
"491613","Yeshiva Gedolah Tiferes Boruch","2023","New Jersey","Mid East (DE, DC, MD, NJ, NY, PA)"
"491622","Yeshiva Chemdas Hatorah","2023","New Jersey","Mid East (DE, DC, MD, NJ, NY, PA)"
"491631","Women's Institute of Torah Seminary and College","2023","Maryland","Mid East (DE, DC, MD, NJ, NY, PA)"
"491640","Yeshiva Gedolah Keren Hatorah","2023","New Jersey","Mid East (DE, DC, MD, NJ, NY, PA)"
"491659","ICOHS College","2023","California","Far West (AK, CA, HI, NV, OR, WA)"
"491668","Neo-Esthetique European Institute","2023","Puerto Rico","Other U.S. jurisdictions (AS, FM, GU, MH, MP, PR, PW, VI)"
"491677","Lehigh Valley Barber School","2023","Pennsylvania","Mid East (DE, DC, MD, NJ, NY, PA)"
"491686","International Barber College","2023","Arizona","Southwest (AZ, NM, OK, TX)"
"491695","Brown Beauty Barber School","2023","Alabama","Southeast (AL, AR, FL, GA, KY, LA, MS, NC, SC, TN, VA, WV)"
"491701","Rexburg College of Massage Therapy","2023","Idaho","Rocky Mountains (CO, ID, MT, UT, WY)"
"491710","Yeshiva Gedolah of Cliffwood","2023","New Jersey","Mid East (DE, DC, MD, NJ, NY, PA)"
"491729","Goshen School of Cosmetology","2023","Mississippi","Southeast (AL, AR, FL, GA, KY, LA, MS, NC, SC, TN, VA, WV)"
"491738","IBS School of Cosmetology and Massage","2023","Hawaii","Far West (AK, CA, HI, NV, OR, WA)"
"491747","UR Beauty & Barber Academy","2023","Florida","Southeast (AL, AR, FL, GA, KY, LA, MS, NC, SC, TN, VA, WV)"
"491756","Urban Barber College","2023","California","Far West (AK, CA, HI, NV, OR, WA)"
"491765","Yeshivas Emek Hatorah","2023","New Jersey","Mid East (DE, DC, MD, NJ, NY, PA)"
"491774","Transitions Career Institute School of Nursing","2023","New York","Mid East (DE, DC, MD, NJ, NY, PA)"
"491783","Wilton Simpson Technical College","2023","Florida","Southeast (AL, AR, FL, GA, KY, LA, MS, NC, SC, TN, VA, WV)"
"491792","Stacey James Institute","2023","Colorado","Rocky Mountains (CO, ID, MT, UT, WY)"
"491808","Meridian University","2023","California","Far West (AK, CA, HI, NV, OR, WA)"
"491817","Seminary Bnos Chaim","2023","New Jersey","Mid East (DE, DC, MD, NJ, NY, PA)"
"491826","Avenue Academy, A Cosmetology Institute","2023","New Mexico","Southwest (AZ, NM, OK, TX)"
"491835","Salon Professional Academy of San Antonio","2023","Texas","Southwest (AZ, NM, OK, TX)"
"491844","Red Lake Nation College","2023","Minnesota","Plains (IA, KS, MN, MO, NE, ND, SD)"
"491853","Princess Institute of Beauty","2023","California","Far West (AK, CA, HI, NV, OR, WA)"
"491871","Vogue International Academy","2023","Texas","Southwest (AZ, NM, OK, TX)"
"491880","Independent Training & Apprenticeship Program","2023","California","Far West (AK, CA, HI, NV, OR, WA)"
"491899","Victory Career College","2023","California","Far West (AK, CA, HI, NV, OR, WA)"
"491905","Winonah's International School of Cosmetology","2023","Alabama","Southeast (AL, AR, FL, GA, KY, LA, MS, NC, SC, TN, VA, WV)"
"491914","Yeshiva Gedola Tiferes Yerachmiel","2023","New Jersey","Mid East (DE, DC, MD, NJ, NY, PA)"
"491923","Southeastern Esthetics Institute","2023","South Carolina","Southeast (AL, AR, FL, GA, KY, LA, MS, NC, SC, TN, VA, WV)"
"491932","Installer Institute","2023","Florida","Southeast (AL, AR, FL, GA, KY, LA, MS, NC, SC, TN, VA, WV)"
"491941","Caris College","2023","Indiana","Great Lakes (IL, IN, MI, OH, WI)"
"491950","Contra Costa Medical Career College","2023","California","Far West (AK, CA, HI, NV, OR, WA)"
"491978","Another Level Barbering and Cosmetology School","2023","Virginia","Southeast (AL, AR, FL, GA, KY, LA, MS, NC, SC, TN, VA, WV)"
"491996","The Salon Professional Academy-Georgetown","2023","Texas","Southwest (AZ, NM, OK, TX)"
"492005","Elite Academy of Hair Design","2023","Ohio","Great Lakes (IL, IN, MI, OH, WI)"
"492069","Champion Christian College","2023","Arkansas","Southeast (AL, AR, FL, GA, KY, LA, MS, NC, SC, TN, VA, WV)"
"492078","Chicago Professional Center","2023","Illinois","Great Lakes (IL, IN, MI, OH, WI)"
"492087","The Continents States University","2023","Missouri","Plains (IA, KS, MN, MO, NE, ND, SD)"
"492096","D&S School of Cosmetology","2023","Michigan","Great Lakes (IL, IN, MI, OH, WI)"
"492139","DSDT","2023","Michigan","Great Lakes (IL, IN, MI, OH, WI)"
"492209","Reiss-Davis Graduate School","2023","California","Far West (AK, CA, HI, NV, OR, WA)"
"492263","The University of Tennessee System Office","2023","Tennessee","Southeast (AL, AR, FL, GA, KY, LA, MS, NC, SC, TN, VA, WV)"
"492281","GoodFellas Barber College","2023","Arkansas","Southeast (AL, AR, FL, GA, KY, LA, MS, NC, SC, TN, VA, WV)"
"492306","Escondido Adult School","2023","California","Far West (AK, CA, HI, NV, OR, WA)"
"492315","Poway Adult School","2023","California","Far West (AK, CA, HI, NV, OR, WA)"
"492324","Vista Adult School","2023","California","Far West (AK, CA, HI, NV, OR, WA)"
"492360","The Salon Professional Academy-Delray Beach","2023","Florida","Southeast (AL, AR, FL, GA, KY, LA, MS, NC, SC, TN, VA, WV)"
"492421","No Grease Barber School","2023","North Carolina","Southeast (AL, AR, FL, GA, KY, LA, MS, NC, SC, TN, VA, WV)"
"492449","Pima Medical Institute-San Marcos","2023","California","Far West (AK, CA, HI, NV, OR, WA)"
"492476","EDP University of Puerto Rico-Villalba","2023","Puerto Rico","Other U.S. jurisdictions (AS, FM, GU, MH, MP, PR, PW, VI)"
"492607","The Chicago School at Dallas","2023","Texas","Southwest (AZ, NM, OK, TX)"
"492643","American Massage & Bodywork Institute","2023","Virginia","Southeast (AL, AR, FL, GA, KY, LA, MS, NC, SC, TN, VA, WV)"
"492652","KCK Beauty & Barber Academy","2023","Florida","Southeast (AL, AR, FL, GA, KY, LA, MS, NC, SC, TN, VA, WV)"
"492661","California College of Barbering and Cosmetology","2023","California","Far West (AK, CA, HI, NV, OR, WA)"
"492689","Texas Tech University Health Sciences Center-El Paso","2023","Texas","Southwest (AZ, NM, OK, TX)"
"492704","Ponce Health Sciences University-Centro Universitario de San Juan","2023","Puerto Rico","Other U.S. jurisdictions (AS, FM, GU, MH, MP, PR, PW, VI)"
"492722","The College of Health Care Professions-South San Antonio","2023","Texas","Southwest (AZ, NM, OK, TX)"
"492731","Innovate Salon Academy","2023","New Jersey","Mid East (DE, DC, MD, NJ, NY, PA)"
"492759","Chamberlain University-Louisiana","2023","Louisiana","Southeast (AL, AR, FL, GA, KY, LA, MS, NC, SC, TN, VA, WV)"
"492801","Drury University-College of Continuing Professional Studies","2023","Missouri","Plains (IA, KS, MN, MO, NE, ND, SD)"
"492935","Global Medical & Technical Training Institute","2023","Florida","Southeast (AL, AR, FL, GA, KY, LA, MS, NC, SC, TN, VA, WV)"
"492953","Salon Success Academy-West Covina","2023","California","Far West (AK, CA, HI, NV, OR, WA)"
"492962","Indiana Institute of Technology-College of Professional Studies","2023","Indiana","Great Lakes (IL, IN, MI, OH, WI)"
"493071","Advantage Technical College","2023","Puerto Rico","Other U.S. jurisdictions (AS, FM, GU, MH, MP, PR, PW, VI)"
"493080","Institute of Culinary Education","2023","California","Far West (AK, CA, HI, NV, OR, WA)"
"493132","Universal Technical Institute-Bloomfield","2023","New Jersey","Mid East (DE, DC, MD, NJ, NY, PA)"
"493150","Gould's Academy","2023","Tennessee","Southeast (AL, AR, FL, GA, KY, LA, MS, NC, SC, TN, VA, WV)"
"493363","Institute of Lutheran Theology","2023","South Dakota","Plains (IA, KS, MN, MO, NE, ND, SD)"
"493372","Urban Academy of Beauty","2023","New Mexico","Southwest (AZ, NM, OK, TX)"
"493451","WellSpring School of Allied Health-Springfield","2023","Missouri","Plains (IA, KS, MN, MO, NE, ND, SD)"
"493479","Medical Career College of Northern California","2023","California","Far West (AK, CA, HI, NV, OR, WA)"
"493488","Premiere International College","2023","Florida","Southeast (AL, AR, FL, GA, KY, LA, MS, NC, SC, TN, VA, WV)"
"493512","San Diego Global Knowledge University","2023","California","Far West (AK, CA, HI, NV, OR, WA)"
"493521","Global Tech College","2023","Ohio","Great Lakes (IL, IN, MI, OH, WI)"
"493530","Crown Cutz Academy Bristol","2023","Virginia","Southeast (AL, AR, FL, GA, KY, LA, MS, NC, SC, TN, VA, WV)"
"493549","MCI","2023","Texas","Southwest (AZ, NM, OK, TX)"
"493558","Central Pennsylvania Diesel Institute","2023","Pennsylvania","Mid East (DE, DC, MD, NJ, NY, PA)"
"493567","Bellasa Professional Institute","2023","Florida","Southeast (AL, AR, FL, GA, KY, LA, MS, NC, SC, TN, VA, WV)"
"493576","PMCA Pittsburgh Multicultural Cosmetology Academy","2023","Pennsylvania","Mid East (DE, DC, MD, NJ, NY, PA)"
"493585","Health and Technology Training Institute","2023","Pennsylvania","Mid East (DE, DC, MD, NJ, NY, PA)"
"493594","Yeshiva of Ocean","2023","New York","Mid East (DE, DC, MD, NJ, NY, PA)"
"493600","Congregation Talmidei Mesivta Tiferes Shmiel Aleksander","2023","New York","Mid East (DE, DC, MD, NJ, NY, PA)"
"493619","Young Americans College of the Performing Arts","2023","California","Far West (AK, CA, HI, NV, OR, WA)"
"493628","Pro Beauty Academy","2023","New Jersey","Mid East (DE, DC, MD, NJ, NY, PA)"
"493637","South Eastern Beauty Academy","2023","Kentucky","Southeast (AL, AR, FL, GA, KY, LA, MS, NC, SC, TN, VA, WV)"
"493646","Ohel Margulia Seminary","2023","New York","Mid East (DE, DC, MD, NJ, NY, PA)"
"493655","Montana Barber Institute","2023","Texas","Southwest (AZ, NM, OK, TX)"
"493664","Yeshivat Hechal Shemuel","2023","New York","Mid East (DE, DC, MD, NJ, NY, PA)"
"493673","Professional University Dr. Carlos J. Borrero Rios","2023","Puerto Rico","Other U.S. jurisdictions (AS, FM, GU, MH, MP, PR, PW, VI)"
"493682","American Institute of Healthcare & Technology","2023","Connecticut","New England (CT, ME, MA, NH, RI, VT)"
"493691","Premier Academy of Cosmetology","2023","Oklahoma","Southwest (AZ, NM, OK, TX)"
"493707","Yeshiva Gedolah of Woodlake Village","2023","New Jersey","Mid East (DE, DC, MD, NJ, NY, PA)"
"493716","Yeshiva Gedola Tiferes Yaakov Yitzchok","2023","New Jersey","Mid East (DE, DC, MD, NJ, NY, PA)"
"493743","Houston Barber School","2023","Texas","Southwest (AZ, NM, OK, TX)"
"493752","Health-Tech Institute of Memphis","2023","Tennessee","Southeast (AL, AR, FL, GA, KY, LA, MS, NC, SC, TN, VA, WV)"
"493761","MIXED Institute of Cosmetology & Barber","2023","California","Far West (AK, CA, HI, NV, OR, WA)"
"493770","Vski Cosmetology School","2023","South Carolina","Southeast (AL, AR, FL, GA, KY, LA, MS, NC, SC, TN, VA, WV)"
"493798","New York Seminary","2023","New York","Mid East (DE, DC, MD, NJ, NY, PA)"
"493804","Deluxe Barber College","2023","Texas","Southwest (AZ, NM, OK, TX)"
"493813","Falcon Institute of Health and Science","2023","Pennsylvania","Mid East (DE, DC, MD, NJ, NY, PA)"
"493822","College Unbound","2023","Rhode Island","New England (CT, ME, MA, NH, RI, VT)"
"493831","Midwest Barber College","2023","Kansas","Plains (IA, KS, MN, MO, NE, ND, SD)"
"493868","A Better U Beauty Barber Academy","2023","New Mexico","Southwest (AZ, NM, OK, TX)"
"493895","SANS Technology Institute","2023","Maryland","Mid East (DE, DC, MD, NJ, NY, PA)"
"493947","Idaho College of Osteopathic Medicine","2023","Idaho","Rocky Mountains (CO, ID, MT, UT, WY)"
"493992","Southern Careers Institute-Waco","2023","Texas","Southwest (AZ, NM, OK, TX)"
"494001","Elevate Salon Institute","2023","North Carolina","Southeast (AL, AR, FL, GA, KY, LA, MS, NC, SC, TN, VA, WV)"
"494010","Ponce Health Sciences University-St Louis","2023","Missouri","Plains (IA, KS, MN, MO, NE, ND, SD)"
"494029","Lil Lou's Beauty and Barber College-Hammond","2023","Indiana","Great Lakes (IL, IN, MI, OH, WI)"
"494162","Arizona College of Nursing-Dallas","2023","Texas","Southwest (AZ, NM, OK, TX)"
"494232","The Salon Professional Academy-Washington DC","2023","District of Columbia","Mid East (DE, DC, MD, NJ, NY, PA)"
"494250","Valley College-Cleveland","2023","Ohio","Great Lakes (IL, IN, MI, OH, WI)"
"494278","EDP University of Puerto Rico-Humacao","2023","Puerto Rico","Other U.S. jurisdictions (AS, FM, GU, MH, MP, PR, PW, VI)"
"494287","EDP University of Puerto Rico-Manati","2023","Puerto Rico","Other U.S. jurisdictions (AS, FM, GU, MH, MP, PR, PW, VI)"
"494357","UEI College-Sacramento","2023","California","Far West (AK, CA, HI, NV, OR, WA)"
"494436","Fortis Institute-Cookeville","2023","Tennessee","Southeast (AL, AR, FL, GA, KY, LA, MS, NC, SC, TN, VA, WV)"
"494463","Derech Hachaim Seminary","2023","New York","Mid East (DE, DC, MD, NJ, NY, PA)"
"494472","Evvaylois Academy School of Beauty","2023","Texas","Southwest (AZ, NM, OK, TX)"
"494524","Avenue Five Institute-South Austin Campus","2023","Texas","Southwest (AZ, NM, OK, TX)"
"494551","Glasgow Caledonian New York College","2023","New York","Mid East (DE, DC, MD, NJ, NY, PA)"
"494588","Pima Medical Institute-San Antonio","2023","Texas","Southwest (AZ, NM, OK, TX)"
"494597","Faith Theological Seminary and Christian College","2023","Florida","Southeast (AL, AR, FL, GA, KY, LA, MS, NC, SC, TN, VA, WV)"
"494603","The Southwestern Baptist Theological Seminary","2023","Texas","Southwest (AZ, NM, OK, TX)"
"494621","Lotus Professional College","2023","Virginia","Southeast (AL, AR, FL, GA, KY, LA, MS, NC, SC, TN, VA, WV)"
"494630","Christ Mission College","2023","Texas","Southwest (AZ, NM, OK, TX)"
"494649","Esteem Academy of Beauty","2023","Utah","Rocky Mountains (CO, ID, MT, UT, WY)"
"494658","KC Beauty Academy","2023","California","Far West (AK, CA, HI, NV, OR, WA)"
"494685","Urshan College","2023","Missouri","Plains (IA, KS, MN, MO, NE, ND, SD)"
"494694","Texas Healthtech Institute","2023","Texas","Southwest (AZ, NM, OK, TX)"
"494700","Xtylo Beauty College","2023","Arizona","Southwest (AZ, NM, OK, TX)"
"494719","Tonsorial Arts Barber College","2023","Texas","Southwest (AZ, NM, OK, TX)"
"494728","Michael's Barber & Hair Stylist Academy","2023","Texas","Southwest (AZ, NM, OK, TX)"
"494737","Yeshiva Yesoda Hatorah Vetz Chaim","2023","New York","Mid East (DE, DC, MD, NJ, NY, PA)"
"494746","North-West College-San Diego","2023","California","Far West (AK, CA, HI, NV, OR, WA)"
"494755","West Virginia Junior College-United Career Institute","2023","Pennsylvania","Mid East (DE, DC, MD, NJ, NY, PA)"
"494764","Aviation Institute of Maintenance-Charlotte","2023","North Carolina","Southeast (AL, AR, FL, GA, KY, LA, MS, NC, SC, TN, VA, WV)"
"494807","Ponce Health Sciences University-East","2023","Puerto Rico","Other U.S. jurisdictions (AS, FM, GU, MH, MP, PR, PW, VI)"
"494843","Fortis College-Landover","2023","Maryland","Mid East (DE, DC, MD, NJ, NY, PA)"
"494852","Stautzenberger College-Rockford Career College","2023","Illinois","Great Lakes (IL, IN, MI, OH, WI)"
"494898","WellSpring School of Allied Health-Wichita","2023","Kansas","Plains (IA, KS, MN, MO, NE, ND, SD)"
"494904","Access Careers-Islandia","2023","New York","Mid East (DE, DC, MD, NJ, NY, PA)"
"494959","Northern Pennsylvania Regional College","2023","Pennsylvania","Mid East (DE, DC, MD, NJ, NY, PA)"
"494986","Apex College of Veterinary Technology","2023","Colorado","Rocky Mountains (CO, ID, MT, UT, WY)"
"494995","Meryma'at Barber College","2023","Ohio","Great Lakes (IL, IN, MI, OH, WI)"
"495013","Western Maricopa Education Center","2023","Arizona","Southwest (AZ, NM, OK, TX)"
"495031","Bais Medrash of Dexter Park","2023","New York","Mid East (DE, DC, MD, NJ, NY, PA)"
"495040","Makana Esthetics Wellness Academy","2023","Hawaii","Far West (AK, CA, HI, NV, OR, WA)"
"495059","Oak Valley College","2023","California","Far West (AK, CA, HI, NV, OR, WA)"
"495077","Paul Mitchell the School-San Jose","2023","California","Far West (AK, CA, HI, NV, OR, WA)"
"495101","Zion Massage College","2023","Utah","Rocky Mountains (CO, ID, MT, UT, WY)"
"495110","Great Lakes Boat Building School","2023","Michigan","Great Lakes (IL, IN, MI, OH, WI)"
"495129","Austin Career Institute","2023","Texas","Southwest (AZ, NM, OK, TX)"
"495138","Professional Culinary Academy","2023","New York","Mid East (DE, DC, MD, NJ, NY, PA)"
"495147","Pacific Northwest Christian College","2023","Washington","Far West (AK, CA, HI, NV, OR, WA)"
"495165","Royal Learning Institute","2023","New York","Mid East (DE, DC, MD, NJ, NY, PA)"
"495174","Hollywood Cultural College","2023","California","Far West (AK, CA, HI, NV, OR, WA)"
"495183","Mariano Moreno Culinary Institute","2023","Florida","Southeast (AL, AR, FL, GA, KY, LA, MS, NC, SC, TN, VA, WV)"
"495192","Alder Graduate School of Education","2023","California","Far West (AK, CA, HI, NV, OR, WA)"
"495208","Webb's Barber School of Arts","2023","Georgia","Southeast (AL, AR, FL, GA, KY, LA, MS, NC, SC, TN, VA, WV)"
"495217","Adrian H. Wallace Barber Academy","2023","Florida","Southeast (AL, AR, FL, GA, KY, LA, MS, NC, SC, TN, VA, WV)"
"495226","St. Louis Med Tech","2023","Missouri","Plains (IA, KS, MN, MO, NE, ND, SD)"
"495235","Total Beauty Institute","2023","Florida","Southeast (AL, AR, FL, GA, KY, LA, MS, NC, SC, TN, VA, WV)"
"495244","Pearlands Innovative School of Beauty","2023","Texas","Southwest (AZ, NM, OK, TX)"
"495253","Durant Institute of Hair Design","2023","Oklahoma","Southwest (AZ, NM, OK, TX)"
"495262","Premiere Aesthetics Institute","2023","Oregon","Far West (AK, CA, HI, NV, OR, WA)"
"495271","California Indian Nations College","2023","California","Far West (AK, CA, HI, NV, OR, WA)"
"495280","Indian Bible College","2023","Arizona","Southwest (AZ, NM, OK, TX)"
"495299","Florida Professional Institute","2023","Florida","Southeast (AL, AR, FL, GA, KY, LA, MS, NC, SC, TN, VA, WV)"
"495305","The Professional Cosmetology Academy","2023","Texas","Southwest (AZ, NM, OK, TX)"
"495314","Hackensack Meridian School of Medicine","2023","New Jersey","Mid East (DE, DC, MD, NJ, NY, PA)"
"495341","Taylor Andrews Academy of Hair Design-Hair Lab Detroit Barber School","2023","Michigan","Great Lakes (IL, IN, MI, OH, WI)"
"495350","Paul Mitchell the School-North Tahoe","2023","California","Far West (AK, CA, HI, NV, OR, WA)"
"495369","Paul Mitchell the School-Fort Lauderdale","2023","Florida","Southeast (AL, AR, FL, GA, KY, LA, MS, NC, SC, TN, VA, WV)"
"495378","PCI Academy-Iowa City","2023","Iowa","Plains (IA, KS, MN, MO, NE, ND, SD)"
"495387","Larry's Barber College","2023","Illinois","Great Lakes (IL, IN, MI, OH, WI)"
"495396","Royal Learning Institute","2023","New York","Mid East (DE, DC, MD, NJ, NY, PA)"
"495411","Paul Mitchell the School-Provo","2023","Utah","Rocky Mountains (CO, ID, MT, UT, WY)"
"495420","Arizona College of Nursing-Tampa","2023","Florida","Southeast (AL, AR, FL, GA, KY, LA, MS, NC, SC, TN, VA, WV)"
"495439","Arizona College of Nursing-Fort Lauderdale","2023","Florida","Southeast (AL, AR, FL, GA, KY, LA, MS, NC, SC, TN, VA, WV)"
"495448","Arizona College of Nursing-Tucson","2023","Arizona","Southwest (AZ, NM, OK, TX)"
"495457","Arizona College of Nursing-Phoenix","2023","Arizona","Southwest (AZ, NM, OK, TX)"
"495518","Empire Beauty School-Newport News","2023","Virginia","Southeast (AL, AR, FL, GA, KY, LA, MS, NC, SC, TN, VA, WV)"
"495730","Tricoci University of Beauty Culture-Normal","2023","Illinois","Great Lakes (IL, IN, MI, OH, WI)"
"495776","Elite Welding Academy","2023","Texas","Southwest (AZ, NM, OK, TX)"
"495794","Paul Mitchell the School-Murfreesboro-Nashville","2023","Tennessee","Southeast (AL, AR, FL, GA, KY, LA, MS, NC, SC, TN, VA, WV)"
"495837","Dorsey College-Woodhaven","2023","Michigan","Great Lakes (IL, IN, MI, OH, WI)"
"495916","Pathways College","2023","Arizona","Southwest (AZ, NM, OK, TX)"
"495925","San Joaquin Valley College-Madera","2023","California","Far West (AK, CA, HI, NV, OR, WA)"
"495934","San Joaquin Valley College-Delano","2023","California","Far West (AK, CA, HI, NV, OR, WA)"
"495943","San Joaquin Valley College-Atascadero","2023","California","Far West (AK, CA, HI, NV, OR, WA)"
"495952","San Joaquin Valley College-Rancho Mirage","2023","California","Far West (AK, CA, HI, NV, OR, WA)"
"495961","San Joaquin Valley College-Santa Maria","2023","California","Far West (AK, CA, HI, NV, OR, WA)"
"495970","Advantage Technical College-Aguadilla","2023","Puerto Rico","Other U.S. jurisdictions (AS, FM, GU, MH, MP, PR, PW, VI)"
"495998","San Joaquin Valley College-Porterville","2023","California","Far West (AK, CA, HI, NV, OR, WA)"
"496043","California University of Science and Medicine","2023","California","Far West (AK, CA, HI, NV, OR, WA)"
"496052","Ruben's Five Star Academy","2023","Florida","Southeast (AL, AR, FL, GA, KY, LA, MS, NC, SC, TN, VA, WV)"
"496061","Mason Anthony School of Cosmetology Arts & Sciences","2023","Ohio","Great Lakes (IL, IN, MI, OH, WI)"
"496186","California Institute of Arts & Technology-National City","2023","California","Far West (AK, CA, HI, NV, OR, WA)"
"496265","Triangle Tech-Chambersburg","2023","Pennsylvania","Mid East (DE, DC, MD, NJ, NY, PA)"
"496283","Provo College-Idaho Falls Campus","2023","Idaho","Rocky Mountains (CO, ID, MT, UT, WY)"
"496326","Eagle Gate College-Boise Campus","2023","Idaho","Rocky Mountains (CO, ID, MT, UT, WY)"
"496371","Elite Welding Academy South Point","2023","Ohio","Great Lakes (IL, IN, MI, OH, WI)"
